ticker,filing_type,filing_date,accession_number,url,summary
AAPL,8-K,2020-01-28,0000320193-20-000008,https://www.sec.gov/Archives/edgar/data/320193/000032019320000008/a8-kq1202012282019.htm,AAPL 8-K filed on 2020-01-28
AAPL,10-Q,2020-01-29,0000320193-20-000010,https://www.sec.gov/Archives/edgar/data/320193/000032019320000010/a10-qq1202012282019.htm,AAPL 10-Q filed on 2020-01-29
AAPL,8-K,2020-02-18,0001193125-20-039203,https://www.sec.gov/Archives/edgar/data/320193/000119312520039203/d845033d8k.htm,AAPL 8-K filed on 2020-02-18
AAPL,8-K,2020-02-27,0001193125-20-050884,https://www.sec.gov/Archives/edgar/data/320193/000119312520050884/d865740d8k.htm,AAPL 8-K filed on 2020-02-27
AAPL,8-K,2020-04-30,0000320193-20-000050,https://www.sec.gov/Archives/edgar/data/320193/000032019320000050/a8-kq220203282020.htm,AAPL 8-K filed on 2020-04-30
AAPL,10-Q,2020-05-01,0000320193-20-000052,https://www.sec.gov/Archives/edgar/data/320193/000032019320000052/a10-qq220203282020.htm,AAPL 10-Q filed on 2020-05-01
AAPL,8-K,2020-05-11,0001193125-20-139112,https://www.sec.gov/Archives/edgar/data/320193/000119312520139112/d926511d8k.htm,AAPL 8-K filed on 2020-05-11
AAPL,8-K,2020-07-30,0000320193-20-000060,https://www.sec.gov/Archives/edgar/data/320193/000032019320000060/aapl-20200730.htm,AAPL 8-K filed on 2020-07-30
AAPL,10-Q,2020-07-31,0000320193-20-000062,https://www.sec.gov/Archives/edgar/data/320193/000032019320000062/aapl-20200627.htm,AAPL 10-Q filed on 2020-07-31
AAPL,8-K,2020-08-07,0001193125-20-213158,https://www.sec.gov/Archives/edgar/data/320193/000119312520213158/d49399d8k.htm,AAPL 8-K filed on 2020-08-07
AAPL,8-K,2020-08-20,0001193125-20-225672,https://www.sec.gov/Archives/edgar/data/320193/000119312520225672/d937363d8k.htm,AAPL 8-K filed on 2020-08-20
AAPL,8-K,2020-10-29,0000320193-20-000094,https://www.sec.gov/Archives/edgar/data/320193/000032019320000094/aapl-20201029.htm,AAPL 8-K filed on 2020-10-29
AAPL,10-K,2020-10-30,0000320193-20-000096,https://www.sec.gov/Archives/edgar/data/320193/000032019320000096/aapl-20200926.htm,AAPL 10-K filed on 2020-10-30
AAPL,8-K,2021-01-05,0001193125-21-001982,https://www.sec.gov/Archives/edgar/data/320193/000119312521001982/d29637d8k.htm,AAPL 8-K filed on 2021-01-05
AAPL,8-K,2021-01-27,0000320193-21-000009,https://www.sec.gov/Archives/edgar/data/320193/000032019321000009/aapl-20210127.htm,AAPL 8-K filed on 2021-01-27
AAPL,10-Q,2021-01-28,0000320193-21-000010,https://www.sec.gov/Archives/edgar/data/320193/000032019321000010/aapl-20201226.htm,AAPL 10-Q filed on 2021-01-28
AAPL,8-K,2021-02-08,0001193125-21-032394,https://www.sec.gov/Archives/edgar/data/320193/000119312521032394/d70217d8k.htm,AAPL 8-K filed on 2021-02-08
AAPL,8-K,2021-02-24,0001193125-21-054710,https://www.sec.gov/Archives/edgar/data/320193/000119312521054710/d101693d8k.htm,AAPL 8-K filed on 2021-02-24
AAPL,8-K,2021-04-28,0000320193-21-000055,https://www.sec.gov/Archives/edgar/data/320193/000032019321000055/aapl-20210428.htm,AAPL 8-K filed on 2021-04-28
AAPL,10-Q,2021-04-29,0000320193-21-000056,https://www.sec.gov/Archives/edgar/data/320193/000032019321000056/aapl-20210327.htm,AAPL 10-Q filed on 2021-04-29
AAPL,8-K,2021-07-27,0000320193-21-000063,https://www.sec.gov/Archives/edgar/data/320193/000032019321000063/aapl-20210727.htm,AAPL 8-K filed on 2021-07-27
AAPL,10-Q,2021-07-28,0000320193-21-000065,https://www.sec.gov/Archives/edgar/data/320193/000032019321000065/aapl-20210626.htm,AAPL 10-Q filed on 2021-07-28
AAPL,8-K,2021-08-05,0001193125-21-237787,https://www.sec.gov/Archives/edgar/data/320193/000119312521237787/d199884d8k.htm,AAPL 8-K filed on 2021-08-05
AAPL,8-K,2021-10-28,0000320193-21-000104,https://www.sec.gov/Archives/edgar/data/320193/000032019321000104/aapl-20211028.htm,AAPL 8-K filed on 2021-10-28
AAPL,10-K,2021-10-29,0000320193-21-000105,https://www.sec.gov/Archives/edgar/data/320193/000032019321000105/aapl-20210925.htm,AAPL 10-K filed on 2021-10-29
AAPL,8-K,2021-11-12,0001193125-21-328151,https://www.sec.gov/Archives/edgar/data/320193/000119312521328151/d259993d8k.htm,AAPL 8-K filed on 2021-11-12
AAPL,8-K,2022-01-27,0000320193-22-000006,https://www.sec.gov/Archives/edgar/data/320193/000032019322000006/aapl-20220127.htm,AAPL 8-K filed on 2022-01-27
AAPL,10-Q,2022-01-28,0000320193-22-000007,https://www.sec.gov/Archives/edgar/data/320193/000032019322000007/aapl-20211225.htm,AAPL 10-Q filed on 2022-01-28
AAPL,8-K,2022-03-04,0001193125-22-066169,https://www.sec.gov/Archives/edgar/data/320193/000119312522066169/d294699d8k.htm,AAPL 8-K filed on 2022-03-04
AAPL,8-K,2022-04-28,0000320193-22-000058,https://www.sec.gov/Archives/edgar/data/320193/000032019322000058/aapl-20220428.htm,AAPL 8-K filed on 2022-04-28
AAPL,10-Q,2022-04-29,0000320193-22-000059,https://www.sec.gov/Archives/edgar/data/320193/000032019322000059/aapl-20220326.htm,AAPL 10-Q filed on 2022-04-29
AAPL,8-K,2022-07-28,0000320193-22-000069,https://www.sec.gov/Archives/edgar/data/320193/000032019322000069/aapl-20220728.htm,AAPL 8-K filed on 2022-07-28
AAPL,10-Q,2022-07-29,0000320193-22-000070,https://www.sec.gov/Archives/edgar/data/320193/000032019322000070/aapl-20220625.htm,AAPL 10-Q filed on 2022-07-29
AAPL,8-K,2022-08-08,0001193125-22-214914,https://www.sec.gov/Archives/edgar/data/320193/000119312522214914/d297151d8k.htm,AAPL 8-K filed on 2022-08-08
AAPL,8-K,2022-08-19,0001193125-22-225365,https://www.sec.gov/Archives/edgar/data/320193/000119312522225365/d366128d8k.htm,AAPL 8-K filed on 2022-08-19
AAPL,8-K,2022-10-27,0000320193-22-000107,https://www.sec.gov/Archives/edgar/data/320193/000032019322000107/aapl-20221027.htm,AAPL 8-K filed on 2022-10-27
AAPL,10-K,2022-10-28,0000320193-22-000108,https://www.sec.gov/Archives/edgar/data/320193/000032019322000108/aapl-20220924.htm,AAPL 10-K filed on 2022-10-28
AAPL,8-K,2022-11-07,0001193125-22-278435,https://www.sec.gov/Archives/edgar/data/320193/000119312522278435/d400465d8k.htm,AAPL 8-K filed on 2022-11-07
AAPL,8-K,2023-02-02,0000320193-23-000005,https://www.sec.gov/Archives/edgar/data/320193/000032019323000005/aapl-20230202.htm,AAPL 8-K filed on 2023-02-02
AAPL,10-Q,2023-02-03,0000320193-23-000006,https://www.sec.gov/Archives/edgar/data/320193/000032019323000006/aapl-20221231.htm,AAPL 10-Q filed on 2023-02-03
AAPL,8-K,2023-03-10,0001140361-23-011192,https://www.sec.gov/Archives/edgar/data/320193/000114036123011192/brhc10049413_8k.htm,AAPL 8-K filed on 2023-03-10
AAPL,8-K,2023-05-04,0000320193-23-000063,https://www.sec.gov/Archives/edgar/data/320193/000032019323000063/aapl-20230504.htm,AAPL 8-K filed on 2023-05-04
AAPL,10-Q,2023-05-05,0000320193-23-000064,https://www.sec.gov/Archives/edgar/data/320193/000032019323000064/aapl-20230401.htm,AAPL 10-Q filed on 2023-05-05
AAPL,8-K,2023-05-10,0001140361-23-023909,https://www.sec.gov/Archives/edgar/data/320193/000114036123023909/ny20007635x4_8k.htm,AAPL 8-K filed on 2023-05-10
AAPL,8-K,2023-08-03,0000320193-23-000075,https://www.sec.gov/Archives/edgar/data/320193/000032019323000075/aapl-20230803.htm,AAPL 8-K filed on 2023-08-03
AAPL,10-Q,2023-08-04,0000320193-23-000077,https://www.sec.gov/Archives/edgar/data/320193/000032019323000077/aapl-20230701.htm,AAPL 10-Q filed on 2023-08-04
AAPL,8-K,2023-11-02,0000320193-23-000104,https://www.sec.gov/Archives/edgar/data/320193/000032019323000104/aapl-20231102.htm,AAPL 8-K filed on 2023-11-02
AAPL,10-K,2023-11-03,0000320193-23-000106,https://www.sec.gov/Archives/edgar/data/320193/000032019323000106/aapl-20230930.htm,AAPL 10-K filed on 2023-11-03
AAPL,8-K,2024-02-01,0000320193-24-000005,https://www.sec.gov/Archives/edgar/data/320193/000032019324000005/aapl-20240201.htm,AAPL 8-K filed on 2024-02-01
AAPL,10-Q,2024-02-02,0000320193-24-000006,https://www.sec.gov/Archives/edgar/data/320193/000032019324000006/aapl-20231230.htm,AAPL 10-Q filed on 2024-02-02
AAPL,8-K,2024-02-28,0001140361-24-010155,https://www.sec.gov/Archives/edgar/data/320193/000114036124010155/ny20022580x1_8k.htm,AAPL 8-K filed on 2024-02-28
AAPL,8-K,2024-05-02,0000320193-24-000067,https://www.sec.gov/Archives/edgar/data/320193/000032019324000067/aapl-20240502.htm,AAPL 8-K filed on 2024-05-02
AAPL,10-Q,2024-05-03,0000320193-24-000069,https://www.sec.gov/Archives/edgar/data/320193/000032019324000069/aapl-20240330.htm,AAPL 10-Q filed on 2024-05-03
AAPL,8-K,2024-05-03,0001140361-24-024352,https://www.sec.gov/Archives/edgar/data/320193/000114036124024352/ef20028273_8k.htm,AAPL 8-K filed on 2024-05-03
AAPL,8-K,2024-08-01,0000320193-24-000080,https://www.sec.gov/Archives/edgar/data/320193/000032019324000080/aapl-20240801.htm,AAPL 8-K filed on 2024-08-01
AAPL,10-Q,2024-08-02,0000320193-24-000081,https://www.sec.gov/Archives/edgar/data/320193/000032019324000081/aapl-20240629.htm,AAPL 10-Q filed on 2024-08-02
AAPL,8-K,2024-08-23,0001140361-24-038403,https://www.sec.gov/Archives/edgar/data/320193/000114036124038403/ny20033611x2_8k.htm,AAPL 8-K filed on 2024-08-23
AAPL,8-K,2024-08-26,0001140361-24-038601,https://www.sec.gov/Archives/edgar/data/320193/000114036124038601/ny20033611x3_8k.htm,AAPL 8-K filed on 2024-08-26
AAPL,8-K,2024-09-10,0001140361-24-040659,https://www.sec.gov/Archives/edgar/data/320193/000114036124040659/ef20035718_8k.htm,AAPL 8-K filed on 2024-09-10
AAPL,8-K,2024-10-31,0000320193-24-000120,https://www.sec.gov/Archives/edgar/data/320193/000032019324000120/aapl-20241031.htm,AAPL 8-K filed on 2024-10-31
AAPL,10-K,2024-11-01,0000320193-24-000123,https://www.sec.gov/Archives/edgar/data/320193/000032019324000123/aapl-20240928.htm,AAPL 10-K filed on 2024-11-01
AAPL,8-K,2025-01-03,0001140361-25-000228,https://www.sec.gov/Archives/edgar/data/320193/000114036125000228/ef20040370_8k.htm,AAPL 8-K filed on 2025-01-03
AAPL,8-K,2025-01-30,0000320193-25-000007,https://www.sec.gov/Archives/edgar/data/320193/000032019325000007/aapl-20250130.htm,AAPL 8-K filed on 2025-01-30
AAPL,10-Q,2025-01-31,0000320193-25-000008,https://www.sec.gov/Archives/edgar/data/320193/000032019325000008/aapl-20241228.htm,AAPL 10-Q filed on 2025-01-31
AAPL,8-K,2025-02-25,0001140361-25-005876,https://www.sec.gov/Archives/edgar/data/320193/000114036125005876/ef20044022_8k.htm,AAPL 8-K filed on 2025-02-25
AAPL,8-K,2025-05-01,0000320193-25-000055,https://www.sec.gov/Archives/edgar/data/320193/000032019325000055/aapl-20250501.htm,AAPL 8-K filed on 2025-05-01
AAPL,10-Q,2025-05-02,0000320193-25-000057,https://www.sec.gov/Archives/edgar/data/320193/000032019325000057/aapl-20250329.htm,AAPL 10-Q filed on 2025-05-02
AAPL,8-K,2025-05-12,0001140361-25-018400,https://www.sec.gov/Archives/edgar/data/320193/000114036125018400/ef20048691_8k.htm,AAPL 8-K filed on 2025-05-12
AMD,8-K,2020-01-28,0000002488-20-000006,https://www.sec.gov/Archives/edgar/data/2488/000000248820000006/a20200128q419earnings8.htm,AMD 8-K filed on 2020-01-28
AMD,10-K,2020-02-04,0000002488-20-000008,https://www.sec.gov/Archives/edgar/data/2488/000000248820000008/amdform10-kfy2019.htm,AMD 10-K filed on 2020-02-04
AMD,8-K,2020-02-18,0000002488-20-000019,https://www.sec.gov/Archives/edgar/data/2488/000000248820000019/amd8k-kneoeip2x11x2020.htm,AMD 8-K filed on 2020-02-18
AMD,8-K,2020-03-12,0000002488-20-000034,https://www.sec.gov/Archives/edgar/data/2488/000000248820000034/a8kamendmenttobylaws36.htm,AMD 8-K filed on 2020-03-12
AMD,8-K,2020-04-28,0000002488-20-000048,https://www.sec.gov/Archives/edgar/data/2488/000000248820000048/a2020q1earnings8-k.htm,AMD 8-K filed on 2020-04-28
AMD,10-Q,2020-04-29,0000002488-20-000051,https://www.sec.gov/Archives/edgar/data/2488/000000248820000051/amdq1fy2010q.htm,AMD 10-Q filed on 2020-04-29
AMD,8-K,2020-05-12,0000002488-20-000068,https://www.sec.gov/Archives/edgar/data/2488/000000248820000068/a8-kxannualmeeting2020.htm,AMD 8-K filed on 2020-05-12
AMD,8-K,2020-07-28,0000002488-20-000101,https://www.sec.gov/Archives/edgar/data/2488/000000248820000101/amd-20200728.htm,AMD 8-K filed on 2020-07-28
AMD,10-Q,2020-07-29,0000002488-20-000103,https://www.sec.gov/Archives/edgar/data/2488/000000248820000103/amd-20200627.htm,AMD 10-Q filed on 2020-07-29
AMD,8-K,2020-08-11,0000002488-20-000110,https://www.sec.gov/Archives/edgar/data/2488/000000248820000110/amd-20200806.htm,AMD 8-K filed on 2020-08-11
AMD,8-K,2020-10-27,0001193125-20-278572,https://www.sec.gov/Archives/edgar/data/2488/000119312520278572/d40046d8k.htm,AMD 8-K filed on 2020-10-27
AMD,8-K,2020-10-27,0001193125-20-277468,https://www.sec.gov/Archives/edgar/data/2488/000119312520277468/d67182d8k.htm,AMD 8-K filed on 2020-10-27
AMD,8-K,2020-10-27,0000002488-20-000161,https://www.sec.gov/Archives/edgar/data/2488/000000248820000161/amd-20201027.htm,AMD 8-K filed on 2020-10-27
AMD,10-Q,2020-10-28,0000002488-20-000164,https://www.sec.gov/Archives/edgar/data/2488/000000248820000164/amd-20200926.htm,AMD 10-Q filed on 2020-10-28
AMD,8-K,2021-01-06,0000002488-21-000002,https://www.sec.gov/Archives/edgar/data/2488/000000248821000002/amd-20201231.htm,AMD 8-K filed on 2021-01-06
AMD,8-K,2021-01-12,0000002488-21-000005,https://www.sec.gov/Archives/edgar/data/2488/000000248821000005/amd-20210111.htm,AMD 8-K filed on 2021-01-12
AMD,8-K,2021-01-26,0000002488-21-000009,https://www.sec.gov/Archives/edgar/data/2488/000000248821000009/amd-20210126.htm,AMD 8-K filed on 2021-01-26
AMD,10-K,2021-01-29,0001628280-21-001185,https://www.sec.gov/Archives/edgar/data/2488/000162828021001185/amd-20201226.htm,AMD 10-K filed on 2021-01-29
AMD,8-K,2021-02-22,0000002488-21-000033,https://www.sec.gov/Archives/edgar/data/2488/000000248821000033/amd-20210216.htm,AMD 8-K filed on 2021-02-22
AMD,8-K,2021-03-08,0001193125-21-073262,https://www.sec.gov/Archives/edgar/data/2488/000119312521073262/d89766d8k.htm,AMD 8-K filed on 2021-03-08
AMD,8-K,2021-04-08,0000002488-21-000046,https://www.sec.gov/Archives/edgar/data/2488/000000248821000046/amd-20210407.htm,AMD 8-K filed on 2021-04-08
AMD,8-K,2021-04-27,0000002488-21-000054,https://www.sec.gov/Archives/edgar/data/2488/000000248821000054/amd-20210427.htm,AMD 8-K filed on 2021-04-27
AMD,10-Q,2021-04-28,0000002488-21-000056,https://www.sec.gov/Archives/edgar/data/2488/000000248821000056/amd-20210327.htm,AMD 10-Q filed on 2021-04-28
AMD,8-K,2021-05-13,0000002488-21-000068,https://www.sec.gov/Archives/edgar/data/2488/000000248821000068/amd-20210513.htm,AMD 8-K filed on 2021-05-13
AMD,8-K,2021-05-21,0001193125-21-169293,https://www.sec.gov/Archives/edgar/data/2488/000119312521169293/d120619d8k.htm,AMD 8-K filed on 2021-05-21
AMD,8-K,2021-06-24,0000002488-21-000103,https://www.sec.gov/Archives/edgar/data/2488/000000248821000103/amd-20210621.htm,AMD 8-K filed on 2021-06-24
AMD,8-K,2021-06-30,0000002488-21-000107,https://www.sec.gov/Archives/edgar/data/2488/000000248821000107/amd-20210629.htm,AMD 8-K filed on 2021-06-30
AMD,8-K,2021-07-27,0000002488-21-000114,https://www.sec.gov/Archives/edgar/data/2488/000000248821000114/amd-20210727.htm,AMD 8-K filed on 2021-07-27
AMD,10-Q,2021-07-28,0000002488-21-000116,https://www.sec.gov/Archives/edgar/data/2488/000000248821000116/amd-20210626.htm,AMD 10-Q filed on 2021-07-28
AMD,8-K,2021-10-26,0000002488-21-000176,https://www.sec.gov/Archives/edgar/data/2488/000000248821000176/amd-20211026.htm,AMD 8-K filed on 2021-10-26
AMD,10-Q,2021-10-27,0000002488-21-000178,https://www.sec.gov/Archives/edgar/data/2488/000000248821000178/amd-20210925.htm,AMD 10-Q filed on 2021-10-27
AMD,8-K,2021-12-23,0000002488-21-000205,https://www.sec.gov/Archives/edgar/data/2488/000000248821000205/amd-20211223.htm,AMD 8-K filed on 2021-12-23
AMD,8-K,2022-01-27,0000002488-22-000009,https://www.sec.gov/Archives/edgar/data/2488/000000248822000009/amd-20220127.htm,AMD 8-K filed on 2022-01-27
AMD,8-K,2022-02-01,0000002488-22-000014,https://www.sec.gov/Archives/edgar/data/2488/000000248822000014/amd-20220201.htm,AMD 8-K filed on 2022-02-01
AMD,10-K,2022-02-03,0000002488-22-000016,https://www.sec.gov/Archives/edgar/data/2488/000000248822000016/amd-20211225.htm,AMD 10-K filed on 2022-02-03
AMD,8-K,2022-02-10,0000002488-22-000026,https://www.sec.gov/Archives/edgar/data/2488/000000248822000026/amd-20220209.htm,AMD 8-K filed on 2022-02-10
AMD,8-K,2022-02-14,0000002488-22-000031,https://www.sec.gov/Archives/edgar/data/2488/000000248822000031/amd-20220214.htm,AMD 8-K filed on 2022-02-14
AMD,8-K,2022-02-28,0000002488-22-000054,https://www.sec.gov/Archives/edgar/data/2488/000000248822000054/amd-20220222.htm,AMD 8-K filed on 2022-02-28
AMD,8-K,2022-05-03,0000002488-22-000074,https://www.sec.gov/Archives/edgar/data/2488/000000248822000074/amd-20220429.htm,AMD 8-K filed on 2022-05-03
AMD,10-Q,2022-05-04,0000002488-22-000078,https://www.sec.gov/Archives/edgar/data/2488/000000248822000078/amd-20220326.htm,AMD 10-Q filed on 2022-05-04
AMD,8-K,2022-05-20,0001193125-22-156161,https://www.sec.gov/Archives/edgar/data/2488/000119312522156161/d354894d8k.htm,AMD 8-K filed on 2022-05-20
AMD,8-K,2022-06-08,0001193125-22-170212,https://www.sec.gov/Archives/edgar/data/2488/000119312522170212/d257623d8k.htm,AMD 8-K filed on 2022-06-08
AMD,8-K,2022-06-09,0001193125-22-171108,https://www.sec.gov/Archives/edgar/data/2488/000119312522171108/d367525d8k.htm,AMD 8-K filed on 2022-06-09
AMD,8-K,2022-06-28,0000002488-22-000112,https://www.sec.gov/Archives/edgar/data/2488/000000248822000112/amd-20220623.htm,AMD 8-K filed on 2022-06-28
AMD,8-K,2022-08-02,0000002488-22-000120,https://www.sec.gov/Archives/edgar/data/2488/000000248822000120/amd-20220802.htm,AMD 8-K filed on 2022-08-02
AMD,10-Q,2022-08-03,0000002488-22-000123,https://www.sec.gov/Archives/edgar/data/2488/000000248822000123/amd-20220625.htm,AMD 10-Q filed on 2022-08-03
AMD,8-K,2022-10-06,0000002488-22-000163,https://www.sec.gov/Archives/edgar/data/2488/000000248822000163/amd-20221006.htm,AMD 8-K filed on 2022-10-06
AMD,8-K,2022-11-01,0000002488-22-000168,https://www.sec.gov/Archives/edgar/data/2488/000000248822000168/amd-20221101.htm,AMD 8-K filed on 2022-11-01
AMD,10-Q,2022-11-02,0000002488-22-000170,https://www.sec.gov/Archives/edgar/data/2488/000000248822000170/amd-20220924.htm,AMD 10-Q filed on 2022-11-02
AMD,8-K,2022-11-08,0000002488-22-000172,https://www.sec.gov/Archives/edgar/data/2488/000000248822000172/amd-20221103.htm,AMD 8-K filed on 2022-11-08
AMD,8-K,2022-11-16,0000002488-22-000176,https://www.sec.gov/Archives/edgar/data/2488/000000248822000176/amd-20221116.htm,AMD 8-K filed on 2022-11-16
AMD,8-K,2023-01-11,0000002488-23-000003,https://www.sec.gov/Archives/edgar/data/2488/000000248823000003/amd-20230108.htm,AMD 8-K filed on 2023-01-11
AMD,8-K,2023-01-31,0000002488-23-000007,https://www.sec.gov/Archives/edgar/data/2488/000000248823000007/amd-20230131.htm,AMD 8-K filed on 2023-01-31
AMD,8-K,2023-02-21,0000002488-23-000040,https://www.sec.gov/Archives/edgar/data/2488/000000248823000040/amd-20230214.htm,AMD 8-K filed on 2023-02-21
AMD,10-K,2023-02-27,0000002488-23-000047,https://www.sec.gov/Archives/edgar/data/2488/000000248823000047/amd-20221231.htm,AMD 10-K filed on 2023-02-27
AMD,8-K,2023-05-02,0000002488-23-000074,https://www.sec.gov/Archives/edgar/data/2488/000000248823000074/amd-20230502.htm,AMD 8-K filed on 2023-05-02
AMD,10-Q,2023-05-03,0000002488-23-000076,https://www.sec.gov/Archives/edgar/data/2488/000000248823000076/amd-20230401.htm,AMD 10-Q filed on 2023-05-03
AMD,8-K,2023-05-23,0001193125-23-151810,https://www.sec.gov/Archives/edgar/data/2488/000119312523151810/d456357d8k.htm,AMD 8-K filed on 2023-05-23
AMD,8-K,2023-07-10,0000002488-23-000123,https://www.sec.gov/Archives/edgar/data/2488/000000248823000123/amd-20230705.htm,AMD 8-K filed on 2023-07-10
AMD,8-K,2023-08-01,0000002488-23-000135,https://www.sec.gov/Archives/edgar/data/2488/000000248823000135/amd-20230801.htm,AMD 8-K filed on 2023-08-01
AMD,10-Q,2023-08-02,0000002488-23-000139,https://www.sec.gov/Archives/edgar/data/2488/000000248823000139/amd-20230701.htm,AMD 10-Q filed on 2023-08-02
AMD,8-K,2023-10-31,0000002488-23-000192,https://www.sec.gov/Archives/edgar/data/2488/000000248823000192/amd-20231031.htm,AMD 8-K filed on 2023-10-31
AMD,10-Q,2023-11-01,0000002488-23-000195,https://www.sec.gov/Archives/edgar/data/2488/000000248823000195/amd-20230930.htm,AMD 10-Q filed on 2023-11-01
AMD,8-K,2024-01-30,0000002488-24-000009,https://www.sec.gov/Archives/edgar/data/2488/000000248824000009/amd-20240130.htm,AMD 8-K filed on 2024-01-30
AMD,10-K,2024-01-31,0000002488-24-000012,https://www.sec.gov/Archives/edgar/data/2488/000000248824000012/amd-20231230.htm,AMD 10-K filed on 2024-01-31
AMD,8-K,2024-02-20,0001628280-24-005593,https://www.sec.gov/Archives/edgar/data/2488/000162828024005593/amd-20240213.htm,AMD 8-K filed on 2024-02-20
AMD,8-K,2024-04-30,0000002488-24-000054,https://www.sec.gov/Archives/edgar/data/2488/000000248824000054/amd-20240430.htm,AMD 8-K filed on 2024-04-30
AMD,10-Q,2024-05-01,0000002488-24-000056,https://www.sec.gov/Archives/edgar/data/2488/000000248824000056/amd-20240330.htm,AMD 10-Q filed on 2024-05-01
AMD,8-K,2024-05-13,0000002488-24-000076,https://www.sec.gov/Archives/edgar/data/2488/000000248824000076/amd-20240508.htm,AMD 8-K filed on 2024-05-13
AMD,8-K,2024-07-02,0000002488-24-000109,https://www.sec.gov/Archives/edgar/data/2488/000000248824000109/amd-20240627.htm,AMD 8-K filed on 2024-07-02
AMD,8-K,2024-07-22,0000002488-24-000115,https://www.sec.gov/Archives/edgar/data/2488/000000248824000115/amd-20240720.htm,AMD 8-K filed on 2024-07-22
AMD,8-K,2024-07-30,0000002488-24-000121,https://www.sec.gov/Archives/edgar/data/2488/000000248824000121/amd-20240730.htm,AMD 8-K filed on 2024-07-30
AMD,10-Q,2024-07-31,0000002488-24-000123,https://www.sec.gov/Archives/edgar/data/2488/000000248824000123/amd-20240629.htm,AMD 10-Q filed on 2024-07-31
AMD,8-K,2024-08-19,0001193125-24-202457,https://www.sec.gov/Archives/edgar/data/2488/000119312524202457/d808469d8k.htm,AMD 8-K filed on 2024-08-19
AMD,8-K,2024-10-29,0000002488-24-000161,https://www.sec.gov/Archives/edgar/data/2488/000000248824000161/amd-20241029.htm,AMD 8-K filed on 2024-10-29
AMD,10-Q,2024-10-30,0000002488-24-000163,https://www.sec.gov/Archives/edgar/data/2488/000000248824000163/amd-20240928.htm,AMD 10-Q filed on 2024-10-30
AMD,8-K,2024-11-18,0000002488-24-000172,https://www.sec.gov/Archives/edgar/data/2488/000000248824000172/amd-20241113.htm,AMD 8-K filed on 2024-11-18
AMD,8-K,2025-02-04,0000002488-25-000009,https://www.sec.gov/Archives/edgar/data/2488/000000248825000009/amd-20250204.htm,AMD 8-K filed on 2025-02-04
AMD,10-K,2025-02-05,0000002488-25-000012,https://www.sec.gov/Archives/edgar/data/2488/000000248825000012/amd-20241228.htm,AMD 10-K filed on 2025-02-05
AMD,8-K,2025-02-24,0000002488-25-000026,https://www.sec.gov/Archives/edgar/data/2488/000000248825000026/amd-20250218.htm,AMD 8-K filed on 2025-02-24
AMD,8-K,2025-03-12,0001193125-25-052173,https://www.sec.gov/Archives/edgar/data/2488/000119312525052173/d925853d8k.htm,AMD 8-K filed on 2025-03-12
AMD,8-K,2025-03-24,0001193125-25-061366,https://www.sec.gov/Archives/edgar/data/2488/000119312525061366/d914634d8k.htm,AMD 8-K filed on 2025-03-24
AMD,8-K,2025-03-31,0001193125-25-067902,https://www.sec.gov/Archives/edgar/data/2488/000119312525067902/d943962d8k.htm,AMD 8-K filed on 2025-03-31
AMD,8-K,2025-04-16,0000002488-25-000039,https://www.sec.gov/Archives/edgar/data/2488/000000248825000039/amd-20250415.htm,AMD 8-K filed on 2025-04-16
AMD,8-K,2025-05-06,0000002488-25-000045,https://www.sec.gov/Archives/edgar/data/2488/000000248825000045/amd-20250506.htm,AMD 8-K filed on 2025-05-06
AMD,10-Q,2025-05-07,0000002488-25-000047,https://www.sec.gov/Archives/edgar/data/2488/000000248825000047/amd-20250329.htm,AMD 10-Q filed on 2025-05-07
AMD,8-K,2025-05-16,0000002488-25-000064,https://www.sec.gov/Archives/edgar/data/2488/000000248825000064/amd-20250514.htm,AMD 8-K filed on 2025-05-16
AMD,8-K,2025-05-19,0001193125-25-122121,https://www.sec.gov/Archives/edgar/data/2488/000119312525122121/d831221d8k.htm,AMD 8-K filed on 2025-05-19
AMZN,8-K,2020-01-30,0001018724-20-000002,https://www.sec.gov/Archives/edgar/data/1018724/000101872420000002/amzn-20191231x8k.htm,AMZN 8-K filed on 2020-01-30
AMZN,10-K,2020-01-31,0001018724-20-000004,https://www.sec.gov/Archives/edgar/data/1018724/000101872420000004/amzn-20191231x10k.htm,AMZN 10-K filed on 2020-01-31
AMZN,8-K,2020-04-16,0001193125-20-108427,https://www.sec.gov/Archives/edgar/data/1018724/000119312520108427/d902615d8k.htm,AMZN 8-K filed on 2020-04-16
AMZN,8-K,2020-04-30,0001018724-20-000008,https://www.sec.gov/Archives/edgar/data/1018724/000101872420000008/amzn-20200331x8k.htm,AMZN 8-K filed on 2020-04-30
AMZN,10-Q,2020-05-01,0001018724-20-000010,https://www.sec.gov/Archives/edgar/data/1018724/000101872420000010/amzn-20200331x10q.htm,AMZN 10-Q filed on 2020-05-01
AMZN,8-K,2020-05-29,0001018724-20-000015,https://www.sec.gov/Archives/edgar/data/1018724/000101872420000015/amznx2020x05x29x8k.htm,AMZN 8-K filed on 2020-05-29
AMZN,8-K,2020-06-03,0001193125-20-159531,https://www.sec.gov/Archives/edgar/data/1018724/000119312520159531/d933420d8k.htm,AMZN 8-K filed on 2020-06-03
AMZN,8-K,2020-06-23,0001193125-20-176528,https://www.sec.gov/Archives/edgar/data/1018724/000119312520176528/d948849d8k.htm,AMZN 8-K filed on 2020-06-23
AMZN,8-K,2020-07-30,0001018724-20-000019,https://www.sec.gov/Archives/edgar/data/1018724/000101872420000019/amzn-20200730.htm,AMZN 8-K filed on 2020-07-30
AMZN,10-Q,2020-07-31,0001018724-20-000021,https://www.sec.gov/Archives/edgar/data/1018724/000101872420000021/amzn-20200630.htm,AMZN 10-Q filed on 2020-07-31
AMZN,8-K,2020-08-21,0001193125-20-226520,https://www.sec.gov/Archives/edgar/data/1018724/000119312520226520/d789139d8k.htm,AMZN 8-K filed on 2020-08-21
AMZN,8-K,2020-09-09,0001018724-20-000026,https://www.sec.gov/Archives/edgar/data/1018724/000101872420000026/amzn-20200909.htm,AMZN 8-K filed on 2020-09-09
AMZN,8-K,2020-10-29,0001018724-20-000028,https://www.sec.gov/Archives/edgar/data/1018724/000101872420000028/amzn-20201029.htm,AMZN 8-K filed on 2020-10-29
AMZN,10-Q,2020-10-30,0001018724-20-000030,https://www.sec.gov/Archives/edgar/data/1018724/000101872420000030/amzn-20200930.htm,AMZN 10-Q filed on 2020-10-30
AMZN,8-K,2021-01-27,0001193125-21-018066,https://www.sec.gov/Archives/edgar/data/1018724/000119312521018066/d30366d8k.htm,AMZN 8-K filed on 2021-01-27
AMZN,8-K,2021-02-02,0001018724-21-000002,https://www.sec.gov/Archives/edgar/data/1018724/000101872421000002/amzn-20210202.htm,AMZN 8-K filed on 2021-02-02
AMZN,10-K,2021-02-03,0001018724-21-000004,https://www.sec.gov/Archives/edgar/data/1018724/000101872421000004/amzn-20201231.htm,AMZN 10-K filed on 2021-02-03
AMZN,8-K,2021-04-15,0001104659-21-050346,https://www.sec.gov/Archives/edgar/data/1018724/000110465921050346/tm216818d3_8k.htm,AMZN 8-K filed on 2021-04-15
AMZN,8-K,2021-04-29,0001018724-21-000008,https://www.sec.gov/Archives/edgar/data/1018724/000101872421000008/amzn-20210429.htm,AMZN 8-K filed on 2021-04-29
AMZN,10-Q,2021-04-30,0001018724-21-000010,https://www.sec.gov/Archives/edgar/data/1018724/000101872421000010/amzn-20210331.htm,AMZN 10-Q filed on 2021-04-30
AMZN,8-K,2021-05-12,0001193125-21-159084,https://www.sec.gov/Archives/edgar/data/1018724/000119312521159084/d508532d8k.htm,AMZN 8-K filed on 2021-05-12
AMZN,8-K,2021-05-28,0001018724-21-000012,https://www.sec.gov/Archives/edgar/data/1018724/000101872421000012/amzn-20210526.htm,AMZN 8-K filed on 2021-05-28
AMZN,8-K,2021-07-02,0001018724-21-000016,https://www.sec.gov/Archives/edgar/data/1018724/000101872421000016/amzn-20210628.htm,AMZN 8-K filed on 2021-07-02
AMZN,8-K,2021-07-29,0001018724-21-000018,https://www.sec.gov/Archives/edgar/data/1018724/000101872421000018/amzn-20210729.htm,AMZN 8-K filed on 2021-07-29
AMZN,10-Q,2021-07-30,0001018724-21-000020,https://www.sec.gov/Archives/edgar/data/1018724/000101872421000020/amzn-20210630.htm,AMZN 10-Q filed on 2021-07-30
AMZN,8-K,2021-09-20,0001018724-21-000022,https://www.sec.gov/Archives/edgar/data/1018724/000101872421000022/amzn-20210920.htm,AMZN 8-K filed on 2021-09-20
AMZN,8-K,2021-10-28,0001018724-21-000026,https://www.sec.gov/Archives/edgar/data/1018724/000101872421000026/amzn-20211028.htm,AMZN 8-K filed on 2021-10-28
AMZN,10-Q,2021-10-29,0001018724-21-000028,https://www.sec.gov/Archives/edgar/data/1018724/000101872421000028/amzn-20210930.htm,AMZN 10-Q filed on 2021-10-29
AMZN,8-K,2021-11-12,0001018724-21-000030,https://www.sec.gov/Archives/edgar/data/1018724/000101872421000030/amzn-20211110.htm,AMZN 8-K filed on 2021-11-12
AMZN,8-K,2022-02-03,0001018724-22-000002,https://www.sec.gov/Archives/edgar/data/1018724/000101872422000002/amzn-20220203.htm,AMZN 8-K filed on 2022-02-03
AMZN,10-K,2022-02-04,0001018724-22-000005,https://www.sec.gov/Archives/edgar/data/1018724/000101872422000005/amzn-20211231.htm,AMZN 10-K filed on 2022-02-04
AMZN,8-K,2022-03-09,0001018724-22-000009,https://www.sec.gov/Archives/edgar/data/1018724/000101872422000009/amzn-20220309.htm,AMZN 8-K filed on 2022-03-09
AMZN,8-K,2022-04-13,0001193125-22-104336,https://www.sec.gov/Archives/edgar/data/1018724/000119312522104336/d325485d8k.htm,AMZN 8-K filed on 2022-04-13
AMZN,8-K,2022-04-14,0001104659-22-045579,https://www.sec.gov/Archives/edgar/data/1018724/000110465922045579/tm226241d2_8k.htm,AMZN 8-K filed on 2022-04-14
AMZN,8-K,2022-04-28,0001018724-22-000011,https://www.sec.gov/Archives/edgar/data/1018724/000101872422000011/amzn-20220428.htm,AMZN 8-K filed on 2022-04-28
AMZN,10-Q,2022-04-29,0001018724-22-000013,https://www.sec.gov/Archives/edgar/data/1018724/000101872422000013/amzn-20220331.htm,AMZN 10-Q filed on 2022-04-29
AMZN,8-K,2022-05-27,0001104659-22-065872,https://www.sec.gov/Archives/edgar/data/1018724/000110465922065872/tm2215904d1_8k.htm,AMZN 8-K filed on 2022-05-27
AMZN,8-K,2022-06-03,0001018724-22-000015,https://www.sec.gov/Archives/edgar/data/1018724/000101872422000015/amzn-20220601.htm,AMZN 8-K filed on 2022-06-03
AMZN,8-K,2022-07-28,0001018724-22-000017,https://www.sec.gov/Archives/edgar/data/1018724/000101872422000017/amzn-20220728.htm,AMZN 8-K filed on 2022-07-28
AMZN,10-Q,2022-07-29,0001018724-22-000019,https://www.sec.gov/Archives/edgar/data/1018724/000101872422000019/amzn-20220630.htm,AMZN 10-Q filed on 2022-07-29
AMZN,8-K,2022-10-27,0001018724-22-000021,https://www.sec.gov/Archives/edgar/data/1018724/000101872422000021/amzn-20221027.htm,AMZN 8-K filed on 2022-10-27
AMZN,10-Q,2022-10-28,0001018724-22-000023,https://www.sec.gov/Archives/edgar/data/1018724/000101872422000023/amzn-20220930.htm,AMZN 10-Q filed on 2022-10-28
AMZN,8-K,2022-11-18,0001193125-22-289041,https://www.sec.gov/Archives/edgar/data/1018724/000119312522289041/d413765d8k.htm,AMZN 8-K filed on 2022-11-18
AMZN,8-K,2022-12-01,0001193125-22-296602,https://www.sec.gov/Archives/edgar/data/1018724/000119312522296602/d376136d8k.htm,AMZN 8-K filed on 2022-12-01
AMZN,8-K,2023-01-03,0001193125-23-000849,https://www.sec.gov/Archives/edgar/data/1018724/000119312523000849/d429499d8k.htm,AMZN 8-K filed on 2023-01-03
AMZN,8-K,2023-01-06,0001193125-23-003621,https://www.sec.gov/Archives/edgar/data/1018724/000119312523003621/d441973d8k.htm,AMZN 8-K filed on 2023-01-06
AMZN,8-K,2023-02-02,0001018724-23-000002,https://www.sec.gov/Archives/edgar/data/1018724/000101872423000002/amzn-20230202.htm,AMZN 8-K filed on 2023-02-02
AMZN,10-K,2023-02-03,0001018724-23-000004,https://www.sec.gov/Archives/edgar/data/1018724/000101872423000004/amzn-20221231.htm,AMZN 10-K filed on 2023-02-03
AMZN,8-K,2023-04-13,0001104659-23-044715,https://www.sec.gov/Archives/edgar/data/1018724/000110465923044715/tm233697d2_8k.htm,AMZN 8-K filed on 2023-04-13
AMZN,8-K,2023-04-27,0001018724-23-000006,https://www.sec.gov/Archives/edgar/data/1018724/000101872423000006/amzn-20230427.htm,AMZN 8-K filed on 2023-04-27
AMZN,10-Q,2023-04-28,0001018724-23-000008,https://www.sec.gov/Archives/edgar/data/1018724/000101872423000008/amzn-20230331.htm,AMZN 10-Q filed on 2023-04-28
AMZN,8-K,2023-05-26,0001104659-23-065457,https://www.sec.gov/Archives/edgar/data/1018724/000110465923065457/tm2315877d1_8k.htm,AMZN 8-K filed on 2023-05-26
AMZN,8-K,2023-08-03,0001018724-23-000010,https://www.sec.gov/Archives/edgar/data/1018724/000101872423000010/amzn-20230803.htm,AMZN 8-K filed on 2023-08-03
AMZN,10-Q,2023-08-04,0001018724-23-000012,https://www.sec.gov/Archives/edgar/data/1018724/000101872423000012/amzn-20230630.htm,AMZN 10-Q filed on 2023-08-04
AMZN,8-K,2023-09-13,0001018724-23-000014,https://www.sec.gov/Archives/edgar/data/1018724/000101872423000014/amzn-20230913.htm,AMZN 8-K filed on 2023-09-13
AMZN,8-K,2023-10-26,0001018724-23-000016,https://www.sec.gov/Archives/edgar/data/1018724/000101872423000016/amzn-20231026.htm,AMZN 8-K filed on 2023-10-26
AMZN,10-Q,2023-10-27,0001018724-23-000018,https://www.sec.gov/Archives/edgar/data/1018724/000101872423000018/amzn-20230930.htm,AMZN 10-Q filed on 2023-10-27
AMZN,8-K,2023-11-01,0001104659-23-113444,https://www.sec.gov/Archives/edgar/data/1018724/000110465923113444/tm2329405d1_8k.htm,AMZN 8-K filed on 2023-11-01
AMZN,8-K,2024-02-01,0001018724-24-000006,https://www.sec.gov/Archives/edgar/data/1018724/000101872424000006/amzn-20240201.htm,AMZN 8-K filed on 2024-02-01
AMZN,10-K,2024-02-02,0001018724-24-000008,https://www.sec.gov/Archives/edgar/data/1018724/000101872424000008/amzn-20231231.htm,AMZN 10-K filed on 2024-02-02
AMZN,8-K,2024-04-11,0001104659-24-045915,https://www.sec.gov/Archives/edgar/data/1018724/000110465924045915/tm246113d2_8k.htm,AMZN 8-K filed on 2024-04-11
AMZN,8-K,2024-04-30,0001018724-24-000081,https://www.sec.gov/Archives/edgar/data/1018724/000101872424000081/amzn-20240430.htm,AMZN 8-K filed on 2024-04-30
AMZN,10-Q,2024-05-01,0001018724-24-000083,https://www.sec.gov/Archives/edgar/data/1018724/000101872424000083/amzn-20240331.htm,AMZN 10-Q filed on 2024-05-01
AMZN,8-K,2024-05-03,0001104659-24-057026,https://www.sec.gov/Archives/edgar/data/1018724/000110465924057026/tm2413032d1_8k.htm,AMZN 8-K filed on 2024-05-03
AMZN,8-K,2024-05-14,0001104659-24-061143,https://www.sec.gov/Archives/edgar/data/1018724/000110465924061143/tm2414460d1_8k.htm,AMZN 8-K filed on 2024-05-14
AMZN,8-K,2024-05-24,0001104659-24-065117,https://www.sec.gov/Archives/edgar/data/1018724/000110465924065117/tm2414140d1_8k.htm,AMZN 8-K filed on 2024-05-24
AMZN,8-K,2024-08-01,0001018724-24-000128,https://www.sec.gov/Archives/edgar/data/1018724/000101872424000128/amzn-20240801.htm,AMZN 8-K filed on 2024-08-01
AMZN,10-Q,2024-08-02,0001018724-24-000130,https://www.sec.gov/Archives/edgar/data/1018724/000101872424000130/amzn-20240630.htm,AMZN 10-Q filed on 2024-08-02
AMZN,8-K,2024-10-31,0001018724-24-000158,https://www.sec.gov/Archives/edgar/data/1018724/000101872424000158/amzn-20241031.htm,AMZN 8-K filed on 2024-10-31
AMZN,10-Q,2024-11-01,0001018724-24-000161,https://www.sec.gov/Archives/edgar/data/1018724/000101872424000161/amzn-20240930.htm,AMZN 10-Q filed on 2024-11-01
AMZN,8-K,2025-02-06,0001018724-25-000002,https://www.sec.gov/Archives/edgar/data/1018724/000101872425000002/amzn-20250206.htm,AMZN 8-K filed on 2025-02-06
AMZN,10-K,2025-02-07,0001018724-25-000004,https://www.sec.gov/Archives/edgar/data/1018724/000101872425000004/amzn-20241231.htm,AMZN 10-K filed on 2025-02-07
AMZN,8-K,2025-04-10,0001104659-25-033450,https://www.sec.gov/Archives/edgar/data/1018724/000110465925033450/tm254123d2_8k.htm,AMZN 8-K filed on 2025-04-10
AMZN,8-K,2025-05-01,0001018724-25-000034,https://www.sec.gov/Archives/edgar/data/1018724/000101872425000034/amzn-20250501.htm,AMZN 8-K filed on 2025-05-01
AMZN,10-Q,2025-05-02,0001018724-25-000036,https://www.sec.gov/Archives/edgar/data/1018724/000101872425000036/amzn-20250331.htm,AMZN 10-Q filed on 2025-05-02
AMZN,8-K,2025-05-22,0001104659-25-052014,https://www.sec.gov/Archives/edgar/data/1018724/000110465925052014/tm2515134d1_8k.htm,AMZN 8-K filed on 2025-05-22
BA,8-K,2020-01-10,0000012927-20-000003,https://www.sec.gov/Archives/edgar/data/12927/000001292720000003/a202001jan108k.htm,BA 8-K filed on 2020-01-10
BA,8-K,2020-01-21,0000012927-20-000006,https://www.sec.gov/Archives/edgar/data/12927/000001292720000006/a202001jan218k.htm,BA 8-K filed on 2020-01-21
BA,8-K,2020-01-29,0001193125-20-017662,https://www.sec.gov/Archives/edgar/data/12927/000119312520017662/d856652d8k.htm,BA 8-K filed on 2020-01-29
BA,10-K,2020-01-31,0000012927-20-000014,https://www.sec.gov/Archives/edgar/data/12927/000001292720000014/a201912dec3110k.htm,BA 10-K filed on 2020-01-31
BA,8-K,2020-02-07,0001193125-20-028175,https://www.sec.gov/Archives/edgar/data/12927/000119312520028175/d871160d8k.htm,BA 8-K filed on 2020-02-07
BA,8-K,2020-02-24,0001193125-20-046678,https://www.sec.gov/Archives/edgar/data/12927/000119312520046678/d893256d8k.htm,BA 8-K filed on 2020-02-24
BA,8-K,2020-03-17,0000012927-20-000020,https://www.sec.gov/Archives/edgar/data/12927/000001292720000020/a202003mar178k.htm,BA 8-K filed on 2020-03-17
BA,8-K,2020-03-19,0000012927-20-000027,https://www.sec.gov/Archives/edgar/data/12927/000001292720000027/a202003mar168k.htm,BA 8-K filed on 2020-03-19
BA,8-K,2020-03-23,0000012927-20-000033,https://www.sec.gov/Archives/edgar/data/12927/000001292720000033/a202003mar238k.htm,BA 8-K filed on 2020-03-23
BA,8-K,2020-03-23,0000012927-20-000030,https://www.sec.gov/Archives/edgar/data/12927/000001292720000030/a202003mar208k.htm,BA 8-K filed on 2020-03-23
BA,8-K,2020-04-06,0000012927-20-000037,https://www.sec.gov/Archives/edgar/data/12927/000001292720000037/a202004apr058k.htm,BA 8-K filed on 2020-04-06
BA,8-K,2020-04-27,0000012927-20-000039,https://www.sec.gov/Archives/edgar/data/12927/000001292720000039/a202004apr278k.htm,BA 8-K filed on 2020-04-27
BA,10-Q,2020-04-29,0000012927-20-000045,https://www.sec.gov/Archives/edgar/data/12927/000001292720000045/a202003mar3110-q.htm,BA 10-Q filed on 2020-04-29
BA,8-K,2020-04-29,0001193125-20-124475,https://www.sec.gov/Archives/edgar/data/12927/000119312520124475/d924726d8k.htm,BA 8-K filed on 2020-04-29
BA,8-K,2020-05-04,0001193125-20-132533,https://www.sec.gov/Archives/edgar/data/12927/000119312520132533/d911707d8k.htm,BA 8-K filed on 2020-05-04
BA,10-Q,2020-07-29,0000012927-20-000065,https://www.sec.gov/Archives/edgar/data/12927/000001292720000065/a202006jun3010-q.htm,BA 10-Q filed on 2020-07-29
BA,8-K,2020-07-29,0001193125-20-201808,https://www.sec.gov/Archives/edgar/data/12927/000119312520201808/d65859d8k.htm,BA 8-K filed on 2020-07-29
BA,8-K,2020-10-26,0000012927-20-000071,https://www.sec.gov/Archives/edgar/data/12927/000001292720000071/ba-20201026.htm,BA 8-K filed on 2020-10-26
BA,10-Q,2020-10-28,0000012927-20-000076,https://www.sec.gov/Archives/edgar/data/12927/000001292720000076/ba-20200930.htm,BA 10-Q filed on 2020-10-28
BA,8-K,2020-10-28,0001193125-20-279185,https://www.sec.gov/Archives/edgar/data/12927/000119312520279185/d80986d8k.htm,BA 8-K filed on 2020-10-28
BA,8-K,2020-11-02,0001193125-20-284086,https://www.sec.gov/Archives/edgar/data/12927/000119312520284086/d56458d8k.htm,BA 8-K filed on 2020-11-02
BA,8-K,2020-11-10,0000012927-20-000078,https://www.sec.gov/Archives/edgar/data/12927/000001292720000078/ba-20201110.htm,BA 8-K filed on 2020-11-10
BA,8-K,2021-01-07,0000012927-21-000003,https://www.sec.gov/Archives/edgar/data/12927/000001292721000003/ba-20210106.htm,BA 8-K filed on 2021-01-07
BA,8-K,2021-01-15,0000012927-21-000006,https://www.sec.gov/Archives/edgar/data/12927/000001292721000006/ba-20210113.htm,BA 8-K filed on 2021-01-15
BA,8-K,2021-01-27,0001193125-21-018429,https://www.sec.gov/Archives/edgar/data/12927/000119312521018429/d117509d8k.htm,BA 8-K filed on 2021-01-27
BA,10-K,2021-02-01,0000012927-21-000011,https://www.sec.gov/Archives/edgar/data/12927/000001292721000011/ba-20201231.htm,BA 10-K filed on 2021-02-01
BA,8-K,2021-02-04,0001193125-21-028946,https://www.sec.gov/Archives/edgar/data/12927/000119312521028946/d33530d8k.htm,BA 8-K filed on 2021-02-04
BA,8-K,2021-02-17,0000012927-21-000020,https://www.sec.gov/Archives/edgar/data/12927/000001292721000020/ba-20210217.htm,BA 8-K filed on 2021-02-17
BA,8-K,2021-03-15,0000012927-21-000025,https://www.sec.gov/Archives/edgar/data/12927/000001292721000025/ba-20210310.htm,BA 8-K filed on 2021-03-15
BA,8-K,2021-03-22,0001193125-21-089532,https://www.sec.gov/Archives/edgar/data/12927/000119312521089532/d149318d8k.htm,BA 8-K filed on 2021-03-22
BA,8-K,2021-04-20,0000012927-21-000029,https://www.sec.gov/Archives/edgar/data/12927/000001292721000029/ba-20210420.htm,BA 8-K filed on 2021-04-20
BA,10-Q,2021-04-28,0000012927-21-000040,https://www.sec.gov/Archives/edgar/data/12927/000001292721000040/ba-20210331.htm,BA 10-Q filed on 2021-04-28
BA,8-K,2021-04-28,0000012927-21-000035,https://www.sec.gov/Archives/edgar/data/12927/000001292721000035/ba-20210428.htm,BA 8-K filed on 2021-04-28
BA,8-K,2021-06-30,0000012927-21-000051,https://www.sec.gov/Archives/edgar/data/12927/000001292721000051/ba-20210629.htm,BA 8-K filed on 2021-06-30
BA,8-K,2021-07-01,0000012927-21-000056,https://www.sec.gov/Archives/edgar/data/12927/000001292721000056/ba-20210629.htm,BA 8-K filed on 2021-07-01
BA,8-K,2021-07-13,0000012927-21-000059,https://www.sec.gov/Archives/edgar/data/12927/000001292721000059/ba-20210713.htm,BA 8-K filed on 2021-07-13
BA,10-Q,2021-07-28,0000012927-21-000073,https://www.sec.gov/Archives/edgar/data/12927/000001292721000073/ba-20210630.htm,BA 10-Q filed on 2021-07-28
BA,8-K,2021-07-28,0000012927-21-000068,https://www.sec.gov/Archives/edgar/data/12927/000001292721000068/ba-20210728.htm,BA 8-K filed on 2021-07-28
BA,8-K,2021-09-01,0000012927-21-000078,https://www.sec.gov/Archives/edgar/data/12927/000001292721000078/ba-20210831.htm,BA 8-K filed on 2021-09-01
BA,10-Q,2021-10-27,0000012927-21-000094,https://www.sec.gov/Archives/edgar/data/12927/000001292721000094/ba-20210930.htm,BA 10-Q filed on 2021-10-27
BA,8-K,2021-10-27,0000012927-21-000090,https://www.sec.gov/Archives/edgar/data/12927/000001292721000090/ba-20211025.htm,BA 8-K filed on 2021-10-27
BA,8-K,2021-10-27,0000012927-21-000087,https://www.sec.gov/Archives/edgar/data/12927/000001292721000087/ba-20211027.htm,BA 8-K filed on 2021-10-27
BA,8-K,2022-01-26,0000012927-22-000005,https://www.sec.gov/Archives/edgar/data/12927/000001292722000005/ba-20220126.htm,BA 8-K filed on 2022-01-26
BA,10-K,2022-01-31,0000012927-22-000010,https://www.sec.gov/Archives/edgar/data/12927/000001292722000010/ba-20211231.htm,BA 10-K filed on 2022-01-31
BA,8-K,2022-03-29,0000012927-22-000015,https://www.sec.gov/Archives/edgar/data/12927/000001292722000015/ba-20220325.htm,BA 8-K filed on 2022-03-29
BA,10-Q,2022-04-27,0000012927-22-000022,https://www.sec.gov/Archives/edgar/data/12927/000001292722000022/ba-20220331.htm,BA 10-Q filed on 2022-04-27
BA,8-K,2022-04-27,0000012927-22-000019,https://www.sec.gov/Archives/edgar/data/12927/000001292722000019/ba-20220427.htm,BA 8-K filed on 2022-04-27
BA,8-K,2022-04-29,0000012927-22-000025,https://www.sec.gov/Archives/edgar/data/12927/000001292722000025/ba-20220429.htm,BA 8-K filed on 2022-04-29
BA,8-K,2022-06-22,0000012927-22-000040,https://www.sec.gov/Archives/edgar/data/12927/000001292722000040/ba-20220621.htm,BA 8-K filed on 2022-06-22
BA,8-K,2022-07-05,0000012927-22-000046,https://www.sec.gov/Archives/edgar/data/12927/000001292722000046/ba-20220628.htm,BA 8-K filed on 2022-07-05
BA,10-Q,2022-07-27,0000012927-22-000058,https://www.sec.gov/Archives/edgar/data/12927/000001292722000058/ba-20220630.htm,BA 10-Q filed on 2022-07-27
BA,8-K,2022-07-27,0000012927-22-000052,https://www.sec.gov/Archives/edgar/data/12927/000001292722000052/ba-20220727.htm,BA 8-K filed on 2022-07-27
BA,8-K,2022-08-29,0001193125-22-232897,https://www.sec.gov/Archives/edgar/data/12927/000119312522232897/d396135d8k.htm,BA 8-K filed on 2022-08-29
BA,10-Q,2022-10-26,0000012927-22-000073,https://www.sec.gov/Archives/edgar/data/12927/000001292722000073/ba-20220930.htm,BA 10-Q filed on 2022-10-26
BA,8-K,2022-10-26,0000012927-22-000070,https://www.sec.gov/Archives/edgar/data/12927/000001292722000070/ba-20221026.htm,BA 8-K filed on 2022-10-26
BA,8-K,2022-11-29,0000012927-22-000077,https://www.sec.gov/Archives/edgar/data/12927/000001292722000077/ba-20221122.htm,BA 8-K filed on 2022-11-29
BA,8-K,2022-12-12,0000012927-22-000080,https://www.sec.gov/Archives/edgar/data/12927/000001292722000080/ba-20221212.htm,BA 8-K filed on 2022-12-12
BA,8-K,2022-12-22,0000012927-22-000082,https://www.sec.gov/Archives/edgar/data/12927/000001292722000082/ba-20221218.htm,BA 8-K filed on 2022-12-22
BA,8-K,2023-01-25,0000012927-23-000003,https://www.sec.gov/Archives/edgar/data/12927/000001292723000003/ba-20230125.htm,BA 8-K filed on 2023-01-25
BA,10-K,2023-01-27,0000012927-23-000007,https://www.sec.gov/Archives/edgar/data/12927/000001292723000007/ba-20221231.htm,BA 10-K filed on 2023-01-27
BA,8-K,2023-02-17,0000012927-23-000011,https://www.sec.gov/Archives/edgar/data/12927/000001292723000011/ba-20230216.htm,BA 8-K filed on 2023-02-17
BA,8-K,2023-03-15,0000012927-23-000013,https://www.sec.gov/Archives/edgar/data/12927/000001292723000013/ba-20230314.htm,BA 8-K filed on 2023-03-15
BA,8-K,2023-04-11,0000012927-23-000017,https://www.sec.gov/Archives/edgar/data/12927/000001292723000017/ba-20230405.htm,BA 8-K filed on 2023-04-11
BA,8-K,2023-04-19,0000012927-23-000019,https://www.sec.gov/Archives/edgar/data/12927/000001292723000019/ba-20230418.htm,BA 8-K filed on 2023-04-19
BA,10-Q,2023-04-26,0000012927-23-000029,https://www.sec.gov/Archives/edgar/data/12927/000001292723000029/ba-20230331.htm,BA 10-Q filed on 2023-04-26
BA,8-K,2023-04-26,0000012927-23-000026,https://www.sec.gov/Archives/edgar/data/12927/000001292723000026/ba-20230426.htm,BA 8-K filed on 2023-04-26
BA,10-Q,2023-07-26,0000012927-23-000048,https://www.sec.gov/Archives/edgar/data/12927/000001292723000048/ba-20230630.htm,BA 10-Q filed on 2023-07-26
BA,8-K,2023-07-26,0000012927-23-000045,https://www.sec.gov/Archives/edgar/data/12927/000001292723000045/ba-20230726.htm,BA 8-K filed on 2023-07-26
BA,8-K,2023-08-24,0000012927-23-000051,https://www.sec.gov/Archives/edgar/data/12927/000001292723000051/ba-20230824.htm,BA 8-K filed on 2023-08-24
BA,8-K,2023-09-05,0000012927-23-000054,https://www.sec.gov/Archives/edgar/data/12927/000001292723000054/ba-20230829.htm,BA 8-K filed on 2023-09-05
BA,10-Q,2023-10-25,0000012927-23-000062,https://www.sec.gov/Archives/edgar/data/12927/000001292723000062/ba-20230930.htm,BA 10-Q filed on 2023-10-25
BA,8-K,2023-10-25,0000012927-23-000059,https://www.sec.gov/Archives/edgar/data/12927/000001292723000059/ba-20231025.htm,BA 8-K filed on 2023-10-25
BA,8-K,2023-12-11,0000012927-23-000065,https://www.sec.gov/Archives/edgar/data/12927/000001292723000065/ba-20231208.htm,BA 8-K filed on 2023-12-11
BA,10-K,2024-01-31,0000012927-24-000010,https://www.sec.gov/Archives/edgar/data/12927/000001292724000010/ba-20231231.htm,BA 10-K filed on 2024-01-31
BA,8-K,2024-01-31,0000012927-24-000007,https://www.sec.gov/Archives/edgar/data/12927/000001292724000007/ba-20240131.htm,BA 8-K filed on 2024-01-31
BA,8-K,2024-03-25,0000012927-24-000014,https://www.sec.gov/Archives/edgar/data/12927/000001292724000014/ba-20240324.htm,BA 8-K filed on 2024-03-25
BA,10-Q,2024-04-24,0000012927-24-000025,https://www.sec.gov/Archives/edgar/data/12927/000001292724000025/ba-20240331.htm,BA 10-Q filed on 2024-04-24
BA,8-K,2024-04-24,0000012927-24-000022,https://www.sec.gov/Archives/edgar/data/12927/000001292724000022/ba-20240424.htm,BA 8-K filed on 2024-04-24
BA,8-K,2024-05-03,0001193125-24-130860,https://www.sec.gov/Archives/edgar/data/12927/000119312524130860/d836110d8k.htm,BA 8-K filed on 2024-05-03
BA,8-K,2024-05-17,0000012927-24-000037,https://www.sec.gov/Archives/edgar/data/12927/000001292724000037/ba-20240515.htm,BA 8-K filed on 2024-05-17
BA,8-K,2024-05-17,0000012927-24-000035,https://www.sec.gov/Archives/edgar/data/12927/000001292724000035/ba-20240517.htm,BA 8-K filed on 2024-05-17
BA,8-K,2024-07-01,0001193125-24-172676,https://www.sec.gov/Archives/edgar/data/12927/000119312524172676/d838733d8k.htm,BA 8-K filed on 2024-07-01
BA,10-Q,2024-07-31,0000012927-24-000055,https://www.sec.gov/Archives/edgar/data/12927/000001292724000055/ba-20240630.htm,BA 10-Q filed on 2024-07-31
BA,8-K,2024-07-31,0000012927-24-000058,https://www.sec.gov/Archives/edgar/data/12927/000001292724000058/ba-20240730.htm,BA 8-K filed on 2024-07-31
BA,8-K,2024-07-31,0000012927-24-000051,https://www.sec.gov/Archives/edgar/data/12927/000001292724000051/ba-20240731.htm,BA 8-K filed on 2024-07-31
BA,8-K,2024-09-13,0001193125-24-218951,https://www.sec.gov/Archives/edgar/data/12927/000119312524218951/d721102d8k.htm,BA 8-K filed on 2024-09-13
BA,8-K,2024-09-20,0000012927-24-000064,https://www.sec.gov/Archives/edgar/data/12927/000001292724000064/ba-20240920.htm,BA 8-K filed on 2024-09-20
BA,8-K,2024-10-11,0000012927-24-000067,https://www.sec.gov/Archives/edgar/data/12927/000001292724000067/ba-20241011.htm,BA 8-K filed on 2024-10-11
BA,8-K,2024-10-15,0000012927-24-000068,https://www.sec.gov/Archives/edgar/data/12927/000001292724000068/ba-20241014.htm,BA 8-K filed on 2024-10-15
BA,10-Q,2024-10-23,0000012927-24-000082,https://www.sec.gov/Archives/edgar/data/12927/000001292724000082/ba-20240930.htm,BA 10-Q filed on 2024-10-23
BA,8-K,2024-10-23,0000012927-24-000079,https://www.sec.gov/Archives/edgar/data/12927/000001292724000079/ba-20241023.htm,BA 8-K filed on 2024-10-23
BA,8-K,2024-10-30,0001193125-24-247611,https://www.sec.gov/Archives/edgar/data/12927/000119312524247611/d709270d8k.htm,BA 8-K filed on 2024-10-30
BA,8-K,2024-10-31,0001193125-24-248743,https://www.sec.gov/Archives/edgar/data/12927/000119312524248743/d750441d8k.htm,BA 8-K filed on 2024-10-31
BA,8-K,2024-11-18,0000012927-24-000084,https://www.sec.gov/Archives/edgar/data/12927/000001292724000084/ba-20241114.htm,BA 8-K filed on 2024-11-18
BA,8-K,2025-01-23,0000012927-25-000004,https://www.sec.gov/Archives/edgar/data/12927/000001292725000004/ba-20250123.htm,BA 8-K filed on 2025-01-23
BA,8-K,2025-01-28,0000012927-25-000010,https://www.sec.gov/Archives/edgar/data/12927/000001292725000010/ba-20250128.htm,BA 8-K filed on 2025-01-28
BA,10-K,2025-02-03,0000012927-25-000015,https://www.sec.gov/Archives/edgar/data/12927/000001292725000015/ba-20241231.htm,BA 10-K filed on 2025-02-03
BA,8-K,2025-02-25,0000012927-25-000018,https://www.sec.gov/Archives/edgar/data/12927/000001292725000018/ba-20250219.htm,BA 8-K filed on 2025-02-25
BA,10-Q,2025-04-23,0000012927-25-000031,https://www.sec.gov/Archives/edgar/data/12927/000001292725000031/ba-20250331.htm,BA 10-Q filed on 2025-04-23
BA,8-K,2025-04-23,0000012927-25-000027,https://www.sec.gov/Archives/edgar/data/12927/000001292725000027/ba-20250423.htm,BA 8-K filed on 2025-04-23
BA,8-K,2025-04-24,0000012927-25-000034,https://www.sec.gov/Archives/edgar/data/12927/000001292725000034/ba-20250424.htm,BA 8-K filed on 2025-04-24
BA,8-K,2025-04-24,0001193125-25-093515,https://www.sec.gov/Archives/edgar/data/12927/000119312525093515/d938289d8k.htm,BA 8-K filed on 2025-04-24
BA,8-K,2025-06-04,0000012927-25-000041,https://www.sec.gov/Archives/edgar/data/12927/000001292725000041/ba-20250529.htm,BA 8-K filed on 2025-06-04
BAC,10-K,2025-02-25,0000070858-25-000139,https://www.sec.gov/Archives/edgar/data/70858/000007085825000139/bac-20241231.htm,BAC 10-K filed on 2025-02-25
BAC,8-K,2025-02-28,0000070858-25-000147,https://www.sec.gov/Archives/edgar/data/70858/000007085825000147/bac-20250225.htm,BAC 8-K filed on 2025-02-28
BAC,8-K,2025-04-15,0000070858-25-000187,https://www.sec.gov/Archives/edgar/data/70858/000007085825000187/bac-20250415.htm,BAC 8-K filed on 2025-04-15
BAC,8-K,2025-04-24,0000070858-25-000195,https://www.sec.gov/Archives/edgar/data/70858/000007085825000195/bac-20250422.htm,BAC 8-K filed on 2025-04-24
BAC,8-K,2025-04-29,0001193125-25-103911,https://www.sec.gov/Archives/edgar/data/70858/000119312525103911/d561572d8k.htm,BAC 8-K filed on 2025-04-29
BAC,10-Q,2025-04-30,0000070858-25-000200,https://www.sec.gov/Archives/edgar/data/70858/000007085825000200/bac-20250331.htm,BAC 10-Q filed on 2025-04-30
CRM,8-K,2023-08-30,0001108524-23-000037,https://www.sec.gov/Archives/edgar/data/1108524/000110852423000037/crm-20230830.htm,CRM 8-K filed on 2023-08-30
CRM,10-Q,2023-08-31,0001108524-23-000040,https://www.sec.gov/Archives/edgar/data/1108524/000110852423000040/crm-20230731.htm,CRM 10-Q filed on 2023-08-31
CRM,8-K,2023-11-29,0001108524-23-000046,https://www.sec.gov/Archives/edgar/data/1108524/000110852423000046/crm-20231129.htm,CRM 8-K filed on 2023-11-29
CRM,10-Q,2023-11-30,0001108524-23-000048,https://www.sec.gov/Archives/edgar/data/1108524/000110852423000048/crm-20231031.htm,CRM 10-Q filed on 2023-11-30
CRM,8-K,2024-02-28,0001108524-24-000002,https://www.sec.gov/Archives/edgar/data/1108524/000110852424000002/crm-20240228.htm,CRM 8-K filed on 2024-02-28
CRM,10-K,2024-03-06,0001108524-24-000005,https://www.sec.gov/Archives/edgar/data/1108524/000110852424000005/crm-20240131.htm,CRM 10-K filed on 2024-03-06
CRM,8-K,2024-05-29,0001108524-24-000007,https://www.sec.gov/Archives/edgar/data/1108524/000110852424000007/crm-20240529.htm,CRM 8-K filed on 2024-05-29
CRM,10-Q,2024-05-30,0001108524-24-000009,https://www.sec.gov/Archives/edgar/data/1108524/000110852424000009/crm-20240430.htm,CRM 10-Q filed on 2024-05-30
CRM,8-K,2024-07-01,0001108524-24-000014,https://www.sec.gov/Archives/edgar/data/1108524/000110852424000014/crm-20240627.htm,CRM 8-K filed on 2024-07-01
CRM,8-K,2024-08-28,0001108524-24-000020,https://www.sec.gov/Archives/edgar/data/1108524/000110852424000020/crm-20240828.htm,CRM 8-K filed on 2024-08-28
CRM,10-Q,2024-08-29,0001108524-24-000022,https://www.sec.gov/Archives/edgar/data/1108524/000110852424000022/crm-20240731.htm,CRM 10-Q filed on 2024-08-29
CRM,8-K,2024-09-05,0001108524-24-000024,https://www.sec.gov/Archives/edgar/data/1108524/000110852424000024/crm-20240905.htm,CRM 8-K filed on 2024-09-05
CRM,8-K,2024-11-05,0001193125-24-251243,https://www.sec.gov/Archives/edgar/data/1108524/000119312524251243/d854367d8k.htm,CRM 8-K filed on 2024-11-05
CRM,8-K,2024-12-03,0001108524-24-000033,https://www.sec.gov/Archives/edgar/data/1108524/000110852424000033/crm-20241203.htm,CRM 8-K filed on 2024-12-03
CRM,10-Q,2024-12-04,0001108524-24-000034,https://www.sec.gov/Archives/edgar/data/1108524/000110852424000034/crm-20241031.htm,CRM 10-Q filed on 2024-12-04
CRM,8-K,2024-12-10,0001108524-24-000036,https://www.sec.gov/Archives/edgar/data/1108524/000110852424000036/crm-20241205.htm,CRM 8-K filed on 2024-12-10
CRM,8-K,2025-02-05,0001193125-25-020881,https://www.sec.gov/Archives/edgar/data/1108524/000119312525020881/d926032d8k.htm,CRM 8-K filed on 2025-02-05
CRM,8-K,2025-02-26,0001108524-25-000002,https://www.sec.gov/Archives/edgar/data/1108524/000110852425000002/crm-20250226.htm,CRM 8-K filed on 2025-02-26
CRM,10-K,2025-03-05,0001108524-25-000006,https://www.sec.gov/Archives/edgar/data/1108524/000110852425000006/crm-20250131.htm,CRM 10-K filed on 2025-03-05
CRM,8-K,2025-05-27,0001193125-25-126271,https://www.sec.gov/Archives/edgar/data/1108524/000119312525126271/d866821d8k.htm,CRM 8-K filed on 2025-05-27
CRM,8-K,2025-05-28,0001108524-25-000027,https://www.sec.gov/Archives/edgar/data/1108524/000110852425000027/crm-20250528.htm,CRM 8-K filed on 2025-05-28
CRM,10-Q,2025-05-29,0001108524-25-000030,https://www.sec.gov/Archives/edgar/data/1108524/000110852425000030/crm-20250430.htm,CRM 10-Q filed on 2025-05-29
CRM,8-K,2025-06-09,0001108524-25-000033,https://www.sec.gov/Archives/edgar/data/1108524/000110852425000033/crm-20250605.htm,CRM 8-K filed on 2025-06-09
CRM,8-K,2025-06-24,0001193125-25-145772,https://www.sec.gov/Archives/edgar/data/1108524/000119312525145772/d71627d8k.htm,CRM 8-K filed on 2025-06-24
DIS,10-Q,2020-02-04,0001744489-20-000046,https://www.sec.gov/Archives/edgar/data/1744489/000174448920000046/dis-20191228.htm,DIS 10-Q filed on 2020-02-04
DIS,8-K,2020-02-04,0001744489-20-000044,https://www.sec.gov/Archives/edgar/data/1744489/000174448920000044/dis-20200204.htm,DIS 8-K filed on 2020-02-04
DIS,8-K,2020-02-25,0001744489-20-000054,https://www.sec.gov/Archives/edgar/data/1744489/000174448920000054/dis-20200224.htm,DIS 8-K filed on 2020-02-25
DIS,8-K,2020-03-11,0001744489-20-000066,https://www.sec.gov/Archives/edgar/data/1744489/000174448920000066/dis-20200306.htm,DIS 8-K filed on 2020-03-11
DIS,8-K,2020-03-12,0001744489-20-000070,https://www.sec.gov/Archives/edgar/data/1744489/000174448920000070/dis-20200311.htm,DIS 8-K filed on 2020-03-12
DIS,8-K,2020-03-17,0001104659-20-034800,https://www.sec.gov/Archives/edgar/data/1744489/000110465920034800/tm2012953-1_8k.htm,DIS 8-K filed on 2020-03-17
DIS,8-K,2020-03-19,0001193125-20-078426,https://www.sec.gov/Archives/edgar/data/1744489/000119312520078426/d902851d8k.htm,DIS 8-K filed on 2020-03-19
DIS,8-K,2020-03-23,0001193125-20-081598,https://www.sec.gov/Archives/edgar/data/1744489/000119312520081598/d893090d8k.htm,DIS 8-K filed on 2020-03-23
DIS,8-K,2020-03-30,0001744489-20-000072,https://www.sec.gov/Archives/edgar/data/1744489/000174448920000072/dis-20200330.htm,DIS 8-K filed on 2020-03-30
DIS,8-K,2020-03-30,0001193125-20-090228,https://www.sec.gov/Archives/edgar/data/1744489/000119312520090228/d893789d8k.htm,DIS 8-K filed on 2020-03-30
DIS,8-K,2020-04-13,0001193125-20-105345,https://www.sec.gov/Archives/edgar/data/1744489/000119312520105345/d916954d8k.htm,DIS 8-K filed on 2020-04-13
DIS,8-K,2020-04-15,0001744489-20-000092,https://www.sec.gov/Archives/edgar/data/1744489/000174448920000092/dis-20200414.htm,DIS 8-K filed on 2020-04-15
DIS,10-Q,2020-05-05,0001744489-20-000102,https://www.sec.gov/Archives/edgar/data/1744489/000174448920000102/dis-20200328.htm,DIS 10-Q filed on 2020-05-05
DIS,8-K,2020-05-05,0001744489-20-000101,https://www.sec.gov/Archives/edgar/data/1744489/000174448920000101/dis-20200505.htm,DIS 8-K filed on 2020-05-05
DIS,8-K,2020-05-13,0001193125-20-141148,https://www.sec.gov/Archives/edgar/data/1744489/000119312520141148/d929769d8k.htm,DIS 8-K filed on 2020-05-13
DIS,10-Q,2020-08-04,0001744489-20-000151,https://www.sec.gov/Archives/edgar/data/1744489/000174448920000151/dis-20200627.htm,DIS 10-Q filed on 2020-08-04
DIS,8-K,2020-08-04,0001744489-20-000149,https://www.sec.gov/Archives/edgar/data/1744489/000174448920000149/dis-20200804.htm,DIS 8-K filed on 2020-08-04
DIS,8-K,2020-11-12,0001744489-20-000189,https://www.sec.gov/Archives/edgar/data/1744489/000174448920000189/dis-20201112.htm,DIS 8-K filed on 2020-11-12
DIS,10-K,2020-11-25,0001744489-20-000197,https://www.sec.gov/Archives/edgar/data/1744489/000174448920000197/dis-20201003.htm,DIS 10-K filed on 2020-11-25
DIS,8-K,2020-12-07,0001744489-20-000223,https://www.sec.gov/Archives/edgar/data/1744489/000174448920000223/dis-20201203.htm,DIS 8-K filed on 2020-12-07
DIS,8-K,2021-02-01,0001744489-21-000031,https://www.sec.gov/Archives/edgar/data/1744489/000174448921000031/dis-20210201.htm,DIS 8-K filed on 2021-02-01
DIS,10-Q,2021-02-11,0001744489-21-000047,https://www.sec.gov/Archives/edgar/data/1744489/000174448921000047/dis-20210102.htm,DIS 10-Q filed on 2021-02-11
DIS,8-K,2021-02-11,0001744489-21-000045,https://www.sec.gov/Archives/edgar/data/1744489/000174448921000045/dis-20210211.htm,DIS 8-K filed on 2021-02-11
DIS,8-K,2021-03-08,0001193125-21-073374,https://www.sec.gov/Archives/edgar/data/1744489/000119312521073374/d152591d8k.htm,DIS 8-K filed on 2021-03-08
DIS,8-K,2021-03-10,0001744489-21-000061,https://www.sec.gov/Archives/edgar/data/1744489/000174448921000061/dis-20210309.htm,DIS 8-K filed on 2021-03-10
DIS,8-K,2021-04-01,0001744489-21-000074,https://www.sec.gov/Archives/edgar/data/1744489/000174448921000074/dis-20210401.htm,DIS 8-K filed on 2021-04-01
DIS,8-K,2021-04-06,0001744489-21-000097,https://www.sec.gov/Archives/edgar/data/1744489/000174448921000097/dis-20210330.htm,DIS 8-K filed on 2021-04-06
DIS,10-Q,2021-05-13,0001744489-21-000108,https://www.sec.gov/Archives/edgar/data/1744489/000174448921000108/dis-20210403.htm,DIS 10-Q filed on 2021-05-13
DIS,8-K,2021-05-13,0001744489-21-000105,https://www.sec.gov/Archives/edgar/data/1744489/000174448921000105/dis-20210513.htm,DIS 8-K filed on 2021-05-13
DIS,8-K,2021-05-27,0001744489-21-000121,https://www.sec.gov/Archives/edgar/data/1744489/000174448921000121/dis-20210527.htm,DIS 8-K filed on 2021-05-27
DIS,8-K,2021-07-13,0001744489-21-000172,https://www.sec.gov/Archives/edgar/data/1744489/000174448921000172/dis-20210712.htm,DIS 8-K filed on 2021-07-13
DIS,10-Q,2021-08-12,0001744489-21-000181,https://www.sec.gov/Archives/edgar/data/1744489/000174448921000181/dis-20210703.htm,DIS 10-Q filed on 2021-08-12
DIS,8-K,2021-08-12,0001744489-21-000179,https://www.sec.gov/Archives/edgar/data/1744489/000174448921000179/dis-20210812.htm,DIS 8-K filed on 2021-08-12
DIS,8-K,2021-11-10,0001744489-21-000214,https://www.sec.gov/Archives/edgar/data/1744489/000174448921000214/dis-20211110.htm,DIS 8-K filed on 2021-11-10
DIS,10-K,2021-11-24,0001744489-21-000220,https://www.sec.gov/Archives/edgar/data/1744489/000174448921000220/dis-20211002.htm,DIS 10-K filed on 2021-11-24
DIS,8-K,2021-12-01,0001744489-21-000230,https://www.sec.gov/Archives/edgar/data/1744489/000174448921000230/dis-20211201.htm,DIS 8-K filed on 2021-12-01
DIS,8-K,2021-12-21,0001744489-21-000271,https://www.sec.gov/Archives/edgar/data/1744489/000174448921000271/dis-20211221.htm,DIS 8-K filed on 2021-12-21
DIS,10-Q,2022-02-09,0001744489-22-000059,https://www.sec.gov/Archives/edgar/data/1744489/000174448922000059/dis-20220101.htm,DIS 10-Q filed on 2022-02-09
DIS,8-K,2022-02-09,0001744489-22-000057,https://www.sec.gov/Archives/edgar/data/1744489/000174448922000057/dis-20220209.htm,DIS 8-K filed on 2022-02-09
DIS,8-K,2022-03-09,0001193125-22-070595,https://www.sec.gov/Archives/edgar/data/1744489/000119312522070595/d251268d8k.htm,DIS 8-K filed on 2022-03-09
DIS,8-K,2022-03-10,0001744489-22-000065,https://www.sec.gov/Archives/edgar/data/1744489/000174448922000065/dis-20220309.htm,DIS 8-K filed on 2022-03-10
DIS,10-Q,2022-05-11,0001744489-22-000100,https://www.sec.gov/Archives/edgar/data/1744489/000174448922000100/dis-20220402.htm,DIS 10-Q filed on 2022-05-11
DIS,8-K,2022-05-11,0001744489-22-000099,https://www.sec.gov/Archives/edgar/data/1744489/000174448922000099/dis-20220511.htm,DIS 8-K filed on 2022-05-11
DIS,8-K,2022-06-28,0001744489-22-000121,https://www.sec.gov/Archives/edgar/data/1744489/000174448922000121/dis-20220628.htm,DIS 8-K filed on 2022-06-28
DIS,10-Q,2022-08-10,0001744489-22-000161,https://www.sec.gov/Archives/edgar/data/1744489/000174448922000161/dis-20220702.htm,DIS 10-Q filed on 2022-08-10
DIS,8-K,2022-08-10,0001744489-22-000160,https://www.sec.gov/Archives/edgar/data/1744489/000174448922000160/dis-20220810.htm,DIS 8-K filed on 2022-08-10
DIS,8-K,2022-09-30,0001744489-22-000167,https://www.sec.gov/Archives/edgar/data/1744489/000174448922000167/dis-20220929.htm,DIS 8-K filed on 2022-09-30
DIS,8-K,2022-11-08,0001744489-22-000192,https://www.sec.gov/Archives/edgar/data/1744489/000174448922000192/dis-20221108.htm,DIS 8-K filed on 2022-11-08
DIS,8-K,2022-11-21,0001744489-22-000200,https://www.sec.gov/Archives/edgar/data/1744489/000174448922000200/dis-20221120.htm,DIS 8-K filed on 2022-11-21
DIS,10-K,2022-11-29,0001744489-22-000213,https://www.sec.gov/Archives/edgar/data/1744489/000174448922000213/dis-20221001.htm,DIS 10-K filed on 2022-11-29
DIS,10-Q,2023-02-08,0001744489-23-000049,https://www.sec.gov/Archives/edgar/data/1744489/000174448923000049/dis-20221231.htm,DIS 10-Q filed on 2023-02-08
DIS,8-K,2023-02-08,0001744489-23-000047,https://www.sec.gov/Archives/edgar/data/1744489/000174448923000047/dis-20230208.htm,DIS 8-K filed on 2023-02-08
DIS,8-K,2023-03-07,0001193125-23-063017,https://www.sec.gov/Archives/edgar/data/1744489/000119312523063017/d357807d8k.htm,DIS 8-K filed on 2023-03-07
DIS,8-K,2023-03-13,0001193125-23-068592,https://www.sec.gov/Archives/edgar/data/1744489/000119312523068592/d481576d8k.htm,DIS 8-K filed on 2023-03-13
DIS,8-K,2023-04-04,0001744489-23-000071,https://www.sec.gov/Archives/edgar/data/1744489/000174448923000071/dis-20230403.htm,DIS 8-K filed on 2023-04-04
DIS,8-K,2023-04-20,0001744489-23-000090,https://www.sec.gov/Archives/edgar/data/1744489/000174448923000090/dis-20230418.htm,DIS 8-K filed on 2023-04-20
DIS,10-Q,2023-05-10,0001744489-23-000099,https://www.sec.gov/Archives/edgar/data/1744489/000174448923000099/dis-20230401.htm,DIS 10-Q filed on 2023-05-10
DIS,8-K,2023-05-10,0001744489-23-000097,https://www.sec.gov/Archives/edgar/data/1744489/000174448923000097/dis-20230510.htm,DIS 8-K filed on 2023-05-10
DIS,8-K,2023-06-02,0001744489-23-000107,https://www.sec.gov/Archives/edgar/data/1744489/000174448923000107/dis-20230526.htm,DIS 8-K filed on 2023-06-02
DIS,8-K,2023-06-12,0001193125-23-164950,https://www.sec.gov/Archives/edgar/data/1744489/000119312523164950/d444039d8k.htm,DIS 8-K filed on 2023-06-12
DIS,8-K,2023-06-15,0001744489-23-000112,https://www.sec.gov/Archives/edgar/data/1744489/000174448923000112/dis-20230615.htm,DIS 8-K filed on 2023-06-15
DIS,8-K,2023-07-12,0001744489-23-000158,https://www.sec.gov/Archives/edgar/data/1744489/000174448923000158/dis-20230712.htm,DIS 8-K filed on 2023-07-12
DIS,10-Q,2023-08-09,0001744489-23-000171,https://www.sec.gov/Archives/edgar/data/1744489/000174448923000171/dis-20230701.htm,DIS 10-Q filed on 2023-08-09
DIS,8-K,2023-08-09,0001744489-23-000169,https://www.sec.gov/Archives/edgar/data/1744489/000174448923000169/dis-20230809.htm,DIS 8-K filed on 2023-08-09
DIS,8-K,2023-09-08,0001193125-23-231673,https://www.sec.gov/Archives/edgar/data/1744489/000119312523231673/d541232d8k.htm,DIS 8-K filed on 2023-09-08
DIS,8-K,2023-09-19,0001744489-23-000174,https://www.sec.gov/Archives/edgar/data/1744489/000174448923000174/dis-20230919.htm,DIS 8-K filed on 2023-09-19
DIS,8-K,2023-10-18,0001744489-23-000203,https://www.sec.gov/Archives/edgar/data/1744489/000174448923000203/dis-20231018.htm,DIS 8-K filed on 2023-10-18
DIS,8-K,2023-11-01,0001744489-23-000206,https://www.sec.gov/Archives/edgar/data/1744489/000174448923000206/dis-20231101.htm,DIS 8-K filed on 2023-11-01
DIS,8-K,2023-11-06,0001744489-23-000209,https://www.sec.gov/Archives/edgar/data/1744489/000174448923000209/dis-20231102.htm,DIS 8-K filed on 2023-11-06
DIS,8-K,2023-11-08,0001744489-23-000213,https://www.sec.gov/Archives/edgar/data/1744489/000174448923000213/dis-20231108.htm,DIS 8-K filed on 2023-11-08
DIS,10-K,2023-11-21,0001744489-23-000216,https://www.sec.gov/Archives/edgar/data/1744489/000174448923000216/dis-20230930.htm,DIS 10-K filed on 2023-11-21
DIS,8-K,2023-11-29,0001744489-23-000221,https://www.sec.gov/Archives/edgar/data/1744489/000174448923000221/dis-20231129.htm,DIS 8-K filed on 2023-11-29
DIS,8-K,2023-11-30,0001744489-23-000232,https://www.sec.gov/Archives/edgar/data/1744489/000174448923000232/dis-20231130.htm,DIS 8-K filed on 2023-11-30
DIS,8-K,2023-12-22,0001744489-23-000274,https://www.sec.gov/Archives/edgar/data/1744489/000174448923000274/dis-20231221.htm,DIS 8-K filed on 2023-12-22
DIS,10-Q,2024-02-07,0001744489-24-000081,https://www.sec.gov/Archives/edgar/data/1744489/000174448924000081/dis-20231230.htm,DIS 10-Q filed on 2024-02-07
DIS,8-K,2024-02-07,0001744489-24-000079,https://www.sec.gov/Archives/edgar/data/1744489/000174448924000079/dis-20240207.htm,DIS 8-K filed on 2024-02-07
DIS,8-K,2024-02-28,0001193125-24-049404,https://www.sec.gov/Archives/edgar/data/1744489/000119312524049404/d800554d8k.htm,DIS 8-K filed on 2024-02-28
DIS,8-K,2024-03-04,0001193125-24-057958,https://www.sec.gov/Archives/edgar/data/1744489/000119312524057958/d759203d8k.htm,DIS 8-K filed on 2024-03-04
DIS,8-K,2024-04-03,0000950157-24-000570,https://www.sec.gov/Archives/edgar/data/1744489/000095015724000570/form8-k.htm,DIS 8-K filed on 2024-04-03
DIS,8-K,2024-04-09,0000950157-24-000595,https://www.sec.gov/Archives/edgar/data/1744489/000095015724000595/form8-k.htm,DIS 8-K filed on 2024-04-09
DIS,10-Q,2024-05-07,0001744489-24-000152,https://www.sec.gov/Archives/edgar/data/1744489/000174448924000152/dis-20240330.htm,DIS 10-Q filed on 2024-05-07
DIS,8-K,2024-05-07,0001744489-24-000149,https://www.sec.gov/Archives/edgar/data/1744489/000174448924000149/dis-20240507.htm,DIS 8-K filed on 2024-05-07
DIS,8-K,2024-07-19,0001744489-24-000226,https://www.sec.gov/Archives/edgar/data/1744489/000174448924000226/dis-20240718.htm,DIS 8-K filed on 2024-07-19
DIS,10-Q,2024-08-07,0001744489-24-000232,https://www.sec.gov/Archives/edgar/data/1744489/000174448924000232/dis-20240629.htm,DIS 10-Q filed on 2024-08-07
DIS,8-K,2024-08-07,0001744489-24-000231,https://www.sec.gov/Archives/edgar/data/1744489/000174448924000231/dis-20240807.htm,DIS 8-K filed on 2024-08-07
DIS,8-K,2024-10-21,0001744489-24-000262,https://www.sec.gov/Archives/edgar/data/1744489/000174448924000262/dis-20241018.htm,DIS 8-K filed on 2024-10-21
DIS,10-K,2024-11-14,0001744489-24-000276,https://www.sec.gov/Archives/edgar/data/1744489/000174448924000276/dis-20240928.htm,DIS 10-K filed on 2024-11-14
DIS,8-K,2024-11-14,0001744489-24-000275,https://www.sec.gov/Archives/edgar/data/1744489/000174448924000275/dis-20241114.htm,DIS 8-K filed on 2024-11-14
DIS,8-K,2025-01-06,0000950157-25-000034,https://www.sec.gov/Archives/edgar/data/1744489/000095015725000034/form8-k.htm,DIS 8-K filed on 2025-01-06
DIS,10-Q,2025-02-05,0001744489-25-000067,https://www.sec.gov/Archives/edgar/data/1744489/000174448925000067/dis-20241228.htm,DIS 10-Q filed on 2025-02-05
DIS,8-K,2025-02-05,0001744489-25-000066,https://www.sec.gov/Archives/edgar/data/1744489/000174448925000066/dis-20250205.htm,DIS 8-K filed on 2025-02-05
DIS,8-K,2025-03-04,0001193125-25-045574,https://www.sec.gov/Archives/edgar/data/1744489/000119312525045574/d917979d8k.htm,DIS 8-K filed on 2025-03-04
DIS,8-K,2025-03-24,0001744489-25-000079,https://www.sec.gov/Archives/edgar/data/1744489/000174448925000079/dis-20250320.htm,DIS 8-K filed on 2025-03-24
DIS,10-Q,2025-05-07,0001744489-25-000098,https://www.sec.gov/Archives/edgar/data/1744489/000174448925000098/dis-20250329.htm,DIS 10-Q filed on 2025-05-07
DIS,8-K,2025-05-07,0001744489-25-000096,https://www.sec.gov/Archives/edgar/data/1744489/000174448925000096/dis-20250507.htm,DIS 8-K filed on 2025-05-07
DIS,8-K,2025-06-09,0001744489-25-000126,https://www.sec.gov/Archives/edgar/data/1744489/000174448925000126/dis-20250609.htm,DIS 8-K filed on 2025-06-09
GOOGL,8-K,2022-07-13,0001193125-22-192153,https://www.sec.gov/Archives/edgar/data/1652044/000119312522192153/d373544d8k.htm,GOOGL 8-K filed on 2022-07-13
GOOGL,8-K,2022-07-14,0001193125-22-193655,https://www.sec.gov/Archives/edgar/data/1652044/000119312522193655/d336210d8k.htm,GOOGL 8-K filed on 2022-07-14
GOOGL,8-K,2022-07-26,0001652044-22-000068,https://www.sec.gov/Archives/edgar/data/1652044/000165204422000068/goog-20220726.htm,GOOGL 8-K filed on 2022-07-26
GOOGL,10-Q,2022-07-27,0001652044-22-000071,https://www.sec.gov/Archives/edgar/data/1652044/000165204422000071/goog-20220630.htm,GOOGL 10-Q filed on 2022-07-27
GOOGL,8-K,2022-10-25,0001652044-22-000085,https://www.sec.gov/Archives/edgar/data/1652044/000165204422000085/goog-20221025.htm,GOOGL 8-K filed on 2022-10-25
GOOGL,10-Q,2022-10-26,0001652044-22-000090,https://www.sec.gov/Archives/edgar/data/1652044/000165204422000090/goog-20220930.htm,GOOGL 10-Q filed on 2022-10-26
GOOGL,8-K,2022-12-21,0001193125-22-310153,https://www.sec.gov/Archives/edgar/data/1652044/000119312522310153/d441338d8k.htm,GOOGL 8-K filed on 2022-12-21
GOOGL,8-K,2023-01-20,0001193125-23-011424,https://www.sec.gov/Archives/edgar/data/1652044/000119312523011424/d454494d8k.htm,GOOGL 8-K filed on 2023-01-20
GOOGL,8-K,2023-01-25,0001652044-23-000005,https://www.sec.gov/Archives/edgar/data/1652044/000165204423000005/goog-20230124.htm,GOOGL 8-K filed on 2023-01-25
GOOGL,8-K,2023-02-02,0001652044-23-000013,https://www.sec.gov/Archives/edgar/data/1652044/000165204423000013/goog-20230202.htm,GOOGL 8-K filed on 2023-02-02
GOOGL,10-K,2023-02-03,0001652044-23-000016,https://www.sec.gov/Archives/edgar/data/1652044/000165204423000016/goog-20221231.htm,GOOGL 10-K filed on 2023-02-03
GOOGL,8-K,2023-04-20,0001652044-23-000034,https://www.sec.gov/Archives/edgar/data/1652044/000165204423000034/goog-20230420.htm,GOOGL 8-K filed on 2023-04-20
GOOGL,8-K,2023-04-21,0001193125-23-110657,https://www.sec.gov/Archives/edgar/data/1652044/000119312523110657/d490635d8k.htm,GOOGL 8-K filed on 2023-04-21
GOOGL,8-K,2023-04-25,0001652044-23-000041,https://www.sec.gov/Archives/edgar/data/1652044/000165204423000041/goog-20230425.htm,GOOGL 8-K filed on 2023-04-25
GOOGL,10-Q,2023-04-26,0001652044-23-000045,https://www.sec.gov/Archives/edgar/data/1652044/000165204423000045/goog-20230331.htm,GOOGL 10-Q filed on 2023-04-26
GOOGL,8-K,2023-06-08,0001193125-23-163590,https://www.sec.gov/Archives/edgar/data/1652044/000119312523163590/d442583d8k.htm,GOOGL 8-K filed on 2023-06-08
GOOGL,8-K,2023-07-25,0001652044-23-000067,https://www.sec.gov/Archives/edgar/data/1652044/000165204423000067/goog-20230720.htm,GOOGL 8-K filed on 2023-07-25
GOOGL,10-Q,2023-07-26,0001652044-23-000070,https://www.sec.gov/Archives/edgar/data/1652044/000165204423000070/goog-20230630.htm,GOOGL 10-Q filed on 2023-07-26
GOOGL,8-K,2023-10-24,0001652044-23-000088,https://www.sec.gov/Archives/edgar/data/1652044/000165204423000088/goog-20231018.htm,GOOGL 8-K filed on 2023-10-24
GOOGL,10-Q,2023-10-25,0001652044-23-000094,https://www.sec.gov/Archives/edgar/data/1652044/000165204423000094/goog-20230930.htm,GOOGL 10-Q filed on 2023-10-25
GOOGL,8-K,2024-01-30,0001652044-24-000014,https://www.sec.gov/Archives/edgar/data/1652044/000165204424000014/goog-20240130.htm,GOOGL 8-K filed on 2024-01-30
GOOGL,10-K,2024-01-31,0001652044-24-000022,https://www.sec.gov/Archives/edgar/data/1652044/000165204424000022/goog-20231231.htm,GOOGL 10-K filed on 2024-01-31
GOOGL,8-K,2024-02-08,0001652044-24-000032,https://www.sec.gov/Archives/edgar/data/1652044/000165204424000032/goog-20240208.htm,GOOGL 8-K filed on 2024-02-08
GOOGL,8-K,2024-04-25,0001652044-24-000047,https://www.sec.gov/Archives/edgar/data/1652044/000165204424000047/goog-20240425.htm,GOOGL 8-K filed on 2024-04-25
GOOGL,10-Q,2024-04-26,0001652044-24-000053,https://www.sec.gov/Archives/edgar/data/1652044/000165204424000053/goog-20240331.htm,GOOGL 10-Q filed on 2024-04-26
GOOGL,8-K,2024-06-05,0001193125-24-154725,https://www.sec.gov/Archives/edgar/data/1652044/000119312524154725/d837191d8k.htm,GOOGL 8-K filed on 2024-06-05
GOOGL,8-K,2024-06-07,0001193125-24-157498,https://www.sec.gov/Archives/edgar/data/1652044/000119312524157498/d787017d8k.htm,GOOGL 8-K filed on 2024-06-07
GOOGL,8-K,2024-06-13,0001193125-24-160721,https://www.sec.gov/Archives/edgar/data/1652044/000119312524160721/d805807d8k.htm,GOOGL 8-K filed on 2024-06-13
GOOGL,8-K,2024-06-26,0001193125-24-168745,https://www.sec.gov/Archives/edgar/data/1652044/000119312524168745/d809715d8k.htm,GOOGL 8-K filed on 2024-06-26
GOOGL,8-K,2024-07-23,0001652044-24-000076,https://www.sec.gov/Archives/edgar/data/1652044/000165204424000076/goog-20240723.htm,GOOGL 8-K filed on 2024-07-23
GOOGL,10-Q,2024-07-24,0001652044-24-000079,https://www.sec.gov/Archives/edgar/data/1652044/000165204424000079/goog-20240630.htm,GOOGL 10-Q filed on 2024-07-24
GOOGL,8-K,2024-08-06,0001652044-24-000085,https://www.sec.gov/Archives/edgar/data/1652044/000165204424000085/goog-20240805.htm,GOOGL 8-K filed on 2024-08-06
GOOGL,8-K,2024-09-24,0001652044-24-000097,https://www.sec.gov/Archives/edgar/data/1652044/000165204424000097/goog-20240924.htm,GOOGL 8-K filed on 2024-09-24
GOOGL,8-K,2024-10-17,0001193125-24-238769,https://www.sec.gov/Archives/edgar/data/1652044/000119312524238769/d627891d8k.htm,GOOGL 8-K filed on 2024-10-17
GOOGL,8-K,2024-10-29,0001652044-24-000115,https://www.sec.gov/Archives/edgar/data/1652044/000165204424000115/goog-20241029.htm,GOOGL 8-K filed on 2024-10-29
GOOGL,10-Q,2024-10-30,0001652044-24-000118,https://www.sec.gov/Archives/edgar/data/1652044/000165204424000118/goog-20240930.htm,GOOGL 10-Q filed on 2024-10-30
GOOGL,8-K,2025-02-04,0001652044-25-000010,https://www.sec.gov/Archives/edgar/data/1652044/000165204425000010/goog-20250204.htm,GOOGL 8-K filed on 2025-02-04
GOOGL,10-K,2025-02-05,0001652044-25-000014,https://www.sec.gov/Archives/edgar/data/1652044/000165204425000014/goog-20241231.htm,GOOGL 10-K filed on 2025-02-05
GOOGL,8-K,2025-03-18,0001652044-25-000027,https://www.sec.gov/Archives/edgar/data/1652044/000165204425000027/goog-20250318.htm,GOOGL 8-K filed on 2025-03-18
GOOGL,8-K,2025-04-18,0001652044-25-000033,https://www.sec.gov/Archives/edgar/data/1652044/000165204425000033/goog-20250417.htm,GOOGL 8-K filed on 2025-04-18
GOOGL,8-K,2025-04-24,0001652044-25-000040,https://www.sec.gov/Archives/edgar/data/1652044/000165204425000040/goog-20250423.htm,GOOGL 8-K filed on 2025-04-24
GOOGL,10-Q,2025-04-25,0001652044-25-000043,https://www.sec.gov/Archives/edgar/data/1652044/000165204425000043/goog-20250331.htm,GOOGL 10-Q filed on 2025-04-25
GOOGL,8-K,2025-05-01,0001193125-25-110020,https://www.sec.gov/Archives/edgar/data/1652044/000119312525110020/d884388d8k.htm,GOOGL 8-K filed on 2025-05-01
GOOGL,8-K,2025-05-06,0001193125-25-113864,https://www.sec.gov/Archives/edgar/data/1652044/000119312525113864/d859422d8k.htm,GOOGL 8-K filed on 2025-05-06
GOOGL,8-K,2025-06-12,0001193125-25-139948,https://www.sec.gov/Archives/edgar/data/1652044/000119312525139948/d949049d8k.htm,GOOGL 8-K filed on 2025-06-12
GS,8-K,2025-02-26,0001193125-25-036755,https://www.sec.gov/Archives/edgar/data/886982/000119312525036755/d847633d8k.htm,GS 8-K filed on 2025-02-26
GS,10-K,2025-02-27,0000886982-25-000005,https://www.sec.gov/Archives/edgar/data/886982/000088698225000005/gs-20241231.htm,GS 10-K filed on 2025-02-27
GS,8-K,2025-04-14,0001193125-25-079625,https://www.sec.gov/Archives/edgar/data/886982/000119312525079625/d750054d8k.htm,GS 8-K filed on 2025-04-14
GS,8-K,2025-04-23,0001193125-25-091404,https://www.sec.gov/Archives/edgar/data/886982/000119312525091404/d933184d8k.htm,GS 8-K filed on 2025-04-23
GS,8-K,2025-04-24,0001193125-25-093530,https://www.sec.gov/Archives/edgar/data/886982/000119312525093530/d787120d8k.htm,GS 8-K filed on 2025-04-24
GS,10-Q,2025-05-02,0000886982-25-000009,https://www.sec.gov/Archives/edgar/data/886982/000088698225000009/gs-20250331.htm,GS 10-Q filed on 2025-05-02
JNJ,8-K,2020-01-22,0000200406-20-000004,https://www.sec.gov/Archives/edgar/data/200406/000020040620000004/a2019q4cover.htm,JNJ 8-K filed on 2020-01-22
JNJ,8-K,2020-02-13,0000200406-20-000006,https://www.sec.gov/Archives/edgar/data/200406/000020040620000006/a20200212amendmenttocoi.htm,JNJ 8-K filed on 2020-02-13
JNJ,10-K,2020-02-18,0000200406-20-000010,https://www.sec.gov/Archives/edgar/data/200406/000020040620000010/form10-k20191229.htm,JNJ 10-K filed on 2020-02-18
JNJ,8-K,2020-04-14,0000200406-20-000026,https://www.sec.gov/Archives/edgar/data/200406/000020040620000026/a2020q1cover.htm,JNJ 8-K filed on 2020-04-14
JNJ,10-Q,2020-04-29,0000200406-20-000035,https://www.sec.gov/Archives/edgar/data/200406/000020040620000035/a1q10q03-29x20.htm,JNJ 10-Q filed on 2020-04-29
JNJ,8-K,2020-04-29,0000200406-20-000034,https://www.sec.gov/Archives/edgar/data/200406/000020040620000034/a20200423voteandcoi.htm,JNJ 8-K filed on 2020-04-29
JNJ,8-K,2020-06-10,0000200406-20-000039,https://www.sec.gov/Archives/edgar/data/200406/000020040620000039/a20200609by-laws.htm,JNJ 8-K filed on 2020-06-10
JNJ,8-K,2020-07-16,0000200406-20-000047,https://www.sec.gov/Archives/edgar/data/200406/000020040620000047/jnj-20200716.htm,JNJ 8-K filed on 2020-07-16
JNJ,10-Q,2020-07-24,0000200406-20-000050,https://www.sec.gov/Archives/edgar/data/200406/000020040620000050/jnj-20200628.htm,JNJ 10-Q filed on 2020-07-24
JNJ,8-K,2020-08-12,0000200406-20-000052,https://www.sec.gov/Archives/edgar/data/200406/000020040620000052/jnj-20200812.htm,JNJ 8-K filed on 2020-08-12
JNJ,8-K,2020-08-25,0001193125-20-229970,https://www.sec.gov/Archives/edgar/data/200406/000119312520229970/d926663d8k.htm,JNJ 8-K filed on 2020-08-25
JNJ,8-K,2020-10-01,0001193125-20-261326,https://www.sec.gov/Archives/edgar/data/200406/000119312520261326/d22531d8k.htm,JNJ 8-K filed on 2020-10-01
JNJ,8-K,2020-10-13,0000200406-20-000054,https://www.sec.gov/Archives/edgar/data/200406/000020040620000054/jnj-20201013.htm,JNJ 8-K filed on 2020-10-13
JNJ,10-Q,2020-10-23,0000200406-20-000056,https://www.sec.gov/Archives/edgar/data/200406/000020040620000056/jnj-20200927.htm,JNJ 10-Q filed on 2020-10-23
JNJ,8-K,2020-11-03,0000200406-20-000059,https://www.sec.gov/Archives/edgar/data/200406/000020040620000059/jnj-20201103.htm,JNJ 8-K filed on 2020-11-03
JNJ,8-K,2020-12-03,0000200406-20-000061,https://www.sec.gov/Archives/edgar/data/200406/000020040620000061/jnj-20201203.htm,JNJ 8-K filed on 2020-12-03
JNJ,8-K,2021-01-26,0000200406-21-000006,https://www.sec.gov/Archives/edgar/data/200406/000020040621000006/jnj-20210126.htm,JNJ 8-K filed on 2021-01-26
JNJ,10-K,2021-02-22,0000200406-21-000008,https://www.sec.gov/Archives/edgar/data/200406/000020040621000008/jnj-20210103.htm,JNJ 10-K filed on 2021-02-22
JNJ,8-K,2021-04-20,0000200406-21-000024,https://www.sec.gov/Archives/edgar/data/200406/000020040621000024/jnj-20210420.htm,JNJ 8-K filed on 2021-04-20
JNJ,8-K,2021-04-26,0000200406-21-000030,https://www.sec.gov/Archives/edgar/data/200406/000020040621000030/jnj-20210422.htm,JNJ 8-K filed on 2021-04-26
JNJ,10-Q,2021-04-30,0000200406-21-000036,https://www.sec.gov/Archives/edgar/data/200406/000020040621000036/jnj-20210404.htm,JNJ 10-Q filed on 2021-04-30
JNJ,8-K,2021-06-01,0000200406-21-000040,https://www.sec.gov/Archives/edgar/data/200406/000020040621000040/jnj-20210601.htm,JNJ 8-K filed on 2021-06-01
JNJ,8-K,2021-07-21,0000200406-21-000053,https://www.sec.gov/Archives/edgar/data/200406/000020040621000053/jnj-20210721.htm,JNJ 8-K filed on 2021-07-21
JNJ,10-Q,2021-07-29,0000200406-21-000057,https://www.sec.gov/Archives/edgar/data/200406/000020040621000057/jnj-20210704.htm,JNJ 10-Q filed on 2021-07-29
JNJ,8-K,2021-08-20,0000200406-21-000061,https://www.sec.gov/Archives/edgar/data/200406/000020040621000061/jnj-20210819.htm,JNJ 8-K filed on 2021-08-20
JNJ,8-K,2021-10-12,0000200406-21-000063,https://www.sec.gov/Archives/edgar/data/200406/000020040621000063/jnj-20211012.htm,JNJ 8-K filed on 2021-10-12
JNJ,8-K,2021-10-19,0000200406-21-000067,https://www.sec.gov/Archives/edgar/data/200406/000020040621000067/jnj-20211019.htm,JNJ 8-K filed on 2021-10-19
JNJ,10-Q,2021-10-29,0000200406-21-000070,https://www.sec.gov/Archives/edgar/data/200406/000020040621000070/jnj-20211003.htm,JNJ 10-Q filed on 2021-10-29
JNJ,8-K,2021-11-15,0000200406-21-000072,https://www.sec.gov/Archives/edgar/data/200406/000020040621000072/jnj-20211115.htm,JNJ 8-K filed on 2021-11-15
JNJ,8-K,2022-01-06,0000200406-22-000004,https://www.sec.gov/Archives/edgar/data/200406/000020040622000004/jnj-20220106.htm,JNJ 8-K filed on 2022-01-06
JNJ,8-K,2022-01-25,0000200406-22-000012,https://www.sec.gov/Archives/edgar/data/200406/000020040622000012/jnj-20220125.htm,JNJ 8-K filed on 2022-01-25
JNJ,8-K,2022-02-02,0000200406-22-000015,https://www.sec.gov/Archives/edgar/data/200406/000020040622000015/jnj-20220128.htm,JNJ 8-K filed on 2022-02-02
JNJ,8-K,2022-02-16,0000200406-22-000017,https://www.sec.gov/Archives/edgar/data/200406/000020040622000017/jnj-20220215.htm,JNJ 8-K filed on 2022-02-16
JNJ,10-K,2022-02-17,0000200406-22-000022,https://www.sec.gov/Archives/edgar/data/200406/000020040622000022/jnj-20220102.htm,JNJ 10-K filed on 2022-02-17
JNJ,8-K,2022-04-19,0000200406-22-000038,https://www.sec.gov/Archives/edgar/data/200406/000020040622000038/jnj-20220419.htm,JNJ 8-K filed on 2022-04-19
JNJ,10-Q,2022-04-29,0000200406-22-000048,https://www.sec.gov/Archives/edgar/data/200406/000020040622000048/jnj-20220403.htm,JNJ 10-Q filed on 2022-04-29
JNJ,8-K,2022-04-29,0000200406-22-000047,https://www.sec.gov/Archives/edgar/data/200406/000020040622000047/jnj-20220428.htm,JNJ 8-K filed on 2022-04-29
JNJ,8-K,2022-07-19,0000200406-22-000063,https://www.sec.gov/Archives/edgar/data/200406/000020040622000063/jnj-20220719.htm,JNJ 8-K filed on 2022-07-19
JNJ,10-Q,2022-07-29,0000200406-22-000071,https://www.sec.gov/Archives/edgar/data/200406/000020040622000071/jnj-20220703.htm,JNJ 10-Q filed on 2022-07-29
JNJ,8-K,2022-09-14,0000200406-22-000076,https://www.sec.gov/Archives/edgar/data/200406/000020040622000076/jnj-20220914.htm,JNJ 8-K filed on 2022-09-14
JNJ,8-K,2022-10-18,0000200406-22-000081,https://www.sec.gov/Archives/edgar/data/200406/000020040622000081/jnj-20221018.htm,JNJ 8-K filed on 2022-10-18
JNJ,10-Q,2022-10-27,0000200406-22-000086,https://www.sec.gov/Archives/edgar/data/200406/000020040622000086/jnj-20221002.htm,JNJ 10-Q filed on 2022-10-27
JNJ,8-K,2022-11-01,0001193125-22-274491,https://www.sec.gov/Archives/edgar/data/200406/000119312522274491/d395813d8k.htm,JNJ 8-K filed on 2022-11-01
JNJ,8-K,2022-12-01,0000200406-22-000089,https://www.sec.gov/Archives/edgar/data/200406/000020040622000089/jnj-20221130.htm,JNJ 8-K filed on 2022-12-01
JNJ,8-K,2022-12-22,0001193125-22-311072,https://www.sec.gov/Archives/edgar/data/200406/000119312522311072/d428734d8k.htm,JNJ 8-K filed on 2022-12-22
JNJ,8-K,2023-01-24,0000200406-23-000005,https://www.sec.gov/Archives/edgar/data/200406/000020040623000005/jnj-20230124.htm,JNJ 8-K filed on 2023-01-24
JNJ,8-K,2023-02-14,0000200406-23-000008,https://www.sec.gov/Archives/edgar/data/200406/000020040623000008/jnj-20230214.htm,JNJ 8-K filed on 2023-02-14
JNJ,10-K,2023-02-16,0000200406-23-000016,https://www.sec.gov/Archives/edgar/data/200406/000020040623000016/jnj-20230101.htm,JNJ 10-K filed on 2023-02-16
JNJ,8-K,2023-04-03,0000200406-23-000032,https://www.sec.gov/Archives/edgar/data/200406/000020040623000032/jnj-20230331.htm,JNJ 8-K filed on 2023-04-03
JNJ,8-K,2023-04-04,0000200406-23-000037,https://www.sec.gov/Archives/edgar/data/200406/000020040623000037/jnj-20230404.htm,JNJ 8-K filed on 2023-04-04
JNJ,8-K,2023-04-18,0000200406-23-000043,https://www.sec.gov/Archives/edgar/data/200406/000020040623000043/jnj-20230418.htm,JNJ 8-K filed on 2023-04-18
JNJ,10-Q,2023-04-28,0000200406-23-000056,https://www.sec.gov/Archives/edgar/data/200406/000020040623000056/jnj-20230402.htm,JNJ 10-Q filed on 2023-04-28
JNJ,8-K,2023-05-01,0000200406-23-000059,https://www.sec.gov/Archives/edgar/data/200406/000020040623000059/jnj-20230427.htm,JNJ 8-K filed on 2023-05-01
JNJ,8-K,2023-05-08,0001193125-23-138287,https://www.sec.gov/Archives/edgar/data/200406/000119312523138287/d301195d8k.htm,JNJ 8-K filed on 2023-05-08
JNJ,8-K,2023-07-20,0000200406-23-000073,https://www.sec.gov/Archives/edgar/data/200406/000020040623000073/jnj-20230720.htm,JNJ 8-K filed on 2023-07-20
JNJ,8-K,2023-07-24,0001628280-23-025388,https://www.sec.gov/Archives/edgar/data/200406/000162828023025388/jnj-20230724.htm,JNJ 8-K filed on 2023-07-24
JNJ,8-K,2023-07-28,0001628280-23-026095,https://www.sec.gov/Archives/edgar/data/200406/000162828023026095/jnj-20230728.htm,JNJ 8-K filed on 2023-07-28
JNJ,10-Q,2023-07-31,0000200406-23-000082,https://www.sec.gov/Archives/edgar/data/200406/000020040623000082/jnj-20230702.htm,JNJ 10-Q filed on 2023-07-31
JNJ,8-K,2023-08-25,0000200406-23-000086,https://www.sec.gov/Archives/edgar/data/200406/000020040623000086/jnj-20230823.htm,JNJ 8-K filed on 2023-08-25
JNJ,8-K,2023-08-30,0000200406-23-000091,https://www.sec.gov/Archives/edgar/data/200406/000020040623000091/jnj-20230830.htm,JNJ 8-K filed on 2023-08-30
JNJ,8-K,2023-10-17,0000200406-23-000094,https://www.sec.gov/Archives/edgar/data/200406/000020040623000094/jnj-20231017.htm,JNJ 8-K filed on 2023-10-17
JNJ,8-K,2023-10-23,0000200406-23-000096,https://www.sec.gov/Archives/edgar/data/200406/000020040623000096/jnj-20231020.htm,JNJ 8-K filed on 2023-10-23
JNJ,10-Q,2023-10-27,0000200406-23-000102,https://www.sec.gov/Archives/edgar/data/200406/000020040623000102/jnj-20231001.htm,JNJ 10-Q filed on 2023-10-27
JNJ,8-K,2023-11-27,0000200406-23-000105,https://www.sec.gov/Archives/edgar/data/200406/000020040623000105/jnj-20231121.htm,JNJ 8-K filed on 2023-11-27
JNJ,8-K,2023-11-30,0000200406-23-000109,https://www.sec.gov/Archives/edgar/data/200406/000020040623000109/jnj-20231130.htm,JNJ 8-K filed on 2023-11-30
JNJ,8-K,2023-12-05,0000200406-23-000115,https://www.sec.gov/Archives/edgar/data/200406/000020040623000115/jnj-20231130.htm,JNJ 8-K filed on 2023-12-05
JNJ,8-K,2023-12-05,0000200406-23-000112,https://www.sec.gov/Archives/edgar/data/200406/000020040623000112/jnj-20231205.htm,JNJ 8-K filed on 2023-12-05
JNJ,8-K,2024-01-23,0000200406-24-000004,https://www.sec.gov/Archives/edgar/data/200406/000020040624000004/jnj-20240123.htm,JNJ 8-K filed on 2024-01-23
JNJ,10-K,2024-02-16,0000200406-24-000013,https://www.sec.gov/Archives/edgar/data/200406/000020040624000013/jnj-20231231.htm,JNJ 10-K filed on 2024-02-16
JNJ,8-K,2024-04-16,0000200406-24-000031,https://www.sec.gov/Archives/edgar/data/200406/000020040624000031/jnj-20240416.htm,JNJ 8-K filed on 2024-04-16
JNJ,8-K,2024-04-29,0000200406-24-000043,https://www.sec.gov/Archives/edgar/data/200406/000020040624000043/jnj-20240425.htm,JNJ 8-K filed on 2024-04-29
JNJ,10-Q,2024-05-01,0000200406-24-000049,https://www.sec.gov/Archives/edgar/data/200406/000020040624000049/jnj-20240331.htm,JNJ 10-Q filed on 2024-05-01
JNJ,8-K,2024-05-01,0000200406-24-000048,https://www.sec.gov/Archives/edgar/data/200406/000020040624000048/jnj-20240501.htm,JNJ 8-K filed on 2024-05-01
JNJ,8-K,2024-05-17,0000200406-24-000053,https://www.sec.gov/Archives/edgar/data/200406/000020040624000053/jnj-20240517.htm,JNJ 8-K filed on 2024-05-17
JNJ,8-K,2024-05-20,0001193125-24-142828,https://www.sec.gov/Archives/edgar/data/200406/000119312524142828/d746288d8k.htm,JNJ 8-K filed on 2024-05-20
JNJ,8-K,2024-07-17,0000200406-24-000071,https://www.sec.gov/Archives/edgar/data/200406/000020040624000071/jnj-20240717.htm,JNJ 8-K filed on 2024-07-17
JNJ,10-Q,2024-07-25,0000200406-24-000075,https://www.sec.gov/Archives/edgar/data/200406/000020040624000075/jnj-20240630.htm,JNJ 10-Q filed on 2024-07-25
JNJ,8-K,2024-08-26,0000200406-24-000079,https://www.sec.gov/Archives/edgar/data/200406/000020040624000079/jnj-20240826.htm,JNJ 8-K filed on 2024-08-26
JNJ,8-K,2024-09-10,0000200406-24-000081,https://www.sec.gov/Archives/edgar/data/200406/000020040624000081/jnj-20240910.htm,JNJ 8-K filed on 2024-09-10
JNJ,8-K,2024-09-20,0000200406-24-000083,https://www.sec.gov/Archives/edgar/data/200406/000020040624000083/jnj-20240920.htm,JNJ 8-K filed on 2024-09-20
JNJ,8-K,2024-10-15,0000200406-24-000088,https://www.sec.gov/Archives/edgar/data/200406/000020040624000088/jnj-20241015.htm,JNJ 8-K filed on 2024-10-15
JNJ,10-Q,2024-10-23,0000200406-24-000096,https://www.sec.gov/Archives/edgar/data/200406/000020040624000096/jnj-20240929.htm,JNJ 10-Q filed on 2024-10-23
JNJ,8-K,2025-01-22,0000200406-25-000003,https://www.sec.gov/Archives/edgar/data/200406/000020040625000003/jnj-20250122.htm,JNJ 8-K filed on 2025-01-22
JNJ,10-K,2025-02-13,0000200406-25-000038,https://www.sec.gov/Archives/edgar/data/200406/000020040625000038/jnj-20241229.htm,JNJ 10-K filed on 2025-02-13
JNJ,8-K,2025-02-20,0001193125-25-030851,https://www.sec.gov/Archives/edgar/data/200406/000119312525030851/d866332d8k.htm,JNJ 8-K filed on 2025-02-20
JNJ,8-K,2025-02-26,0001193125-25-036773,https://www.sec.gov/Archives/edgar/data/200406/000119312525036773/d863514d8k.htm,JNJ 8-K filed on 2025-02-26
JNJ,8-K,2025-04-03,0000200406-25-000106,https://www.sec.gov/Archives/edgar/data/200406/000020040625000106/jnj-20250331.htm,JNJ 8-K filed on 2025-04-03
JNJ,8-K,2025-04-15,0000200406-25-000110,https://www.sec.gov/Archives/edgar/data/200406/000020040625000110/jnj-20250415.htm,JNJ 8-K filed on 2025-04-15
JNJ,10-Q,2025-04-23,0000200406-25-000119,https://www.sec.gov/Archives/edgar/data/200406/000020040625000119/jnj-20250330.htm,JNJ 10-Q filed on 2025-04-23
JNJ,8-K,2025-04-30,0000200406-25-000141,https://www.sec.gov/Archives/edgar/data/200406/000020040625000141/jnj-20250424.htm,JNJ 8-K filed on 2025-04-30
JNJ,8-K,2025-06-10,0000200406-25-000152,https://www.sec.gov/Archives/edgar/data/200406/000020040625000152/jnj-20250610.htm,JNJ 8-K filed on 2025-06-10
JPM,10-K,2025-02-14,0000019617-25-000270,https://www.sec.gov/Archives/edgar/data/19617/000001961725000270/jpm-20241231.htm,JPM 10-K filed on 2025-02-14
JPM,8-K,2025-04-10,0001193125-25-078015,https://www.sec.gov/Archives/edgar/data/19617/000119312525078015/d885258d8k.htm,JPM 8-K filed on 2025-04-10
JPM,8-K,2025-04-11,0000019617-25-000334,https://www.sec.gov/Archives/edgar/data/19617/000001961725000334/jpm-20250411.htm,JPM 8-K filed on 2025-04-11
JPM,8-K,2025-04-11,0000019617-25-000332,https://www.sec.gov/Archives/edgar/data/19617/000001961725000332/jpm-20250411.htm,JPM 8-K filed on 2025-04-11
JPM,8-K,2025-04-22,0001193125-25-089203,https://www.sec.gov/Archives/edgar/data/19617/000119312525089203/d913996d8k.htm,JPM 8-K filed on 2025-04-22
JPM,10-Q,2025-05-01,0000019617-25-000421,https://www.sec.gov/Archives/edgar/data/19617/000001961725000421/jpm-20250331.htm,JPM 10-Q filed on 2025-05-01
JPM,8-K,2025-05-19,0000019617-25-000483,https://www.sec.gov/Archives/edgar/data/19617/000001961725000483/jpm-20250519.htm,JPM 8-K filed on 2025-05-19
JPM,8-K,2025-05-22,0000019617-25-000485,https://www.sec.gov/Archives/edgar/data/19617/000001961725000485/jpm-20250520.htm,JPM 8-K filed on 2025-05-22
META,8-K,2024-04-24,0001326801-24-000044,https://www.sec.gov/Archives/edgar/data/1326801/000132680124000044/meta-20240424.htm,META 8-K filed on 2024-04-24
META,10-Q,2024-04-25,0001326801-24-000049,https://www.sec.gov/Archives/edgar/data/1326801/000132680124000049/meta-20240331.htm,META 10-Q filed on 2024-04-25
META,8-K,2024-05-31,0001326801-24-000057,https://www.sec.gov/Archives/edgar/data/1326801/000132680124000057/meta-20240529.htm,META 8-K filed on 2024-05-31
META,8-K,2024-07-31,0001326801-24-000065,https://www.sec.gov/Archives/edgar/data/1326801/000132680124000065/meta-20240731.htm,META 8-K filed on 2024-07-31
META,10-Q,2024-08-01,0001326801-24-000069,https://www.sec.gov/Archives/edgar/data/1326801/000132680124000069/meta-20240630.htm,META 10-Q filed on 2024-08-01
META,8-K,2024-08-09,0001193125-24-197873,https://www.sec.gov/Archives/edgar/data/1326801/000119312524197873/d876862d8k.htm,META 8-K filed on 2024-08-09
META,8-K,2024-09-10,0001326801-24-000072,https://www.sec.gov/Archives/edgar/data/1326801/000132680124000072/meta-20240905.htm,META 8-K filed on 2024-09-10
META,8-K,2024-10-30,0001326801-24-000077,https://www.sec.gov/Archives/edgar/data/1326801/000132680124000077/meta-20241030.htm,META 8-K filed on 2024-10-30
META,10-Q,2024-10-31,0001326801-24-000081,https://www.sec.gov/Archives/edgar/data/1326801/000132680124000081/meta-20240930.htm,META 10-Q filed on 2024-10-31
META,8-K,2025-01-06,0001326801-25-000005,https://www.sec.gov/Archives/edgar/data/1326801/000132680125000005/meta-20241230.htm,META 8-K filed on 2025-01-06
META,8-K,2025-01-29,0001326801-25-000014,https://www.sec.gov/Archives/edgar/data/1326801/000132680125000014/meta-20250129.htm,META 8-K filed on 2025-01-29
META,10-K,2025-01-30,0001326801-25-000017,https://www.sec.gov/Archives/edgar/data/1326801/000132680125000017/meta-20241231.htm,META 10-K filed on 2025-01-30
META,8-K,2025-02-20,0001326801-25-000021,https://www.sec.gov/Archives/edgar/data/1326801/000132680125000021/meta-20250213.htm,META 8-K filed on 2025-02-20
META,8-K,2025-04-11,0001326801-25-000027,https://www.sec.gov/Archives/edgar/data/1326801/000132680125000027/meta-20250411.htm,META 8-K filed on 2025-04-11
META,8-K,2025-04-30,0001326801-25-000050,https://www.sec.gov/Archives/edgar/data/1326801/000132680125000050/meta-20250430.htm,META 8-K filed on 2025-04-30
META,10-Q,2025-05-01,0001326801-25-000054,https://www.sec.gov/Archives/edgar/data/1326801/000132680125000054/meta-20250331.htm,META 10-Q filed on 2025-05-01
META,8-K,2025-05-30,0001326801-25-000090,https://www.sec.gov/Archives/edgar/data/1326801/000132680125000090/meta-20250528.htm,META 8-K filed on 2025-05-30
MSFT,10-Q,2020-01-29,0001564590-20-002450,https://www.sec.gov/Archives/edgar/data/789019/000156459020002450/msft-10q_20191231.htm,MSFT 10-Q filed on 2020-01-29
MSFT,8-K,2020-01-29,0001193125-20-018383,https://www.sec.gov/Archives/edgar/data/789019/000119312520018383/d875975d8k.htm,MSFT 8-K filed on 2020-01-29
MSFT,8-K,2020-02-26,0001193125-20-050232,https://www.sec.gov/Archives/edgar/data/789019/000119312520050232/d896577d8k.htm,MSFT 8-K filed on 2020-02-26
MSFT,8-K,2020-03-13,0001193125-20-073072,https://www.sec.gov/Archives/edgar/data/789019/000119312520073072/d884867d8k.htm,MSFT 8-K filed on 2020-03-13
MSFT,8-K,2020-03-31,0001193125-20-091746,https://www.sec.gov/Archives/edgar/data/789019/000119312520091746/d909204d8k.htm,MSFT 8-K filed on 2020-03-31
MSFT,10-Q,2020-04-29,0001564590-20-019706,https://www.sec.gov/Archives/edgar/data/789019/000156459020019706/msft-10q_20200331.htm,MSFT 10-Q filed on 2020-04-29
MSFT,8-K,2020-04-29,0001193125-20-126089,https://www.sec.gov/Archives/edgar/data/789019/000119312520126089/d844377d8k.htm,MSFT 8-K filed on 2020-04-29
MSFT,8-K,2020-04-30,0001193125-20-128779,https://www.sec.gov/Archives/edgar/data/789019/000119312520128779/d924162d8k.htm,MSFT 8-K filed on 2020-04-30
MSFT,8-K,2020-05-14,0001193125-20-142890,https://www.sec.gov/Archives/edgar/data/789019/000119312520142890/d911580d8k.htm,MSFT 8-K filed on 2020-05-14
MSFT,8-K,2020-06-01,0001193125-20-157234,https://www.sec.gov/Archives/edgar/data/789019/000119312520157234/d829164d8k.htm,MSFT 8-K filed on 2020-06-01
MSFT,8-K,2020-06-26,0001193125-20-180036,https://www.sec.gov/Archives/edgar/data/789019/000119312520180036/d854075d8k.htm,MSFT 8-K filed on 2020-06-26
MSFT,8-K,2020-07-01,0001193125-20-184744,https://www.sec.gov/Archives/edgar/data/789019/000119312520184744/d949734d8k.htm,MSFT 8-K filed on 2020-07-01
MSFT,8-K,2020-07-07,0001193125-20-188481,https://www.sec.gov/Archives/edgar/data/789019/000119312520188481/d88910d8k.htm,MSFT 8-K filed on 2020-07-07
MSFT,8-K,2020-07-22,0001193125-20-197109,https://www.sec.gov/Archives/edgar/data/789019/000119312520197109/d941281d8k.htm,MSFT 8-K filed on 2020-07-22
MSFT,10-K,2020-07-30,0001564590-20-034944,https://www.sec.gov/Archives/edgar/data/789019/000156459020034944/msft-10k_20200630.htm,MSFT 10-K filed on 2020-07-30
MSFT,8-K,2020-08-03,0001193125-20-207517,https://www.sec.gov/Archives/edgar/data/789019/000119312520207517/d49621d8k.htm,MSFT 8-K filed on 2020-08-03
MSFT,8-K,2020-09-21,0001193125-20-250163,https://www.sec.gov/Archives/edgar/data/789019/000119312520250163/d62084d8k.htm,MSFT 8-K filed on 2020-09-21
MSFT,10-Q,2020-10-27,0001564590-20-047996,https://www.sec.gov/Archives/edgar/data/789019/000156459020047996/msft-10q_20200930.htm,MSFT 10-Q filed on 2020-10-27
MSFT,8-K,2020-10-27,0001193125-20-278410,https://www.sec.gov/Archives/edgar/data/789019/000119312520278410/d10535d8k.htm,MSFT 8-K filed on 2020-10-27
MSFT,8-K,2020-12-04,0001193125-20-310549,https://www.sec.gov/Archives/edgar/data/789019/000119312520310549/d48255d8k.htm,MSFT 8-K filed on 2020-12-04
MSFT,10-Q,2021-01-26,0001564590-21-002316,https://www.sec.gov/Archives/edgar/data/789019/000156459021002316/msft-10q_20201231.htm,MSFT 10-Q filed on 2021-01-26
MSFT,8-K,2021-01-26,0001193125-21-017683,https://www.sec.gov/Archives/edgar/data/789019/000119312521017683/d65802d8k.htm,MSFT 8-K filed on 2021-01-26
MSFT,8-K,2021-02-16,0001193125-21-044940,https://www.sec.gov/Archives/edgar/data/789019/000119312521044940/d11855d8k.htm,MSFT 8-K filed on 2021-02-16
MSFT,8-K,2021-03-02,0001193125-21-065751,https://www.sec.gov/Archives/edgar/data/789019/000119312521065751/d336741d8k.htm,MSFT 8-K filed on 2021-03-02
MSFT,8-K,2021-03-17,0001193125-21-084239,https://www.sec.gov/Archives/edgar/data/789019/000119312521084239/d130687d8k.htm,MSFT 8-K filed on 2021-03-17
MSFT,8-K,2021-04-12,0001193125-21-112687,https://www.sec.gov/Archives/edgar/data/789019/000119312521112687/d171120d8k.htm,MSFT 8-K filed on 2021-04-12
MSFT,10-Q,2021-04-27,0001564590-21-020891,https://www.sec.gov/Archives/edgar/data/789019/000156459021020891/msft-10q_20210331.htm,MSFT 10-Q filed on 2021-04-27
MSFT,8-K,2021-04-27,0001193125-21-134213,https://www.sec.gov/Archives/edgar/data/789019/000119312521134213/d179564d8k.htm,MSFT 8-K filed on 2021-04-27
MSFT,8-K,2021-05-20,0001193125-21-167940,https://www.sec.gov/Archives/edgar/data/789019/000119312521167940/d171596d8k.htm,MSFT 8-K filed on 2021-05-20
MSFT,8-K,2021-06-17,0001193125-21-192783,https://www.sec.gov/Archives/edgar/data/789019/000119312521192783/d176999d8k.htm,MSFT 8-K filed on 2021-06-17
MSFT,8-K,2021-07-08,0001193125-21-210827,https://www.sec.gov/Archives/edgar/data/789019/000119312521210827/d158429d8k.htm,MSFT 8-K filed on 2021-07-08
MSFT,8-K,2021-07-27,0001193125-21-225746,https://www.sec.gov/Archives/edgar/data/789019/000119312521225746/d200100d8k.htm,MSFT 8-K filed on 2021-07-27
MSFT,10-K,2021-07-29,0001564590-21-039151,https://www.sec.gov/Archives/edgar/data/789019/000156459021039151/msft-10k_20210630.htm,MSFT 10-K filed on 2021-07-29
MSFT,10-Q,2021-10-26,0001564590-21-051992,https://www.sec.gov/Archives/edgar/data/789019/000156459021051992/msft-10q_20210930.htm,MSFT 10-Q filed on 2021-10-26
MSFT,8-K,2021-10-26,0001193125-21-307941,https://www.sec.gov/Archives/edgar/data/789019/000119312521307941/d239488d8k.htm,MSFT 8-K filed on 2021-10-26
MSFT,8-K,2021-11-30,0001193125-21-343711,https://www.sec.gov/Archives/edgar/data/789019/000119312521343711/d205343d8k.htm,MSFT 8-K filed on 2021-11-30
MSFT,8-K,2022-01-18,0001193125-22-010667,https://www.sec.gov/Archives/edgar/data/789019/000119312522010667/d301984d8k.htm,MSFT 8-K filed on 2022-01-18
MSFT,10-Q,2022-01-25,0001564590-22-002324,https://www.sec.gov/Archives/edgar/data/789019/000156459022002324/msft-10q_20211231.htm,MSFT 10-Q filed on 2022-01-25
MSFT,8-K,2022-01-25,0001193125-22-017041,https://www.sec.gov/Archives/edgar/data/789019/000119312522017041/d299919d8k.htm,MSFT 8-K filed on 2022-01-25
MSFT,10-Q,2022-04-26,0001564590-22-015675,https://www.sec.gov/Archives/edgar/data/789019/000156459022015675/msft-10q_20220331.htm,MSFT 10-Q filed on 2022-04-26
MSFT,8-K,2022-04-26,0001193125-22-120207,https://www.sec.gov/Archives/edgar/data/789019/000119312522120207/d328712d8k.htm,MSFT 8-K filed on 2022-04-26
MSFT,8-K,2022-06-02,0001193125-22-165839,https://www.sec.gov/Archives/edgar/data/789019/000119312522165839/d295016d8k.htm,MSFT 8-K filed on 2022-06-02
MSFT,8-K,2022-07-26,0001193125-22-202034,https://www.sec.gov/Archives/edgar/data/789019/000119312522202034/d372382d8k.htm,MSFT 8-K filed on 2022-07-26
MSFT,10-K,2022-07-28,0001564590-22-026876,https://www.sec.gov/Archives/edgar/data/789019/000156459022026876/msft-10k_20220630.htm,MSFT 10-K filed on 2022-07-28
MSFT,10-Q,2022-10-25,0001564590-22-035087,https://www.sec.gov/Archives/edgar/data/789019/000156459022035087/msft-10q_20220930.htm,MSFT 10-Q filed on 2022-10-25
MSFT,8-K,2022-10-25,0001193125-22-268356,https://www.sec.gov/Archives/edgar/data/789019/000119312522268356/d361432d8k.htm,MSFT 8-K filed on 2022-10-25
MSFT,8-K,2022-12-16,0001193125-22-306591,https://www.sec.gov/Archives/edgar/data/789019/000119312522306591/d434535d8k.htm,MSFT 8-K filed on 2022-12-16
MSFT,8-K,2023-01-18,0001193125-23-009934,https://www.sec.gov/Archives/edgar/data/789019/000119312523009934/d447690d8k.htm,MSFT 8-K filed on 2023-01-18
MSFT,10-Q,2023-01-24,0001564590-23-000733,https://www.sec.gov/Archives/edgar/data/789019/000156459023000733/msft-10q_20221231.htm,MSFT 10-Q filed on 2023-01-24
MSFT,8-K,2023-01-24,0001193125-23-014230,https://www.sec.gov/Archives/edgar/data/789019/000119312523014230/d406070d8k.htm,MSFT 8-K filed on 2023-01-24
MSFT,10-Q,2023-04-25,0000950170-23-014423,https://www.sec.gov/Archives/edgar/data/789019/000095017023014423/msft-20230331.htm,MSFT 10-Q filed on 2023-04-25
MSFT,8-K,2023-04-25,0001193125-23-115280,https://www.sec.gov/Archives/edgar/data/789019/000119312523115280/d321368d8k.htm,MSFT 8-K filed on 2023-04-25
MSFT,8-K,2023-07-03,0001193125-23-181341,https://www.sec.gov/Archives/edgar/data/789019/000119312523181341/d288670d8k.htm,MSFT 8-K filed on 2023-07-03
MSFT,8-K,2023-07-25,0000950170-23-034400,https://www.sec.gov/Archives/edgar/data/789019/000095017023034400/msft-20230725.htm,MSFT 8-K filed on 2023-07-25
MSFT,10-K,2023-07-27,0000950170-23-035122,https://www.sec.gov/Archives/edgar/data/789019/000095017023035122/msft-20230630.htm,MSFT 10-K filed on 2023-07-27
MSFT,8-K,2023-10-11,0001193125-23-254151,https://www.sec.gov/Archives/edgar/data/789019/000119312523254151/d530324d8k.htm,MSFT 8-K filed on 2023-10-11
MSFT,8-K,2023-10-13,0001193125-23-255762,https://www.sec.gov/Archives/edgar/data/789019/000119312523255762/d537928d8k.htm,MSFT 8-K filed on 2023-10-13
MSFT,8-K,2023-10-16,0001104659-23-109428,https://www.sec.gov/Archives/edgar/data/789019/000110465923109428/tm2328507d1_8k.htm,MSFT 8-K filed on 2023-10-16
MSFT,10-Q,2023-10-24,0000950170-23-054855,https://www.sec.gov/Archives/edgar/data/789019/000095017023054855/msft-20230930.htm,MSFT 10-Q filed on 2023-10-24
MSFT,8-K,2023-10-24,0000950170-23-054848,https://www.sec.gov/Archives/edgar/data/789019/000095017023054848/msft-20231024.htm,MSFT 8-K filed on 2023-10-24
MSFT,8-K,2023-10-30,0001193125-23-265616,https://www.sec.gov/Archives/edgar/data/789019/000119312523265616/d572684d8k.htm,MSFT 8-K filed on 2023-10-30
MSFT,8-K,2023-11-06,0001193125-23-271376,https://www.sec.gov/Archives/edgar/data/789019/000119312523271376/d566386d8k.htm,MSFT 8-K filed on 2023-11-06
MSFT,8-K,2023-12-08,0001193125-23-291720,https://www.sec.gov/Archives/edgar/data/789019/000119312523291720/d636199d8k.htm,MSFT 8-K filed on 2023-12-08
MSFT,8-K,2024-01-19,0001193125-24-011295,https://www.sec.gov/Archives/edgar/data/789019/000119312524011295/d708866d8k.htm,MSFT 8-K filed on 2024-01-19
MSFT,10-Q,2024-01-30,0000950170-24-008814,https://www.sec.gov/Archives/edgar/data/789019/000095017024008814/msft-20231231.htm,MSFT 10-Q filed on 2024-01-30
MSFT,8-K,2024-01-30,0000950170-24-008809,https://www.sec.gov/Archives/edgar/data/789019/000095017024008809/msft-20240130.htm,MSFT 8-K filed on 2024-01-30
MSFT,10-Q,2024-04-25,0000950170-24-048288,https://www.sec.gov/Archives/edgar/data/789019/000095017024048288/msft-20240331.htm,MSFT 10-Q filed on 2024-04-25
MSFT,8-K,2024-04-25,0000950170-24-048268,https://www.sec.gov/Archives/edgar/data/789019/000095017024048268/msft-20240425.htm,MSFT 8-K filed on 2024-04-25
MSFT,10-K,2024-07-30,0000950170-24-087843,https://www.sec.gov/Archives/edgar/data/789019/000095017024087843/msft-20240630.htm,MSFT 10-K filed on 2024-07-30
MSFT,8-K,2024-07-30,0000950170-24-087835,https://www.sec.gov/Archives/edgar/data/789019/000095017024087835/msft-20240730.htm,MSFT 8-K filed on 2024-07-30
MSFT,8-K,2024-08-21,0001193125-24-204403,https://www.sec.gov/Archives/edgar/data/789019/000119312524204403/d846847d8k.htm,MSFT 8-K filed on 2024-08-21
MSFT,10-Q,2024-10-30,0000950170-24-118967,https://www.sec.gov/Archives/edgar/data/789019/000095017024118967/msft-20240930.htm,MSFT 10-Q filed on 2024-10-30
MSFT,8-K,2024-10-30,0000950170-24-118955,https://www.sec.gov/Archives/edgar/data/789019/000095017024118955/msft-20241030.htm,MSFT 8-K filed on 2024-10-30
MSFT,8-K,2024-12-03,0000950170-24-132722,https://www.sec.gov/Archives/edgar/data/789019/000095017024132722/msft-20241203.htm,MSFT 8-K filed on 2024-12-03
MSFT,8-K,2024-12-11,0001193125-24-275524,https://www.sec.gov/Archives/edgar/data/789019/000119312524275524/d865252d8k.htm,MSFT 8-K filed on 2024-12-11
MSFT,8-K,2025-01-22,0001193125-25-010492,https://www.sec.gov/Archives/edgar/data/789019/000119312525010492/d929748d8k.htm,MSFT 8-K filed on 2025-01-22
MSFT,10-Q,2025-01-29,0000950170-25-010491,https://www.sec.gov/Archives/edgar/data/789019/000095017025010491/msft-20241231.htm,MSFT 10-Q filed on 2025-01-29
MSFT,8-K,2025-01-29,0000950170-25-010484,https://www.sec.gov/Archives/edgar/data/789019/000095017025010484/msft-20250129.htm,MSFT 8-K filed on 2025-01-29
MSFT,10-Q,2025-04-30,0000950170-25-061046,https://www.sec.gov/Archives/edgar/data/789019/000095017025061046/msft-20250331.htm,MSFT 10-Q filed on 2025-04-30
MSFT,8-K,2025-04-30,0000950170-25-061032,https://www.sec.gov/Archives/edgar/data/789019/000095017025061032/msft-20250430.htm,MSFT 8-K filed on 2025-04-30
NFLX,8-K,2022-12-09,0001065280-22-000444,https://www.sec.gov/Archives/edgar/data/1065280/000106528022000444/nflx-20221207.htm,NFLX 8-K filed on 2022-12-09
NFLX,8-K,2022-12-23,0001065280-22-000445,https://www.sec.gov/Archives/edgar/data/1065280/000106528022000445/nflx-20221222.htm,NFLX 8-K filed on 2022-12-23
NFLX,8-K,2023-01-09,0001065280-23-000033,https://www.sec.gov/Archives/edgar/data/1065280/000106528023000033/nflx-20230106.htm,NFLX 8-K filed on 2023-01-09
NFLX,8-K,2023-01-19,0001065280-23-000034,https://www.sec.gov/Archives/edgar/data/1065280/000106528023000034/nflx-20230113.htm,NFLX 8-K filed on 2023-01-19
NFLX,10-K,2023-01-26,0001065280-23-000035,https://www.sec.gov/Archives/edgar/data/1065280/000106528023000035/nflx-20221231.htm,NFLX 10-K filed on 2023-01-26
NFLX,8-K,2023-02-24,0001065280-23-000062,https://www.sec.gov/Archives/edgar/data/1065280/000106528023000062/nflx-20230222.htm,NFLX 8-K filed on 2023-02-24
NFLX,8-K,2023-04-18,0001065280-23-000119,https://www.sec.gov/Archives/edgar/data/1065280/000106528023000119/nflx-20230418.htm,NFLX 8-K filed on 2023-04-18
NFLX,10-Q,2023-04-21,0001065280-23-000120,https://www.sec.gov/Archives/edgar/data/1065280/000106528023000120/nflx-20230331.htm,NFLX 10-Q filed on 2023-04-21
NFLX,8-K,2023-06-06,0001065280-23-000173,https://www.sec.gov/Archives/edgar/data/1065280/000106528023000173/nflx-20230601.htm,NFLX 8-K filed on 2023-06-06
NFLX,8-K,2023-07-19,0001065280-23-000197,https://www.sec.gov/Archives/edgar/data/1065280/000106528023000197/nflx-20230719.htm,NFLX 8-K filed on 2023-07-19
NFLX,10-Q,2023-07-21,0001065280-23-000198,https://www.sec.gov/Archives/edgar/data/1065280/000106528023000198/nflx-20230630.htm,NFLX 10-Q filed on 2023-07-21
NFLX,8-K,2023-09-08,0001065280-23-000236,https://www.sec.gov/Archives/edgar/data/1065280/000106528023000236/nflx-20230906.htm,NFLX 8-K filed on 2023-09-08
NFLX,8-K,2023-10-18,0001065280-23-000272,https://www.sec.gov/Archives/edgar/data/1065280/000106528023000272/nflx-20231018.htm,NFLX 8-K filed on 2023-10-18
NFLX,10-Q,2023-10-20,0001065280-23-000273,https://www.sec.gov/Archives/edgar/data/1065280/000106528023000273/nflx-20230930.htm,NFLX 10-Q filed on 2023-10-20
NFLX,8-K,2023-12-08,0001065280-23-000334,https://www.sec.gov/Archives/edgar/data/1065280/000106528023000334/nflx-20231206.htm,NFLX 8-K filed on 2023-12-08
NFLX,8-K,2024-01-23,0001065280-24-000029,https://www.sec.gov/Archives/edgar/data/1065280/000106528024000029/nflx-20240123.htm,NFLX 8-K filed on 2024-01-23
NFLX,10-K,2024-01-26,0001065280-24-000030,https://www.sec.gov/Archives/edgar/data/1065280/000106528024000030/nflx-20231231.htm,NFLX 10-K filed on 2024-01-26
NFLX,8-K,2024-04-18,0001065280-24-000127,https://www.sec.gov/Archives/edgar/data/1065280/000106528024000127/nflx-20240412.htm,NFLX 8-K filed on 2024-04-18
NFLX,10-Q,2024-04-22,0001065280-24-000128,https://www.sec.gov/Archives/edgar/data/1065280/000106528024000128/nflx-20240331.htm,NFLX 10-Q filed on 2024-04-22
NFLX,8-K,2024-06-07,0001065280-24-000185,https://www.sec.gov/Archives/edgar/data/1065280/000106528024000185/nflx-20240606.htm,NFLX 8-K filed on 2024-06-07
NFLX,8-K,2024-07-18,0001065280-24-000199,https://www.sec.gov/Archives/edgar/data/1065280/000106528024000199/nflx-20240718.htm,NFLX 8-K filed on 2024-07-18
NFLX,10-Q,2024-07-19,0001065280-24-000200,https://www.sec.gov/Archives/edgar/data/1065280/000106528024000200/nflx-20240630.htm,NFLX 10-Q filed on 2024-07-19
NFLX,8-K,2024-08-01,0001140361-24-035325,https://www.sec.gov/Archives/edgar/data/1065280/000114036124035325/ny20032950x5_8k.htm,NFLX 8-K filed on 2024-08-01
NFLX,8-K,2024-10-17,0001065280-24-000286,https://www.sec.gov/Archives/edgar/data/1065280/000106528024000286/nflx-20241017.htm,NFLX 8-K filed on 2024-10-17
NFLX,10-Q,2024-10-18,0001065280-24-000287,https://www.sec.gov/Archives/edgar/data/1065280/000106528024000287/nflx-20240930.htm,NFLX 10-Q filed on 2024-10-18
NFLX,8-K,2025-01-21,0001065280-25-000033,https://www.sec.gov/Archives/edgar/data/1065280/000106528025000033/nflx-20250121.htm,NFLX 8-K filed on 2025-01-21
NFLX,10-K,2025-01-27,0001065280-25-000044,https://www.sec.gov/Archives/edgar/data/1065280/000106528025000044/nflx-20241231.htm,NFLX 10-K filed on 2025-01-27
NFLX,8-K,2025-04-17,0001065280-25-000175,https://www.sec.gov/Archives/edgar/data/1065280/000106528025000175/nflx-20250411.htm,NFLX 8-K filed on 2025-04-17
NFLX,10-Q,2025-04-18,0001065280-25-000176,https://www.sec.gov/Archives/edgar/data/1065280/000106528025000176/nflx-20250331.htm,NFLX 10-Q filed on 2025-04-18
NFLX,8-K,2025-06-06,0001065280-25-000286,https://www.sec.gov/Archives/edgar/data/1065280/000106528025000286/nflx-20250605.htm,NFLX 8-K filed on 2025-06-06
NFLX,8-K,2025-06-24,0001065280-25-000287,https://www.sec.gov/Archives/edgar/data/1065280/000106528025000287/nflx-20250622.htm,NFLX 8-K filed on 2025-06-24
NVDA,8-K,2020-02-13,0001045810-20-000007,https://www.sec.gov/Archives/edgar/data/1045810/000104581020000007/form8-kq4fy20.htm,NVDA 8-K filed on 2020-02-13
NVDA,10-K,2020-02-20,0001045810-20-000010,https://www.sec.gov/Archives/edgar/data/1045810/000104581020000010/nvda-2020x10k.htm,NVDA 10-K filed on 2020-02-20
NVDA,8-K,2020-03-10,0001045810-20-000033,https://www.sec.gov/Archives/edgar/data/1045810/000104581020000033/form8-kfy2021variablec.htm,NVDA 8-K filed on 2020-03-10
NVDA,8-K,2020-03-31,0001193125-20-092939,https://www.sec.gov/Archives/edgar/data/1045810/000119312520092939/d904626d8k.htm,NVDA 8-K filed on 2020-03-31
NVDA,8-K,2020-04-17,0001045810-20-000048,https://www.sec.gov/Archives/edgar/data/1045810/000104581020000048/mellanoxantitrustappro.htm,NVDA 8-K filed on 2020-04-17
NVDA,8-K,2020-04-27,0001045810-20-000052,https://www.sec.gov/Archives/edgar/data/1045810/000104581020000052/form8-kmellanoxclosing.htm,NVDA 8-K filed on 2020-04-27
NVDA,10-Q,2020-05-21,0001045810-20-000065,https://www.sec.gov/Archives/edgar/data/1045810/000104581020000065/nvda-20200426.htm,NVDA 10-Q filed on 2020-05-21
NVDA,8-K,2020-05-21,0001045810-20-000063,https://www.sec.gov/Archives/edgar/data/1045810/000104581020000063/nvda-20200521.htm,NVDA 8-K filed on 2020-05-21
NVDA,8-K,2020-06-15,0001045810-20-000103,https://www.sec.gov/Archives/edgar/data/1045810/000104581020000103/a8-k2020annualmeetingr.htm,NVDA 8-K filed on 2020-06-15
NVDA,8-K,2020-07-13,0001045810-20-000127,https://www.sec.gov/Archives/edgar/data/1045810/000104581020000127/nvda-20200713.htm,NVDA 8-K filed on 2020-07-13
NVDA,10-Q,2020-08-19,0001045810-20-000147,https://www.sec.gov/Archives/edgar/data/1045810/000104581020000147/nvda-20200726.htm,NVDA 10-Q filed on 2020-08-19
NVDA,8-K,2020-08-19,0001045810-20-000145,https://www.sec.gov/Archives/edgar/data/1045810/000104581020000145/nvda-20200819.htm,NVDA 8-K filed on 2020-08-19
NVDA,8-K,2020-09-14,0001193125-20-244601,https://www.sec.gov/Archives/edgar/data/1045810/000119312520244601/d13958d8k.htm,NVDA 8-K filed on 2020-09-14
NVDA,8-K,2020-11-09,0001045810-20-000181,https://www.sec.gov/Archives/edgar/data/1045810/000104581020000181/nvda-20201109.htm,NVDA 8-K filed on 2020-11-09
NVDA,10-Q,2020-11-18,0001045810-20-000189,https://www.sec.gov/Archives/edgar/data/1045810/000104581020000189/nvda-20201025.htm,NVDA 10-Q filed on 2020-11-18
NVDA,8-K,2020-11-18,0001045810-20-000187,https://www.sec.gov/Archives/edgar/data/1045810/000104581020000187/nvda-20201118.htm,NVDA 8-K filed on 2020-11-18
NVDA,8-K,2021-02-24,0001045810-21-000007,https://www.sec.gov/Archives/edgar/data/1045810/000104581021000007/nvda-20210224.htm,NVDA 8-K filed on 2021-02-24
NVDA,10-K,2021-02-26,0001045810-21-000010,https://www.sec.gov/Archives/edgar/data/1045810/000104581021000010/nvda-20210131.htm,NVDA 10-K filed on 2021-02-26
NVDA,8-K,2021-03-19,0001045810-21-000034,https://www.sec.gov/Archives/edgar/data/1045810/000104581021000034/nvda-20210315.htm,NVDA 8-K filed on 2021-03-19
NVDA,8-K,2021-04-12,0001045810-21-000047,https://www.sec.gov/Archives/edgar/data/1045810/000104581021000047/nvda-20210412.htm,NVDA 8-K filed on 2021-04-12
NVDA,8-K,2021-05-21,0001045810-21-000056,https://www.sec.gov/Archives/edgar/data/1045810/000104581021000056/nvda-20210521.htm,NVDA 8-K filed on 2021-05-21
NVDA,10-Q,2021-05-26,0001045810-21-000064,https://www.sec.gov/Archives/edgar/data/1045810/000104581021000064/nvda-20210502.htm,NVDA 10-Q filed on 2021-05-26
NVDA,8-K,2021-05-26,0001045810-21-000063,https://www.sec.gov/Archives/edgar/data/1045810/000104581021000063/nvda-20210526.htm,NVDA 8-K filed on 2021-05-26
NVDA,8-K,2021-06-07,0001045810-21-000075,https://www.sec.gov/Archives/edgar/data/1045810/000104581021000075/nvda-20210603.htm,NVDA 8-K filed on 2021-06-07
NVDA,8-K,2021-06-16,0001193125-21-192149,https://www.sec.gov/Archives/edgar/data/1045810/000119312521192149/d80739d8k.htm,NVDA 8-K filed on 2021-06-16
NVDA,8-K,2021-06-28,0001045810-21-000117,https://www.sec.gov/Archives/edgar/data/1045810/000104581021000117/nvda-20210628.htm,NVDA 8-K filed on 2021-06-28
NVDA,8-K,2021-08-18,0001045810-21-000128,https://www.sec.gov/Archives/edgar/data/1045810/000104581021000128/nvda-20210818.htm,NVDA 8-K filed on 2021-08-18
NVDA,10-Q,2021-08-20,0001045810-21-000131,https://www.sec.gov/Archives/edgar/data/1045810/000104581021000131/nvda-20210801.htm,NVDA 10-Q filed on 2021-08-20
NVDA,8-K,2021-11-17,0001045810-21-000160,https://www.sec.gov/Archives/edgar/data/1045810/000104581021000160/nvda-20211117.htm,NVDA 8-K filed on 2021-11-17
NVDA,10-Q,2021-11-22,0001045810-21-000163,https://www.sec.gov/Archives/edgar/data/1045810/000104581021000163/nvda-20211031.htm,NVDA 10-Q filed on 2021-11-22
NVDA,8-K,2022-02-08,0001045810-22-000005,https://www.sec.gov/Archives/edgar/data/1045810/000104581022000005/nvda-20220208.htm,NVDA 8-K filed on 2022-02-08
NVDA,8-K,2022-02-16,0001045810-22-000008,https://www.sec.gov/Archives/edgar/data/1045810/000104581022000008/nvda-20220216.htm,NVDA 8-K filed on 2022-02-16
NVDA,8-K,2022-03-09,0001045810-22-000023,https://www.sec.gov/Archives/edgar/data/1045810/000104581022000023/nvda-20220303.htm,NVDA 8-K filed on 2022-03-09
NVDA,10-K,2022-03-18,0001045810-22-000036,https://www.sec.gov/Archives/edgar/data/1045810/000104581022000036/nvda-20220130.htm,NVDA 10-K filed on 2022-03-18
NVDA,8-K,2022-05-25,0001045810-22-000073,https://www.sec.gov/Archives/edgar/data/1045810/000104581022000073/nvda-20220525.htm,NVDA 8-K filed on 2022-05-25
NVDA,10-Q,2022-05-27,0001045810-22-000079,https://www.sec.gov/Archives/edgar/data/1045810/000104581022000079/nvda-20220501.htm,NVDA 10-Q filed on 2022-05-27
NVDA,8-K,2022-06-06,0001045810-22-000088,https://www.sec.gov/Archives/edgar/data/1045810/000104581022000088/nvda-20220602.htm,NVDA 8-K filed on 2022-06-06
NVDA,8-K,2022-08-08,0001045810-22-000133,https://www.sec.gov/Archives/edgar/data/1045810/000104581022000133/nvda-20220808.htm,NVDA 8-K filed on 2022-08-08
NVDA,8-K,2022-08-24,0001045810-22-000136,https://www.sec.gov/Archives/edgar/data/1045810/000104581022000136/nvda-20220824.htm,NVDA 8-K filed on 2022-08-24
NVDA,10-Q,2022-08-31,0001045810-22-000147,https://www.sec.gov/Archives/edgar/data/1045810/000104581022000147/nvda-20220731.htm,NVDA 10-Q filed on 2022-08-31
NVDA,8-K,2022-08-31,0001045810-22-000146,https://www.sec.gov/Archives/edgar/data/1045810/000104581022000146/nvda-20220826.htm,NVDA 8-K filed on 2022-08-31
NVDA,8-K,2022-09-01,0001045810-22-000151,https://www.sec.gov/Archives/edgar/data/1045810/000104581022000151/nvda-20220831.htm,NVDA 8-K filed on 2022-09-01
NVDA,8-K,2022-11-16,0001045810-22-000163,https://www.sec.gov/Archives/edgar/data/1045810/000104581022000163/nvda-20221116.htm,NVDA 8-K filed on 2022-11-16
NVDA,10-Q,2022-11-18,0001045810-22-000166,https://www.sec.gov/Archives/edgar/data/1045810/000104581022000166/nvda-20221030.htm,NVDA 10-Q filed on 2022-11-18
NVDA,8-K,2023-02-22,0001045810-23-000014,https://www.sec.gov/Archives/edgar/data/1045810/000104581023000014/nvda-20230222.htm,NVDA 8-K filed on 2023-02-22
NVDA,10-K,2023-02-24,0001045810-23-000017,https://www.sec.gov/Archives/edgar/data/1045810/000104581023000017/nvda-20230129.htm,NVDA 10-K filed on 2023-02-24
NVDA,8-K,2023-03-08,0001045810-23-000039,https://www.sec.gov/Archives/edgar/data/1045810/000104581023000039/nvda-20230302.htm,NVDA 8-K filed on 2023-03-08
NVDA,8-K,2023-05-24,0001045810-23-000087,https://www.sec.gov/Archives/edgar/data/1045810/000104581023000087/nvda-20230524.htm,NVDA 8-K filed on 2023-05-24
NVDA,10-Q,2023-05-26,0001045810-23-000093,https://www.sec.gov/Archives/edgar/data/1045810/000104581023000093/nvda-20230430.htm,NVDA 10-Q filed on 2023-05-26
NVDA,8-K,2023-06-27,0001045810-23-000146,https://www.sec.gov/Archives/edgar/data/1045810/000104581023000146/nvda-20230622.htm,NVDA 8-K filed on 2023-06-27
NVDA,8-K,2023-07-24,0001045810-23-000164,https://www.sec.gov/Archives/edgar/data/1045810/000104581023000164/nvda-20230724.htm,NVDA 8-K filed on 2023-07-24
NVDA,8-K,2023-08-23,0001045810-23-000171,https://www.sec.gov/Archives/edgar/data/1045810/000104581023000171/nvda-20230823.htm,NVDA 8-K filed on 2023-08-23
NVDA,10-Q,2023-08-28,0001045810-23-000175,https://www.sec.gov/Archives/edgar/data/1045810/000104581023000175/nvda-20230730.htm,NVDA 10-Q filed on 2023-08-28
NVDA,8-K,2023-10-17,0001045810-23-000217,https://www.sec.gov/Archives/edgar/data/1045810/000104581023000217/nvda-20231017.htm,NVDA 8-K filed on 2023-10-17
NVDA,8-K,2023-10-24,0001045810-23-000221,https://www.sec.gov/Archives/edgar/data/1045810/000104581023000221/nvda-20231023.htm,NVDA 8-K filed on 2023-10-24
NVDA,10-Q,2023-11-21,0001045810-23-000227,https://www.sec.gov/Archives/edgar/data/1045810/000104581023000227/nvda-20231029.htm,NVDA 10-Q filed on 2023-11-21
NVDA,8-K,2023-11-21,0001045810-23-000225,https://www.sec.gov/Archives/edgar/data/1045810/000104581023000225/nvda-20231121.htm,NVDA 8-K filed on 2023-11-21
NVDA,10-K,2024-02-21,0001045810-24-000029,https://www.sec.gov/Archives/edgar/data/1045810/000104581024000029/nvda-20240128.htm,NVDA 10-K filed on 2024-02-21
NVDA,8-K,2024-02-21,0001045810-24-000028,https://www.sec.gov/Archives/edgar/data/1045810/000104581024000028/nvda-20240221.htm,NVDA 8-K filed on 2024-02-21
NVDA,8-K,2024-03-14,0001045810-24-000069,https://www.sec.gov/Archives/edgar/data/1045810/000104581024000069/nvda-20240308.htm,NVDA 8-K filed on 2024-03-14
NVDA,8-K,2024-05-22,0001045810-24-000113,https://www.sec.gov/Archives/edgar/data/1045810/000104581024000113/nvda-20240522.htm,NVDA 8-K filed on 2024-05-22
NVDA,10-Q,2024-05-29,0001045810-24-000124,https://www.sec.gov/Archives/edgar/data/1045810/000104581024000124/nvda-20240428.htm,NVDA 10-Q filed on 2024-05-29
NVDA,8-K,2024-06-07,0001045810-24-000144,https://www.sec.gov/Archives/edgar/data/1045810/000104581024000144/nvda-20240607.htm,NVDA 8-K filed on 2024-06-07
NVDA,8-K,2024-07-02,0001045810-24-000206,https://www.sec.gov/Archives/edgar/data/1045810/000104581024000206/nvda-20240626.htm,NVDA 8-K filed on 2024-07-02
NVDA,10-Q,2024-08-28,0001045810-24-000264,https://www.sec.gov/Archives/edgar/data/1045810/000104581024000264/nvda-20240728.htm,NVDA 10-Q filed on 2024-08-28
NVDA,8-K,2024-08-28,0001045810-24-000262,https://www.sec.gov/Archives/edgar/data/1045810/000104581024000262/nvda-20240828.htm,NVDA 8-K filed on 2024-08-28
NVDA,8-K,2024-11-07,0001045810-24-000300,https://www.sec.gov/Archives/edgar/data/1045810/000104581024000300/nvda-20241107.htm,NVDA 8-K filed on 2024-11-07
NVDA,10-Q,2024-11-20,0001045810-24-000316,https://www.sec.gov/Archives/edgar/data/1045810/000104581024000316/nvda-20241027.htm,NVDA 10-Q filed on 2024-11-20
NVDA,8-K,2024-11-20,0001045810-24-000315,https://www.sec.gov/Archives/edgar/data/1045810/000104581024000315/nvda-20241120.htm,NVDA 8-K filed on 2024-11-20
NVDA,8-K,2025-01-17,0001045810-25-000007,https://www.sec.gov/Archives/edgar/data/1045810/000104581025000007/nvda-20250113.htm,NVDA 8-K filed on 2025-01-17
NVDA,10-K,2025-02-26,0001045810-25-000023,https://www.sec.gov/Archives/edgar/data/1045810/000104581025000023/nvda-20250126.htm,NVDA 10-K filed on 2025-02-26
NVDA,8-K,2025-02-26,0001045810-25-000021,https://www.sec.gov/Archives/edgar/data/1045810/000104581025000021/nvda-20250226.htm,NVDA 8-K filed on 2025-02-26
NVDA,8-K,2025-03-07,0001045810-25-000039,https://www.sec.gov/Archives/edgar/data/1045810/000104581025000039/nvda-20250303.htm,NVDA 8-K filed on 2025-03-07
NVDA,8-K,2025-04-15,0001045810-25-000082,https://www.sec.gov/Archives/edgar/data/1045810/000104581025000082/nvda-20250409.htm,NVDA 8-K filed on 2025-04-15
NVDA,10-Q,2025-05-28,0001045810-25-000116,https://www.sec.gov/Archives/edgar/data/1045810/000104581025000116/nvda-20250427.htm,NVDA 10-Q filed on 2025-05-28
NVDA,8-K,2025-05-28,0001045810-25-000115,https://www.sec.gov/Archives/edgar/data/1045810/000104581025000115/nvda-20250528.htm,NVDA 8-K filed on 2025-05-28
PFE,10-Q,2020-08-06,0000078003-20-000060,https://www.sec.gov/Archives/edgar/data/78003/000007800320000060/pfe-06282020x10q.htm,PFE 10-Q filed on 2020-08-06
PFE,8-K,2020-08-06,0001193125-20-212094,https://www.sec.gov/Archives/edgar/data/78003/000119312520212094/d202107d8k.htm,PFE 8-K filed on 2020-08-06
PFE,8-K,2020-10-27,0000078003-20-000065,https://www.sec.gov/Archives/edgar/data/78003/000007800320000065/pfe-20201027.htm,PFE 8-K filed on 2020-10-27
PFE,8-K,2020-10-30,0001193125-20-282739,https://www.sec.gov/Archives/edgar/data/78003/000119312520282739/d88394d8k.htm,PFE 8-K filed on 2020-10-30
PFE,10-Q,2020-11-05,0000078003-20-000070,https://www.sec.gov/Archives/edgar/data/78003/000007800320000070/pfe-20200927.htm,PFE 10-Q filed on 2020-11-05
PFE,8-K,2020-11-05,0001193125-20-286896,https://www.sec.gov/Archives/edgar/data/78003/000119312520286896/d81265d8k.htm,PFE 8-K filed on 2020-11-05
PFE,8-K,2020-11-13,0001193125-20-293176,https://www.sec.gov/Archives/edgar/data/78003/000119312520293176/d97992d8k.htm,PFE 8-K filed on 2020-11-13
PFE,8-K,2020-11-16,0001193125-20-294847,https://www.sec.gov/Archives/edgar/data/78003/000119312520294847/d82880d8k.htm,PFE 8-K filed on 2020-11-16
PFE,8-K,2020-11-18,0001193125-20-296989,https://www.sec.gov/Archives/edgar/data/78003/000119312520296989/d80787d8k.htm,PFE 8-K filed on 2020-11-18
PFE,8-K,2020-11-20,0001193125-20-298356,https://www.sec.gov/Archives/edgar/data/78003/000119312520298356/d72492d8k.htm,PFE 8-K filed on 2020-11-20
PFE,8-K,2020-12-14,0001193125-20-317074,https://www.sec.gov/Archives/edgar/data/78003/000119312520317074/d36307d8k.htm,PFE 8-K filed on 2020-12-14
PFE,8-K,2021-01-12,0001193125-21-006923,https://www.sec.gov/Archives/edgar/data/78003/000119312521006923/d102109d8k.htm,PFE 8-K filed on 2021-01-12
PFE,8-K,2021-02-02,0000078003-21-000003,https://www.sec.gov/Archives/edgar/data/78003/000007800321000003/pfe-20210202.htm,PFE 8-K filed on 2021-02-02
PFE,10-K,2021-02-25,0000078003-21-000038,https://www.sec.gov/Archives/edgar/data/78003/000007800321000038/pfe-20201231.htm,PFE 10-K filed on 2021-02-25
PFE,8-K,2021-04-26,0000078003-21-000059,https://www.sec.gov/Archives/edgar/data/78003/000007800321000059/pfe-20210422.htm,PFE 8-K filed on 2021-04-26
PFE,8-K,2021-05-04,0000078003-21-000062,https://www.sec.gov/Archives/edgar/data/78003/000007800321000062/pfe-20210504.htm,PFE 8-K filed on 2021-05-04
PFE,10-Q,2021-05-13,0000078003-21-000065,https://www.sec.gov/Archives/edgar/data/78003/000007800321000065/pfe-20210404.htm,PFE 10-Q filed on 2021-05-13
PFE,8-K,2021-07-09,0000078003-21-000087,https://www.sec.gov/Archives/edgar/data/78003/000007800321000087/pfe-20210706.htm,PFE 8-K filed on 2021-07-09
PFE,8-K,2021-07-28,0000078003-21-000090,https://www.sec.gov/Archives/edgar/data/78003/000007800321000090/pfe-20210728.htm,PFE 8-K filed on 2021-07-28
PFE,10-Q,2021-08-12,0000078003-21-000093,https://www.sec.gov/Archives/edgar/data/78003/000007800321000093/pfe-20210704.htm,PFE 10-Q filed on 2021-08-12
PFE,8-K,2021-08-18,0001193125-21-250347,https://www.sec.gov/Archives/edgar/data/78003/000119312521250347/d340659d8k.htm,PFE 8-K filed on 2021-08-18
PFE,8-K,2021-11-02,0000078003-21-000104,https://www.sec.gov/Archives/edgar/data/78003/000007800321000104/pfe-20211102.htm,PFE 8-K filed on 2021-11-02
PFE,10-Q,2021-11-12,0000078003-21-000107,https://www.sec.gov/Archives/edgar/data/78003/000007800321000107/pfe-20211003.htm,PFE 10-Q filed on 2021-11-12
PFE,8-K,2021-11-19,0000078003-21-000114,https://www.sec.gov/Archives/edgar/data/78003/000007800321000114/pfe-20211115.htm,PFE 8-K filed on 2021-11-19
PFE,8-K,2021-12-15,0000078003-21-000118,https://www.sec.gov/Archives/edgar/data/78003/000007800321000118/pfe-20211209.htm,PFE 8-K filed on 2021-12-15
PFE,8-K,2022-02-08,0000078003-22-000003,https://www.sec.gov/Archives/edgar/data/78003/000007800322000003/pfe-20220208.htm,PFE 8-K filed on 2022-02-08
PFE,10-K,2022-02-24,0000078003-22-000027,https://www.sec.gov/Archives/edgar/data/78003/000007800322000027/pfe-20211231.htm,PFE 10-K filed on 2022-02-24
PFE,8-K,2022-03-29,0001193125-22-088144,https://www.sec.gov/Archives/edgar/data/78003/000119312522088144/d284315d8k.htm,PFE 8-K filed on 2022-03-29
PFE,8-K,2022-04-12,0000078003-22-000057,https://www.sec.gov/Archives/edgar/data/78003/000007800322000057/pfe-20220411.htm,PFE 8-K filed on 2022-04-12
PFE,8-K,2022-04-20,0000078003-22-000062,https://www.sec.gov/Archives/edgar/data/78003/000007800322000062/pfe-20220420.htm,PFE 8-K filed on 2022-04-20
PFE,8-K,2022-05-02,0000078003-22-000066,https://www.sec.gov/Archives/edgar/data/78003/000007800322000066/pfe-20220428.htm,PFE 8-K filed on 2022-05-02
PFE,8-K,2022-05-03,0000078003-22-000068,https://www.sec.gov/Archives/edgar/data/78003/000007800322000068/pfe-20220503.htm,PFE 8-K filed on 2022-05-03
PFE,8-K,2022-05-10,0001193125-22-145661,https://www.sec.gov/Archives/edgar/data/78003/000119312522145661/d336582d8k.htm,PFE 8-K filed on 2022-05-10
PFE,10-Q,2022-05-11,0000078003-22-000071,https://www.sec.gov/Archives/edgar/data/78003/000007800322000071/pfe-20220403.htm,PFE 10-Q filed on 2022-05-11
PFE,8-K,2022-07-28,0000078003-22-000091,https://www.sec.gov/Archives/edgar/data/78003/000007800322000091/pfe-20220728.htm,PFE 8-K filed on 2022-07-28
PFE,10-Q,2022-08-10,0000078003-22-000094,https://www.sec.gov/Archives/edgar/data/78003/000007800322000094/pfe-20220703.htm,PFE 10-Q filed on 2022-08-10
PFE,8-K,2022-11-01,0000078003-22-000098,https://www.sec.gov/Archives/edgar/data/78003/000007800322000098/pfe-20221101.htm,PFE 8-K filed on 2022-11-01
PFE,10-Q,2022-11-09,0000078003-22-000101,https://www.sec.gov/Archives/edgar/data/78003/000007800322000101/pfe-20221002.htm,PFE 10-Q filed on 2022-11-09
PFE,8-K,2022-12-13,0000078003-22-000107,https://www.sec.gov/Archives/edgar/data/78003/000007800322000107/pfe-20221209.htm,PFE 8-K filed on 2022-12-13
PFE,8-K,2023-01-31,0000078003-23-000004,https://www.sec.gov/Archives/edgar/data/78003/000007800323000004/pfe-20230131.htm,PFE 8-K filed on 2023-01-31
PFE,8-K,2023-02-21,0000078003-23-000019,https://www.sec.gov/Archives/edgar/data/78003/000007800323000019/pfe-20230221.htm,PFE 8-K filed on 2023-02-21
PFE,10-K,2023-02-23,0000078003-23-000024,https://www.sec.gov/Archives/edgar/data/78003/000007800323000024/pfe-20221231.htm,PFE 10-K filed on 2023-02-23
PFE,8-K,2023-03-13,0001193125-23-068538,https://www.sec.gov/Archives/edgar/data/78003/000119312523068538/d408093d8k.htm,PFE 8-K filed on 2023-03-13
PFE,8-K,2023-05-01,0001628280-23-014368,https://www.sec.gov/Archives/edgar/data/78003/000162828023014368/pfe-20230427.htm,PFE 8-K filed on 2023-05-01
PFE,8-K,2023-05-02,0001628280-23-014759,https://www.sec.gov/Archives/edgar/data/78003/000162828023014759/pfe-20230502.htm,PFE 8-K filed on 2023-05-02
PFE,10-Q,2023-05-10,0001628280-23-017196,https://www.sec.gov/Archives/edgar/data/78003/000162828023017196/pfe-20230402.htm,PFE 10-Q filed on 2023-05-10
PFE,8-K,2023-05-15,0001193125-23-144089,https://www.sec.gov/Archives/edgar/data/78003/000119312523144089/d474141d8k.htm,PFE 8-K filed on 2023-05-15
PFE,8-K,2023-05-19,0001193125-23-149364,https://www.sec.gov/Archives/edgar/data/78003/000119312523149364/d414076d8k.htm,PFE 8-K filed on 2023-05-19
PFE,8-K,2023-07-27,0000078003-23-000081,https://www.sec.gov/Archives/edgar/data/78003/000007800323000081/pfe-20230721.htm,PFE 8-K filed on 2023-07-27
PFE,8-K,2023-08-01,0000078003-23-000085,https://www.sec.gov/Archives/edgar/data/78003/000007800323000085/pfe-20230801.htm,PFE 8-K filed on 2023-08-01
PFE,10-Q,2023-08-09,0000078003-23-000088,https://www.sec.gov/Archives/edgar/data/78003/000007800323000088/pfe-20230702.htm,PFE 10-Q filed on 2023-08-09
PFE,8-K,2023-10-13,0000078003-23-000099,https://www.sec.gov/Archives/edgar/data/78003/000007800323000099/pfe-20231013.htm,PFE 8-K filed on 2023-10-13
PFE,8-K,2023-10-31,0000078003-23-000111,https://www.sec.gov/Archives/edgar/data/78003/000007800323000111/pfe-20231031.htm,PFE 8-K filed on 2023-10-31
PFE,10-Q,2023-11-08,0000078003-23-000115,https://www.sec.gov/Archives/edgar/data/78003/000007800323000115/pfe-20231001.htm,PFE 10-Q filed on 2023-11-08
PFE,8-K,2023-12-12,0000078003-23-000118,https://www.sec.gov/Archives/edgar/data/78003/000007800323000118/pfe-20231207.htm,PFE 8-K filed on 2023-12-12
PFE,8-K,2023-12-13,0000078003-23-000120,https://www.sec.gov/Archives/edgar/data/78003/000007800323000120/pfe-20231213.htm,PFE 8-K filed on 2023-12-13
PFE,8-K,2023-12-14,0001193125-23-294930,https://www.sec.gov/Archives/edgar/data/78003/000119312523294930/d553734d8k.htm,PFE 8-K filed on 2023-12-14
PFE,8-K,2024-01-10,0000078003-24-000006,https://www.sec.gov/Archives/edgar/data/78003/000007800324000006/pfe-20240110.htm,PFE 8-K filed on 2024-01-10
PFE,8-K,2024-01-30,0000078003-24-000017,https://www.sec.gov/Archives/edgar/data/78003/000007800324000017/pfe-20240130.htm,PFE 8-K filed on 2024-01-30
PFE,10-K,2024-02-22,0000078003-24-000039,https://www.sec.gov/Archives/edgar/data/78003/000007800324000039/pfe-20231231.htm,PFE 10-K filed on 2024-02-22
PFE,8-K,2024-04-29,0000078003-24-000101,https://www.sec.gov/Archives/edgar/data/78003/000007800324000101/pfe-20240425.htm,PFE 8-K filed on 2024-04-29
PFE,8-K,2024-05-01,0000078003-24-000103,https://www.sec.gov/Archives/edgar/data/78003/000007800324000103/pfe-20240501.htm,PFE 8-K filed on 2024-05-01
PFE,10-Q,2024-05-08,0000078003-24-000107,https://www.sec.gov/Archives/edgar/data/78003/000007800324000107/pfe-20240331.htm,PFE 10-Q filed on 2024-05-08
PFE,8-K,2024-05-22,0000078003-24-000113,https://www.sec.gov/Archives/edgar/data/78003/000007800324000113/pfe-20240522.htm,PFE 8-K filed on 2024-05-22
PFE,8-K,2024-07-01,0000078003-24-000127,https://www.sec.gov/Archives/edgar/data/78003/000007800324000127/pfe-20240627.htm,PFE 8-K filed on 2024-07-01
PFE,8-K,2024-07-10,0000078003-24-000130,https://www.sec.gov/Archives/edgar/data/78003/000007800324000130/pfe-20240709.htm,PFE 8-K filed on 2024-07-10
PFE,8-K,2024-07-26,0000078003-24-000144,https://www.sec.gov/Archives/edgar/data/78003/000007800324000144/pfe-20240724.htm,PFE 8-K filed on 2024-07-26
PFE,8-K,2024-07-30,0000078003-24-000155,https://www.sec.gov/Archives/edgar/data/78003/000007800324000155/pfe-20240730.htm,PFE 8-K filed on 2024-07-30
PFE,10-Q,2024-08-05,0000078003-24-000166,https://www.sec.gov/Archives/edgar/data/78003/000007800324000166/pfe-20240630.htm,PFE 10-Q filed on 2024-08-05
PFE,8-K,2024-10-15,0000078003-24-000185,https://www.sec.gov/Archives/edgar/data/78003/000007800324000185/pfe-20241010.htm,PFE 8-K filed on 2024-10-15
PFE,8-K,2024-10-29,0000078003-24-000188,https://www.sec.gov/Archives/edgar/data/78003/000007800324000188/pfe-20241029.htm,PFE 8-K filed on 2024-10-29
PFE,10-Q,2024-11-04,0000078003-24-000191,https://www.sec.gov/Archives/edgar/data/78003/000007800324000191/pfe-20240929.htm,PFE 10-Q filed on 2024-11-04
PFE,8-K,2024-12-17,0000078003-24-000195,https://www.sec.gov/Archives/edgar/data/78003/000007800324000195/pfe-20241217.htm,PFE 8-K filed on 2024-12-17
PFE,8-K,2025-02-04,0000078003-25-000017,https://www.sec.gov/Archives/edgar/data/78003/000007800325000017/pfe-20250204.htm,PFE 8-K filed on 2025-02-04
PFE,10-K,2025-02-27,0000078003-25-000054,https://www.sec.gov/Archives/edgar/data/78003/000007800325000054/pfe-20241231.htm,PFE 10-K filed on 2025-02-27
PFE,8-K,2025-04-28,0000078003-25-000109,https://www.sec.gov/Archives/edgar/data/78003/000007800325000109/pfe-20250424.htm,PFE 8-K filed on 2025-04-28
PFE,8-K,2025-04-29,0000078003-25-000111,https://www.sec.gov/Archives/edgar/data/78003/000007800325000111/pfe-20250429.htm,PFE 8-K filed on 2025-04-29
PFE,10-Q,2025-05-05,0000078003-25-000114,https://www.sec.gov/Archives/edgar/data/78003/000007800325000114/pfe-20250330.htm,PFE 10-Q filed on 2025-05-05
PFE,8-K,2025-05-19,0001193125-25-122480,https://www.sec.gov/Archives/edgar/data/78003/000119312525122480/d60311d8k.htm,PFE 8-K filed on 2025-05-19
TSLA,8-K,2020-01-03,0001564590-20-000161,https://www.sec.gov/Archives/edgar/data/1318605/000156459020000161/tsla-8k_20200103.htm,TSLA 8-K filed on 2020-01-03
TSLA,8-K,2020-01-29,0001564590-20-002489,https://www.sec.gov/Archives/edgar/data/1318605/000156459020002489/tsla-8k_20200129.htm,TSLA 8-K filed on 2020-01-29
TSLA,10-K,2020-02-13,0001564590-20-004475,https://www.sec.gov/Archives/edgar/data/1318605/000156459020004475/tsla-10k_20191231.htm,TSLA 10-K filed on 2020-02-13
TSLA,8-K,2020-02-19,0001564590-20-005288,https://www.sec.gov/Archives/edgar/data/1318605/000156459020005288/tsla-8k_20200213.htm,TSLA 8-K filed on 2020-02-19
TSLA,8-K,2020-03-19,0001564590-20-011823,https://www.sec.gov/Archives/edgar/data/1318605/000156459020011823/tsla-8k_20200319.htm,TSLA 8-K filed on 2020-03-19
TSLA,8-K,2020-04-02,0001564590-20-014992,https://www.sec.gov/Archives/edgar/data/1318605/000156459020014992/tsla-8k_20200402.htm,TSLA 8-K filed on 2020-04-02
TSLA,8-K,2020-04-23,0001564590-20-018196,https://www.sec.gov/Archives/edgar/data/1318605/000156459020018196/tsla-8k_20200423.htm,TSLA 8-K filed on 2020-04-23
TSLA,8-K,2020-04-29,0001564590-20-019776,https://www.sec.gov/Archives/edgar/data/1318605/000156459020019776/tsla-8k_20200429.htm,TSLA 8-K filed on 2020-04-29
TSLA,10-Q,2020-04-30,0001564590-20-019931,https://www.sec.gov/Archives/edgar/data/1318605/000156459020019931/tsla-10q_20200331.htm,TSLA 10-Q filed on 2020-04-30
TSLA,8-K,2020-05-06,0001564590-20-022062,https://www.sec.gov/Archives/edgar/data/1318605/000156459020022062/tsla-8k_20200430.htm,TSLA 8-K filed on 2020-05-06
TSLA,8-K,2020-05-08,0001564590-20-023655,https://www.sec.gov/Archives/edgar/data/1318605/000156459020023655/tsla-8k_20200507.htm,TSLA 8-K filed on 2020-05-08
TSLA,8-K,2020-06-16,0001564590-20-029536,https://www.sec.gov/Archives/edgar/data/1318605/000156459020029536/tsla-8k_20200610.htm,TSLA 8-K filed on 2020-06-16
TSLA,8-K,2020-06-30,0001564590-20-031314,https://www.sec.gov/Archives/edgar/data/1318605/000156459020031314/tsla-8k_20200624.htm,TSLA 8-K filed on 2020-06-30
TSLA,8-K,2020-07-02,0001564590-20-031568,https://www.sec.gov/Archives/edgar/data/1318605/000156459020031568/tsla-8k_20200702.htm,TSLA 8-K filed on 2020-07-02
TSLA,8-K,2020-07-22,0001564590-20-033069,https://www.sec.gov/Archives/edgar/data/1318605/000156459020033069/tsla-8k_20200722.htm,TSLA 8-K filed on 2020-07-22
TSLA,10-Q,2020-07-28,0001564590-20-033670,https://www.sec.gov/Archives/edgar/data/1318605/000156459020033670/tsla-10q_20200630.htm,TSLA 10-Q filed on 2020-07-28
TSLA,8-K,2020-08-11,0001564590-20-039353,https://www.sec.gov/Archives/edgar/data/1318605/000156459020039353/tsla-8k_20200811.htm,TSLA 8-K filed on 2020-08-11
TSLA,8-K,2020-09-01,0001193125-20-236678,https://www.sec.gov/Archives/edgar/data/1318605/000119312520236678/d21598d8k.htm,TSLA 8-K filed on 2020-09-01
TSLA,8-K,2020-09-08,0001564590-20-042696,https://www.sec.gov/Archives/edgar/data/1318605/000156459020042696/tsla-8k_20200904.htm,TSLA 8-K filed on 2020-09-08
TSLA,8-K,2020-09-24,0001564590-20-044548,https://www.sec.gov/Archives/edgar/data/1318605/000156459020044548/tsla-8k_20200922.htm,TSLA 8-K filed on 2020-09-24
TSLA,8-K,2020-10-02,0001564590-20-045592,https://www.sec.gov/Archives/edgar/data/1318605/000156459020045592/tsla-8k_20201002.htm,TSLA 8-K filed on 2020-10-02
TSLA,8-K,2020-10-21,0001564590-20-047108,https://www.sec.gov/Archives/edgar/data/1318605/000156459020047108/tsla-8k_20201021.htm,TSLA 8-K filed on 2020-10-21
TSLA,10-Q,2020-10-26,0001564590-20-047486,https://www.sec.gov/Archives/edgar/data/1318605/000156459020047486/tsla-10q_20200930.htm,TSLA 10-Q filed on 2020-10-26
TSLA,8-K,2020-12-08,0001193125-20-312194,https://www.sec.gov/Archives/edgar/data/1318605/000119312520312194/d60067d8k.htm,TSLA 8-K filed on 2020-12-08
TSLA,8-K,2020-12-10,0001564590-20-056725,https://www.sec.gov/Archives/edgar/data/1318605/000156459020056725/tsla-8k_20201209.htm,TSLA 8-K filed on 2020-12-10
TSLA,8-K,2021-01-04,0001564590-21-000010,https://www.sec.gov/Archives/edgar/data/1318605/000156459021000010/tsla-8k_20201229.htm,TSLA 8-K filed on 2021-01-04
TSLA,8-K,2021-01-04,0001564590-21-000008,https://www.sec.gov/Archives/edgar/data/1318605/000156459021000008/tsla-8k_20210102.htm,TSLA 8-K filed on 2021-01-04
TSLA,8-K,2021-01-27,0001564590-21-002645,https://www.sec.gov/Archives/edgar/data/1318605/000156459021002645/tsla-8k_20210127.htm,TSLA 8-K filed on 2021-01-27
TSLA,10-K,2021-02-08,0001564590-21-004599,https://www.sec.gov/Archives/edgar/data/1318605/000156459021004599/tsla-10k_20201231.htm,TSLA 10-K filed on 2021-02-08
TSLA,8-K,2021-03-15,0001564590-21-012981,https://www.sec.gov/Archives/edgar/data/1318605/000156459021012981/tsla-8k_20210315.htm,TSLA 8-K filed on 2021-03-15
TSLA,8-K,2021-03-15,0001564590-21-012962,https://www.sec.gov/Archives/edgar/data/1318605/000156459021012962/tsla-8k_20210311.htm,TSLA 8-K filed on 2021-03-15
TSLA,8-K,2021-04-02,0001564590-21-017443,https://www.sec.gov/Archives/edgar/data/1318605/000156459021017443/tsla-8k_20210402.htm,TSLA 8-K filed on 2021-04-02
TSLA,8-K,2021-04-26,0001564590-21-020558,https://www.sec.gov/Archives/edgar/data/1318605/000156459021020558/tsla-8k_20210426.htm,TSLA 8-K filed on 2021-04-26
TSLA,10-Q,2021-04-28,0000950170-21-000046,https://www.sec.gov/Archives/edgar/data/1318605/000095017021000046/tsla-20210331.htm,TSLA 10-Q filed on 2021-04-28
TSLA,8-K,2021-06-07,0001564590-21-031976,https://www.sec.gov/Archives/edgar/data/1318605/000156459021031976/tsla-8k_20210603.htm,TSLA 8-K filed on 2021-06-07
TSLA,8-K,2021-07-02,0000950170-21-000423,https://www.sec.gov/Archives/edgar/data/1318605/000095017021000423/tsla-20210702.htm,TSLA 8-K filed on 2021-07-02
TSLA,8-K,2021-07-26,0001564590-21-037953,https://www.sec.gov/Archives/edgar/data/1318605/000156459021037953/tsla-8k_20210726.htm,TSLA 8-K filed on 2021-07-26
TSLA,10-Q,2021-07-27,0000950170-21-000524,https://www.sec.gov/Archives/edgar/data/1318605/000095017021000524/tsla-20210630.htm,TSLA 10-Q filed on 2021-07-27
TSLA,8-K,2021-08-30,0001564590-21-046390,https://www.sec.gov/Archives/edgar/data/1318605/000156459021046390/tsla-8k_20210827.htm,TSLA 8-K filed on 2021-08-30
TSLA,8-K,2021-10-04,0001564590-21-049874,https://www.sec.gov/Archives/edgar/data/1318605/000156459021049874/tsla-8k_20211002.htm,TSLA 8-K filed on 2021-10-04
TSLA,8-K,2021-10-13,0001564590-21-050737,https://www.sec.gov/Archives/edgar/data/1318605/000156459021050737/tsla-8k_20211007.htm,TSLA 8-K filed on 2021-10-13
TSLA,8-K,2021-10-20,0001564590-21-051307,https://www.sec.gov/Archives/edgar/data/1318605/000156459021051307/tsla-8k_20211020.htm,TSLA 8-K filed on 2021-10-20
TSLA,10-Q,2021-10-25,0000950170-21-002253,https://www.sec.gov/Archives/edgar/data/1318605/000095017021002253/tsla-20210930.htm,TSLA 10-Q filed on 2021-10-25
TSLA,8-K,2021-12-01,0001564590-21-058953,https://www.sec.gov/Archives/edgar/data/1318605/000156459021058953/tsla-8k_20211201.htm,TSLA 8-K filed on 2021-12-01
TSLA,8-K,2022-01-03,0001564590-22-000009,https://www.sec.gov/Archives/edgar/data/1318605/000156459022000009/tsla-8k_20220102.htm,TSLA 8-K filed on 2022-01-03
TSLA,8-K,2022-01-26,0001564590-22-002476,https://www.sec.gov/Archives/edgar/data/1318605/000156459022002476/tsla-8k_20220126.htm,TSLA 8-K filed on 2022-01-26
TSLA,10-K,2022-02-07,0000950170-22-000796,https://www.sec.gov/Archives/edgar/data/1318605/000095017022000796/tsla-20211231.htm,TSLA 10-K filed on 2022-02-07
TSLA,8-K,2022-03-28,0001564590-22-011875,https://www.sec.gov/Archives/edgar/data/1318605/000156459022011875/tsla-8k_20220328.htm,TSLA 8-K filed on 2022-03-28
TSLA,8-K,2022-04-04,0001564590-22-013264,https://www.sec.gov/Archives/edgar/data/1318605/000156459022013264/tsla-8k_20220402.htm,TSLA 8-K filed on 2022-04-04
TSLA,8-K,2022-04-20,0001564590-22-014917,https://www.sec.gov/Archives/edgar/data/1318605/000156459022014917/tsla-8k_20220420.htm,TSLA 8-K filed on 2022-04-20
TSLA,10-Q,2022-04-25,0000950170-22-006034,https://www.sec.gov/Archives/edgar/data/1318605/000095017022006034/tsla-20220331.htm,TSLA 10-Q filed on 2022-04-25
TSLA,8-K,2022-05-03,0001564590-22-017214,https://www.sec.gov/Archives/edgar/data/1318605/000156459022017214/tsla-8k_20220502.htm,TSLA 8-K filed on 2022-05-03
TSLA,8-K,2022-07-05,0001564590-22-025153,https://www.sec.gov/Archives/edgar/data/1318605/000156459022025153/tsla-8k_20220702.htm,TSLA 8-K filed on 2022-07-05
TSLA,8-K,2022-07-20,0001564590-22-026048,https://www.sec.gov/Archives/edgar/data/1318605/000156459022026048/tsla-8k_20220720.htm,TSLA 8-K filed on 2022-07-20
TSLA,10-Q,2022-07-25,0000950170-22-012936,https://www.sec.gov/Archives/edgar/data/1318605/000095017022012936/tsla-20220630.htm,TSLA 10-Q filed on 2022-07-25
TSLA,8-K,2022-08-05,0001564590-22-028207,https://www.sec.gov/Archives/edgar/data/1318605/000156459022028207/tsla-8k_20220804.htm,TSLA 8-K filed on 2022-08-05
TSLA,8-K,2022-09-28,0001564590-22-032575,https://www.sec.gov/Archives/edgar/data/1318605/000156459022032575/tsla-8k_20220925.htm,TSLA 8-K filed on 2022-09-28
TSLA,8-K,2022-10-03,0001564590-22-033053,https://www.sec.gov/Archives/edgar/data/1318605/000156459022033053/tsla-8k_20221002.htm,TSLA 8-K filed on 2022-10-03
TSLA,8-K,2022-10-19,0001564590-22-034639,https://www.sec.gov/Archives/edgar/data/1318605/000156459022034639/tsla-8k_20221019.htm,TSLA 8-K filed on 2022-10-19
TSLA,10-Q,2022-10-24,0000950170-22-019867,https://www.sec.gov/Archives/edgar/data/1318605/000095017022019867/tsla-20220930.htm,TSLA 10-Q filed on 2022-10-24
TSLA,8-K,2023-01-03,0001564590-23-000002,https://www.sec.gov/Archives/edgar/data/1318605/000156459023000002/tsla-8k_20230102.htm,TSLA 8-K filed on 2023-01-03
TSLA,8-K,2023-01-25,0001564590-23-000799,https://www.sec.gov/Archives/edgar/data/1318605/000156459023000799/tsla-8k_20230120.htm,TSLA 8-K filed on 2023-01-25
TSLA,10-K,2023-01-31,0000950170-23-001409,https://www.sec.gov/Archives/edgar/data/1318605/000095017023001409/tsla-20221231.htm,TSLA 10-K filed on 2023-01-31
TSLA,8-K,2023-04-03,0001564590-23-005126,https://www.sec.gov/Archives/edgar/data/1318605/000156459023005126/tsla-8k_20230402.htm,TSLA 8-K filed on 2023-04-03
TSLA,8-K,2023-04-05,0001564590-23-005462,https://www.sec.gov/Archives/edgar/data/1318605/000156459023005462/tsla-8k_20230330.htm,TSLA 8-K filed on 2023-04-05
TSLA,8-K,2023-04-19,0001564590-23-005959,https://www.sec.gov/Archives/edgar/data/1318605/000156459023005959/tsla-8k_20230419.htm,TSLA 8-K filed on 2023-04-19
TSLA,10-Q,2023-04-24,0000950170-23-013890,https://www.sec.gov/Archives/edgar/data/1318605/000095017023013890/tsla-20230331.htm,TSLA 10-Q filed on 2023-04-24
TSLA,8-K,2023-05-22,0001564590-23-007379,https://www.sec.gov/Archives/edgar/data/1318605/000156459023007379/tsla-8k_20230516.htm,TSLA 8-K filed on 2023-05-22
TSLA,8-K,2023-07-03,0000950170-23-031241,https://www.sec.gov/Archives/edgar/data/1318605/000095017023031241/tsla-20230702.htm,TSLA 8-K filed on 2023-07-03
TSLA,8-K,2023-07-19,0000950170-23-033544,https://www.sec.gov/Archives/edgar/data/1318605/000095017023033544/tsla-20230719.htm,TSLA 8-K filed on 2023-07-19
TSLA,8-K,2023-07-20,0000950170-23-033695,https://www.sec.gov/Archives/edgar/data/1318605/000095017023033695/tsla-20230719.htm,TSLA 8-K filed on 2023-07-20
TSLA,10-Q,2023-07-24,0000950170-23-033872,https://www.sec.gov/Archives/edgar/data/1318605/000095017023033872/tsla-20230630.htm,TSLA 10-Q filed on 2023-07-24
TSLA,8-K,2023-08-07,0000950170-23-038779,https://www.sec.gov/Archives/edgar/data/1318605/000095017023038779/tsla-20230804.htm,TSLA 8-K filed on 2023-08-07
TSLA,8-K,2023-10-02,0000950170-23-050938,https://www.sec.gov/Archives/edgar/data/1318605/000095017023050938/tsla-20231002.htm,TSLA 8-K filed on 2023-10-02
TSLA,8-K,2023-10-18,0001628280-23-034588,https://www.sec.gov/Archives/edgar/data/1318605/000162828023034588/tsla-20231018.htm,TSLA 8-K filed on 2023-10-18
TSLA,10-Q,2023-10-23,0001628280-23-034847,https://www.sec.gov/Archives/edgar/data/1318605/000162828023034847/tsla-20230930.htm,TSLA 10-Q filed on 2023-10-23
TSLA,8-K,2024-01-02,0000950170-24-000282,https://www.sec.gov/Archives/edgar/data/1318605/000095017024000282/tsla-20240102.htm,TSLA 8-K filed on 2024-01-02
TSLA,8-K,2024-01-24,0000950170-24-007073,https://www.sec.gov/Archives/edgar/data/1318605/000095017024007073/tsla-20240124.htm,TSLA 8-K filed on 2024-01-24
TSLA,10-K,2024-01-29,0001628280-24-002390,https://www.sec.gov/Archives/edgar/data/1318605/000162828024002390/tsla-20231231.htm,TSLA 10-K filed on 2024-01-29
TSLA,8-K,2024-04-02,0000950170-24-040274,https://www.sec.gov/Archives/edgar/data/1318605/000095017024040274/tsla-20240402.htm,TSLA 8-K filed on 2024-04-02
TSLA,8-K,2024-04-16,0000950170-24-044588,https://www.sec.gov/Archives/edgar/data/1318605/000095017024044588/tsla-20240414.htm,TSLA 8-K filed on 2024-04-16
TSLA,8-K,2024-04-23,0000950170-24-046895,https://www.sec.gov/Archives/edgar/data/1318605/000095017024046895/tsla-20240423.htm,TSLA 8-K filed on 2024-04-23
TSLA,10-Q,2024-04-24,0001628280-24-017503,https://www.sec.gov/Archives/edgar/data/1318605/000162828024017503/tsla-20240331.htm,TSLA 10-Q filed on 2024-04-24
TSLA,8-K,2024-06-14,0001104659-24-071439,https://www.sec.gov/Archives/edgar/data/1318605/000110465924071439/tm2413800d31_8k.htm,TSLA 8-K filed on 2024-06-14
TSLA,8-K,2024-07-02,0001628280-24-030714,https://www.sec.gov/Archives/edgar/data/1318605/000162828024030714/tsla-20240702.htm,TSLA 8-K filed on 2024-07-02
TSLA,8-K,2024-07-23,0001628280-24-032603,https://www.sec.gov/Archives/edgar/data/1318605/000162828024032603/tsla-20240723.htm,TSLA 8-K filed on 2024-07-23
TSLA,10-Q,2024-07-24,0001628280-24-032662,https://www.sec.gov/Archives/edgar/data/1318605/000162828024032662/tsla-20240630.htm,TSLA 10-Q filed on 2024-07-24
TSLA,8-K,2024-10-02,0001628280-24-041816,https://www.sec.gov/Archives/edgar/data/1318605/000162828024041816/tsla-20241002.htm,TSLA 8-K filed on 2024-10-02
TSLA,8-K,2024-10-23,0001628280-24-043432,https://www.sec.gov/Archives/edgar/data/1318605/000162828024043432/tsla-20241023.htm,TSLA 8-K filed on 2024-10-23
TSLA,10-Q,2024-10-24,0001628280-24-043486,https://www.sec.gov/Archives/edgar/data/1318605/000162828024043486/tsla-20240930.htm,TSLA 10-Q filed on 2024-10-24
TSLA,8-K,2025-01-02,0001628280-25-000007,https://www.sec.gov/Archives/edgar/data/1318605/000162828025000007/tsla-20250102.htm,TSLA 8-K filed on 2025-01-02
TSLA,8-K,2025-01-29,0001628280-25-002993,https://www.sec.gov/Archives/edgar/data/1318605/000162828025002993/tsla-20250129.htm,TSLA 8-K filed on 2025-01-29
TSLA,10-K,2025-01-30,0001628280-25-003063,https://www.sec.gov/Archives/edgar/data/1318605/000162828025003063/tsla-20241231.htm,TSLA 10-K filed on 2025-01-30
TSLA,8-K,2025-04-02,0001628280-25-016070,https://www.sec.gov/Archives/edgar/data/1318605/000162828025016070/tsla-20250402.htm,TSLA 8-K filed on 2025-04-02
TSLA,8-K,2025-04-22,0001628280-25-018851,https://www.sec.gov/Archives/edgar/data/1318605/000162828025018851/tsla-20250422.htm,TSLA 8-K filed on 2025-04-22
TSLA,10-Q,2025-04-23,0001628280-25-018911,https://www.sec.gov/Archives/edgar/data/1318605/000162828025018911/tsla-20250331.htm,TSLA 10-Q filed on 2025-04-23
TSLA,8-K,2025-05-16,0001104659-25-050072,https://www.sec.gov/Archives/edgar/data/1318605/000110465925050072/tm2515421d1_8k.htm,TSLA 8-K filed on 2025-05-16
TSLA,8-K,2025-05-16,0001628280-25-026148,https://www.sec.gov/Archives/edgar/data/1318605/000162828025026148/tsla-20250515.htm,TSLA 8-K filed on 2025-05-16
UNH,8-K,2020-04-15,0000731766-20-000020,https://www.sec.gov/Archives/edgar/data/731766/000073176620000020/a2020q1er8-k.htm,UNH 8-K filed on 2020-04-15
UNH,8-K,2020-04-17,0000731766-20-000022,https://www.sec.gov/Archives/edgar/data/731766/000073176620000022/a2020witty8-k.htm,UNH 8-K filed on 2020-04-17
UNH,10-Q,2020-05-06,0000731766-20-000026,https://www.sec.gov/Archives/edgar/data/731766/000073176620000026/unh202033110-q.htm,UNH 10-Q filed on 2020-05-06
UNH,8-K,2020-05-18,0001193125-20-145044,https://www.sec.gov/Archives/edgar/data/731766/000119312520145044/d812945d8k.htm,UNH 8-K filed on 2020-05-18
UNH,8-K,2020-06-05,0000731766-20-000034,https://www.sec.gov/Archives/edgar/data/731766/000073176620000034/unh-20200601.htm,UNH 8-K filed on 2020-06-05
UNH,8-K,2020-07-15,0000731766-20-000038,https://www.sec.gov/Archives/edgar/data/731766/000073176620000038/unh-20200715.htm,UNH 8-K filed on 2020-07-15
UNH,10-Q,2020-08-03,0000731766-20-000042,https://www.sec.gov/Archives/edgar/data/731766/000073176620000042/unh-20200630.htm,UNH 10-Q filed on 2020-08-03
UNH,8-K,2020-10-14,0000731766-20-000045,https://www.sec.gov/Archives/edgar/data/731766/000073176620000045/unh-20201014.htm,UNH 8-K filed on 2020-10-14
UNH,10-Q,2020-11-02,0000731766-20-000049,https://www.sec.gov/Archives/edgar/data/731766/000073176620000049/unh-20200930.htm,UNH 10-Q filed on 2020-11-02
UNH,8-K,2020-11-20,0000731766-20-000053,https://www.sec.gov/Archives/edgar/data/731766/000073176620000053/unh-20201120.htm,UNH 8-K filed on 2020-11-20
UNH,8-K,2020-11-25,0000731766-20-000056,https://www.sec.gov/Archives/edgar/data/731766/000073176620000056/unh-20201125.htm,UNH 8-K filed on 2020-11-25
UNH,8-K,2020-12-01,0000731766-20-000058,https://www.sec.gov/Archives/edgar/data/731766/000073176620000058/unh-20201201.htm,UNH 8-K filed on 2020-12-01
UNH,8-K,2020-12-02,0000731766-20-000060,https://www.sec.gov/Archives/edgar/data/731766/000073176620000060/unh-20201201.htm,UNH 8-K filed on 2020-12-02
UNH,8-K,2021-01-06,0001193125-21-002419,https://www.sec.gov/Archives/edgar/data/731766/000119312521002419/d60247d8k.htm,UNH 8-K filed on 2021-01-06
UNH,8-K,2021-01-20,0000731766-21-000002,https://www.sec.gov/Archives/edgar/data/731766/000073176621000002/unh-20210120.htm,UNH 8-K filed on 2021-01-20
UNH,8-K,2021-02-08,0000731766-21-000004,https://www.sec.gov/Archives/edgar/data/731766/000073176621000004/unh-20210202.htm,UNH 8-K filed on 2021-02-08
UNH,8-K,2021-02-26,0000731766-21-000010,https://www.sec.gov/Archives/edgar/data/731766/000073176621000010/unh-20210222.htm,UNH 8-K filed on 2021-02-26
UNH,10-K,2021-03-01,0000731766-21-000013,https://www.sec.gov/Archives/edgar/data/731766/000073176621000013/unh-20201231.htm,UNH 10-K filed on 2021-03-01
UNH,8-K,2021-03-08,0000731766-21-000015,https://www.sec.gov/Archives/edgar/data/731766/000073176621000015/unh-20210308.htm,UNH 8-K filed on 2021-03-08
UNH,8-K,2021-04-15,0000731766-21-000018,https://www.sec.gov/Archives/edgar/data/731766/000073176621000018/unh-20210415.htm,UNH 8-K filed on 2021-04-15
UNH,10-Q,2021-05-05,0000731766-21-000021,https://www.sec.gov/Archives/edgar/data/731766/000073176621000021/unh-20210331.htm,UNH 10-Q filed on 2021-05-05
UNH,8-K,2021-05-07,0000731766-21-000023,https://www.sec.gov/Archives/edgar/data/731766/000073176621000023/unh-20210507.htm,UNH 8-K filed on 2021-05-07
UNH,8-K,2021-05-19,0001193125-21-166654,https://www.sec.gov/Archives/edgar/data/731766/000119312521166654/d146030d8k.htm,UNH 8-K filed on 2021-05-19
UNH,8-K,2021-05-28,0000731766-21-000025,https://www.sec.gov/Archives/edgar/data/731766/000073176621000025/unh-20210528.htm,UNH 8-K filed on 2021-05-28
UNH,8-K,2021-06-11,0000731766-21-000028,https://www.sec.gov/Archives/edgar/data/731766/000073176621000028/unh-20210607.htm,UNH 8-K filed on 2021-06-11
UNH,8-K,2021-07-15,0000731766-21-000033,https://www.sec.gov/Archives/edgar/data/731766/000073176621000033/unh-20210715.htm,UNH 8-K filed on 2021-07-15
UNH,10-Q,2021-08-03,0000731766-21-000037,https://www.sec.gov/Archives/edgar/data/731766/000073176621000037/unh-20210630.htm,UNH 10-Q filed on 2021-08-03
UNH,8-K,2021-10-14,0000731766-21-000040,https://www.sec.gov/Archives/edgar/data/731766/000073176621000040/unh-20211014.htm,UNH 8-K filed on 2021-10-14
UNH,10-Q,2021-11-03,0000731766-21-000051,https://www.sec.gov/Archives/edgar/data/731766/000073176621000051/unh-20210930.htm,UNH 10-Q filed on 2021-11-03
UNH,8-K,2021-11-08,0000731766-21-000053,https://www.sec.gov/Archives/edgar/data/731766/000073176621000053/unh-20211102.htm,UNH 8-K filed on 2021-11-08
UNH,8-K,2021-11-23,0000731766-21-000055,https://www.sec.gov/Archives/edgar/data/731766/000073176621000055/unh-20211123.htm,UNH 8-K filed on 2021-11-23
UNH,8-K,2021-11-29,0000731766-21-000057,https://www.sec.gov/Archives/edgar/data/731766/000073176621000057/unh-20211129.htm,UNH 8-K filed on 2021-11-29
UNH,8-K,2022-01-19,0000731766-22-000004,https://www.sec.gov/Archives/edgar/data/731766/000073176622000004/unh-20220119.htm,UNH 8-K filed on 2022-01-19
UNH,10-K,2022-02-15,0000731766-22-000008,https://www.sec.gov/Archives/edgar/data/731766/000073176622000008/unh-20211231.htm,UNH 10-K filed on 2022-02-15
UNH,8-K,2022-02-17,0000731766-22-000010,https://www.sec.gov/Archives/edgar/data/731766/000073176622000010/unh-20220214.htm,UNH 8-K filed on 2022-02-17
UNH,8-K,2022-03-29,0001193125-22-087427,https://www.sec.gov/Archives/edgar/data/731766/000119312522087427/d281867d8k.htm,UNH 8-K filed on 2022-03-29
UNH,8-K,2022-04-05,0000731766-22-000013,https://www.sec.gov/Archives/edgar/data/731766/000073176622000013/unh-20220404.htm,UNH 8-K filed on 2022-04-05
UNH,8-K,2022-04-14,0000731766-22-000016,https://www.sec.gov/Archives/edgar/data/731766/000073176622000016/unh-20220414.htm,UNH 8-K filed on 2022-04-14
UNH,10-Q,2022-05-04,0000731766-22-000019,https://www.sec.gov/Archives/edgar/data/731766/000073176622000019/unh-20220331.htm,UNH 10-Q filed on 2022-05-04
UNH,8-K,2022-05-06,0000731766-22-000021,https://www.sec.gov/Archives/edgar/data/731766/000073176622000021/unh-20220506.htm,UNH 8-K filed on 2022-05-06
UNH,8-K,2022-05-20,0001193125-22-156291,https://www.sec.gov/Archives/edgar/data/731766/000119312522156291/d288958d8k.htm,UNH 8-K filed on 2022-05-20
UNH,8-K,2022-05-31,0000731766-22-000026,https://www.sec.gov/Archives/edgar/data/731766/000073176622000026/unh-20220531.htm,UNH 8-K filed on 2022-05-31
UNH,8-K,2022-06-10,0000731766-22-000028,https://www.sec.gov/Archives/edgar/data/731766/000073176622000028/unh-20220606.htm,UNH 8-K filed on 2022-06-10
UNH,8-K,2022-07-15,0000731766-22-000033,https://www.sec.gov/Archives/edgar/data/731766/000073176622000033/unh-20220715.htm,UNH 8-K filed on 2022-07-15
UNH,10-Q,2022-08-03,0000731766-22-000036,https://www.sec.gov/Archives/edgar/data/731766/000073176622000036/unh-20220630.htm,UNH 10-Q filed on 2022-08-03
UNH,8-K,2022-09-09,0000731766-22-000038,https://www.sec.gov/Archives/edgar/data/731766/000073176622000038/unh-20220909.htm,UNH 8-K filed on 2022-09-09
UNH,8-K,2022-10-03,0001104659-22-104936,https://www.sec.gov/Archives/edgar/data/731766/000110465922104936/tm2226855d2_8k.htm,UNH 8-K filed on 2022-10-03
UNH,8-K,2022-10-14,0000731766-22-000041,https://www.sec.gov/Archives/edgar/data/731766/000073176622000041/unh-20221014.htm,UNH 8-K filed on 2022-10-14
UNH,8-K,2022-10-28,0001193125-22-272540,https://www.sec.gov/Archives/edgar/data/731766/000119312522272540/d363790d8k.htm,UNH 8-K filed on 2022-10-28
UNH,10-Q,2022-11-02,0000731766-22-000044,https://www.sec.gov/Archives/edgar/data/731766/000073176622000044/unh-20220930.htm,UNH 10-Q filed on 2022-11-02
UNH,8-K,2022-11-22,0000731766-22-000046,https://www.sec.gov/Archives/edgar/data/731766/000073176622000046/unh-20221122.htm,UNH 8-K filed on 2022-11-22
UNH,8-K,2022-11-28,0000731766-22-000048,https://www.sec.gov/Archives/edgar/data/731766/000073176622000048/unh-20221128.htm,UNH 8-K filed on 2022-11-28
UNH,8-K,2022-12-12,0000731766-22-000051,https://www.sec.gov/Archives/edgar/data/731766/000073176622000051/unh-20221212.htm,UNH 8-K filed on 2022-12-12
UNH,8-K,2023-01-13,0000731766-23-000003,https://www.sec.gov/Archives/edgar/data/731766/000073176623000003/unh-20230113.htm,UNH 8-K filed on 2023-01-13
UNH,10-K,2023-02-24,0000731766-23-000008,https://www.sec.gov/Archives/edgar/data/731766/000073176623000008/unh-20221231.htm,UNH 10-K filed on 2023-02-24
UNH,8-K,2023-03-28,0001193125-23-082238,https://www.sec.gov/Archives/edgar/data/731766/000119312523082238/d492182d8k.htm,UNH 8-K filed on 2023-03-28
UNH,8-K,2023-04-14,0000731766-23-000026,https://www.sec.gov/Archives/edgar/data/731766/000073176623000026/unh-20230414.htm,UNH 8-K filed on 2023-04-14
UNH,8-K,2023-04-24,0001193125-23-113025,https://www.sec.gov/Archives/edgar/data/731766/000119312523113025/d499160d8k.htm,UNH 8-K filed on 2023-04-24
UNH,8-K,2023-04-28,0001193125-23-127633,https://www.sec.gov/Archives/edgar/data/731766/000119312523127633/d485677d8k.htm,UNH 8-K filed on 2023-04-28
UNH,10-Q,2023-05-03,0000731766-23-000029,https://www.sec.gov/Archives/edgar/data/731766/000073176623000029/unh-20230331.htm,UNH 10-Q filed on 2023-05-03
UNH,8-K,2023-05-05,0000731766-23-000031,https://www.sec.gov/Archives/edgar/data/731766/000073176623000031/unh-20230505.htm,UNH 8-K filed on 2023-05-05
UNH,8-K,2023-05-30,0000731766-23-000042,https://www.sec.gov/Archives/edgar/data/731766/000073176623000042/unh-20230530.htm,UNH 8-K filed on 2023-05-30
UNH,8-K,2023-06-09,0000731766-23-000044,https://www.sec.gov/Archives/edgar/data/731766/000073176623000044/unh-20230605.htm,UNH 8-K filed on 2023-06-09
UNH,8-K,2023-07-14,0000731766-23-000049,https://www.sec.gov/Archives/edgar/data/731766/000073176623000049/unh-20230714.htm,UNH 8-K filed on 2023-07-14
UNH,10-Q,2023-08-02,0000731766-23-000053,https://www.sec.gov/Archives/edgar/data/731766/000073176623000053/unh-20230630.htm,UNH 10-Q filed on 2023-08-02
UNH,8-K,2023-10-13,0000731766-23-000058,https://www.sec.gov/Archives/edgar/data/731766/000073176623000058/unh-20231013.htm,UNH 8-K filed on 2023-10-13
UNH,8-K,2023-11-03,0000731766-23-000061,https://www.sec.gov/Archives/edgar/data/731766/000073176623000061/unh-20231103.htm,UNH 8-K filed on 2023-11-03
UNH,10-Q,2023-11-06,0000731766-23-000064,https://www.sec.gov/Archives/edgar/data/731766/000073176623000064/unh-20230930.htm,UNH 10-Q filed on 2023-11-06
UNH,8-K,2023-11-22,0000731766-23-000075,https://www.sec.gov/Archives/edgar/data/731766/000073176623000075/unh-20231122.htm,UNH 8-K filed on 2023-11-22
UNH,8-K,2023-11-28,0000731766-23-000080,https://www.sec.gov/Archives/edgar/data/731766/000073176623000080/unh-20231128.htm,UNH 8-K filed on 2023-11-28
UNH,8-K,2023-12-29,0000731766-23-000115,https://www.sec.gov/Archives/edgar/data/731766/000073176623000115/unh-20231222.htm,UNH 8-K filed on 2023-12-29
UNH,8-K,2024-01-12,0000731766-24-000023,https://www.sec.gov/Archives/edgar/data/731766/000073176624000023/unh-20240112.htm,UNH 8-K filed on 2024-01-12
UNH,8-K,2024-02-07,0000731766-24-000026,https://www.sec.gov/Archives/edgar/data/731766/000073176624000026/unh-20240206.htm,UNH 8-K filed on 2024-02-07
UNH,8-K,2024-02-09,0000731766-24-000028,https://www.sec.gov/Archives/edgar/data/731766/000073176624000028/unh-20240206.htm,UNH 8-K filed on 2024-02-09
UNH,8-K,2024-02-22,0000731766-24-000045,https://www.sec.gov/Archives/edgar/data/731766/000073176624000045/unh-20240221.htm,UNH 8-K filed on 2024-02-22
UNH,10-K,2024-02-28,0000731766-24-000081,https://www.sec.gov/Archives/edgar/data/731766/000073176624000081/unh-20231231.htm,UNH 10-K filed on 2024-02-28
UNH,8-K,2024-03-21,0001193125-24-073887,https://www.sec.gov/Archives/edgar/data/731766/000119312524073887/d800516d8k.htm,UNH 8-K filed on 2024-03-21
UNH,8-K,2024-03-28,0000731766-24-000122,https://www.sec.gov/Archives/edgar/data/731766/000073176624000122/unh-20240328.htm,UNH 8-K filed on 2024-03-28
UNH,8-K,2024-04-16,0000731766-24-000146,https://www.sec.gov/Archives/edgar/data/731766/000073176624000146/unh-20240416.htm,UNH 8-K filed on 2024-04-16
UNH,10-Q,2024-05-09,0000731766-24-000155,https://www.sec.gov/Archives/edgar/data/731766/000073176624000155/unh-20240331.htm,UNH 10-Q filed on 2024-05-09
UNH,8-K,2024-05-09,0000731766-24-000157,https://www.sec.gov/Archives/edgar/data/731766/000073176624000157/unh-20240509.htm,UNH 8-K filed on 2024-05-09
UNH,8-K,2024-05-15,0000731766-24-000159,https://www.sec.gov/Archives/edgar/data/731766/000073176624000159/unh-20240515.htm,UNH 8-K filed on 2024-05-15
UNH,8-K,2024-05-24,0000731766-24-000161,https://www.sec.gov/Archives/edgar/data/731766/000073176624000161/unh-20240524.htm,UNH 8-K filed on 2024-05-24
UNH,8-K,2024-06-07,0000731766-24-000167,https://www.sec.gov/Archives/edgar/data/731766/000073176624000167/unh-20240603.htm,UNH 8-K filed on 2024-06-07
UNH,8-K,2024-07-16,0000731766-24-000242,https://www.sec.gov/Archives/edgar/data/731766/000073176624000242/unh-20240716.htm,UNH 8-K filed on 2024-07-16
UNH,8-K,2024-07-25,0000731766-24-000255,https://www.sec.gov/Archives/edgar/data/731766/000073176624000255/unh-20240723.htm,UNH 8-K filed on 2024-07-25
UNH,10-Q,2024-08-09,0000731766-24-000262,https://www.sec.gov/Archives/edgar/data/731766/000073176624000262/unh-20240630.htm,UNH 10-Q filed on 2024-08-09
UNH,8-K,2024-10-15,0000731766-24-000320,https://www.sec.gov/Archives/edgar/data/731766/000073176624000320/unh-20241015.htm,UNH 8-K filed on 2024-10-15
UNH,10-Q,2024-11-04,0000731766-24-000323,https://www.sec.gov/Archives/edgar/data/731766/000073176624000323/unh-20240930.htm,UNH 10-Q filed on 2024-11-04
UNH,8-K,2024-11-26,0000731766-24-000334,https://www.sec.gov/Archives/edgar/data/731766/000073176624000334/unh-20241126.htm,UNH 8-K filed on 2024-11-26
UNH,8-K,2024-12-03,0000731766-24-000338,https://www.sec.gov/Archives/edgar/data/731766/000073176624000338/unh-20241203.htm,UNH 8-K filed on 2024-12-03
UNH,8-K,2024-12-04,0000731766-24-000340,https://www.sec.gov/Archives/edgar/data/731766/000073176624000340/unh-20241204.htm,UNH 8-K filed on 2024-12-04
UNH,8-K,2025-01-16,0000731766-25-000022,https://www.sec.gov/Archives/edgar/data/731766/000073176625000022/unh-20250116.htm,UNH 8-K filed on 2025-01-16
UNH,10-K,2025-02-27,0000731766-25-000063,https://www.sec.gov/Archives/edgar/data/731766/000073176625000063/unh-20241231.htm,UNH 10-K filed on 2025-02-27
UNH,8-K,2025-04-17,0000731766-25-000123,https://www.sec.gov/Archives/edgar/data/731766/000073176625000123/unh-20250417.htm,UNH 8-K filed on 2025-04-17
UNH,8-K,2025-04-29,0000731766-25-000125,https://www.sec.gov/Archives/edgar/data/731766/000073176625000125/unh-20250429.htm,UNH 8-K filed on 2025-04-29
UNH,10-Q,2025-05-07,0000731766-25-000131,https://www.sec.gov/Archives/edgar/data/731766/000073176625000131/unh-20250331.htm,UNH 10-Q filed on 2025-05-07
UNH,8-K,2025-05-14,0000731766-25-000134,https://www.sec.gov/Archives/edgar/data/731766/000073176625000134/unh-20250512.htm,UNH 8-K filed on 2025-05-14
UNH,8-K,2025-05-21,0000731766-25-000150,https://www.sec.gov/Archives/edgar/data/731766/000073176625000150/unh-20250520.htm,UNH 8-K filed on 2025-05-21
UNH,8-K,2025-06-04,0000731766-25-000154,https://www.sec.gov/Archives/edgar/data/731766/000073176625000154/unh-20250602.htm,UNH 8-K filed on 2025-06-04
UNH,8-K,2025-06-20,0001193125-25-143717,https://www.sec.gov/Archives/edgar/data/731766/000119312525143717/d947980d8k.htm,UNH 8-K filed on 2025-06-20
WMT,8-K,2022-09-09,0001193125-22-241984,https://www.sec.gov/Archives/edgar/data/104169/000119312522241984/d359217d8k.htm,WMT 8-K filed on 2022-09-09
WMT,8-K,2022-11-15,0000104169-22-000077,https://www.sec.gov/Archives/edgar/data/104169/000010416922000077/wmt-20221115.htm,WMT 8-K filed on 2022-11-15
WMT,8-K,2022-11-16,0000104169-22-000080,https://www.sec.gov/Archives/edgar/data/104169/000010416922000080/wmt-20221110.htm,WMT 8-K filed on 2022-11-16
WMT,10-Q,2022-12-01,0000104169-22-000083,https://www.sec.gov/Archives/edgar/data/104169/000010416922000083/wmt-20221031.htm,WMT 10-Q filed on 2022-12-01
WMT,8-K,2022-12-20,0000104169-22-000085,https://www.sec.gov/Archives/edgar/data/104169/000010416922000085/wmt-20221220.htm,WMT 8-K filed on 2022-12-20
WMT,8-K,2022-12-23,0000104169-22-000088,https://www.sec.gov/Archives/edgar/data/104169/000010416922000088/wmt-20221223.htm,WMT 8-K filed on 2022-12-23
WMT,8-K,2023-02-21,0000104169-23-000010,https://www.sec.gov/Archives/edgar/data/104169/000010416923000010/wmt-20230221.htm,WMT 8-K filed on 2023-02-21
WMT,8-K,2023-02-24,0000104169-23-000013,https://www.sec.gov/Archives/edgar/data/104169/000010416923000013/wmt-20230224.htm,WMT 8-K filed on 2023-02-24
WMT,8-K,2023-03-06,0000104169-23-000015,https://www.sec.gov/Archives/edgar/data/104169/000010416923000015/wmt-20230306.htm,WMT 8-K filed on 2023-03-06
WMT,10-K,2023-03-17,0000104169-23-000020,https://www.sec.gov/Archives/edgar/data/104169/000010416923000020/wmt-20230131.htm,WMT 10-K filed on 2023-03-17
WMT,8-K,2023-03-24,0000104169-23-000022,https://www.sec.gov/Archives/edgar/data/104169/000010416923000022/wmt-20230324.htm,WMT 8-K filed on 2023-03-24
WMT,8-K,2023-04-04,0000104169-23-000026,https://www.sec.gov/Archives/edgar/data/104169/000010416923000026/wmt-20230404.htm,WMT 8-K filed on 2023-04-04
WMT,8-K,2023-04-17,0001193125-23-103832,https://www.sec.gov/Archives/edgar/data/104169/000119312523103832/d484375d8k.htm,WMT 8-K filed on 2023-04-17
WMT,8-K,2023-05-18,0000104169-23-000043,https://www.sec.gov/Archives/edgar/data/104169/000010416923000043/wmt-20230518.htm,WMT 8-K filed on 2023-05-18
WMT,10-Q,2023-06-02,0000104169-23-000052,https://www.sec.gov/Archives/edgar/data/104169/000010416923000052/wmt-20230430.htm,WMT 10-Q filed on 2023-06-02
WMT,8-K,2023-06-02,0000104169-23-000054,https://www.sec.gov/Archives/edgar/data/104169/000010416923000054/wmt-20230531.htm,WMT 8-K filed on 2023-06-02
WMT,8-K,2023-08-16,0000104169-23-000082,https://www.sec.gov/Archives/edgar/data/104169/000010416923000082/wmt-20230814.htm,WMT 8-K filed on 2023-08-16
WMT,8-K,2023-08-17,0000104169-23-000088,https://www.sec.gov/Archives/edgar/data/104169/000010416923000088/wmt-20230817.htm,WMT 8-K filed on 2023-08-17
WMT,8-K,2023-08-22,0000104169-23-000091,https://www.sec.gov/Archives/edgar/data/104169/000010416923000091/wmt-20230822.htm,WMT 8-K filed on 2023-08-22
WMT,10-Q,2023-09-01,0000104169-23-000097,https://www.sec.gov/Archives/edgar/data/104169/000010416923000097/wmt-20230731.htm,WMT 10-Q filed on 2023-09-01
WMT,8-K,2023-11-16,0000104169-23-000124,https://www.sec.gov/Archives/edgar/data/104169/000010416923000124/wmt-20231116.htm,WMT 8-K filed on 2023-11-16
WMT,10-Q,2023-11-30,0000104169-23-000132,https://www.sec.gov/Archives/edgar/data/104169/000010416923000132/wmt-20231031.htm,WMT 10-Q filed on 2023-11-30
WMT,8-K,2024-01-31,0000104169-24-000004,https://www.sec.gov/Archives/edgar/data/104169/000010416924000004/wmt-20240130.htm,WMT 8-K filed on 2024-01-31
WMT,8-K,2024-02-20,0000104169-24-000019,https://www.sec.gov/Archives/edgar/data/104169/000010416924000019/wmt-20240220.htm,WMT 8-K filed on 2024-02-20
WMT,8-K,2024-02-23,0000104169-24-000033,https://www.sec.gov/Archives/edgar/data/104169/000010416924000033/wmt-20240223.htm,WMT 8-K filed on 2024-02-23
WMT,8-K,2024-02-28,0000104169-24-000039,https://www.sec.gov/Archives/edgar/data/104169/000010416924000039/wmt-20240228.htm,WMT 8-K filed on 2024-02-28
WMT,10-K,2024-03-15,0000104169-24-000056,https://www.sec.gov/Archives/edgar/data/104169/000010416924000056/wmt-20240131.htm,WMT 10-K filed on 2024-03-15
WMT,8-K,2024-03-28,0000104169-24-000064,https://www.sec.gov/Archives/edgar/data/104169/000010416924000064/wmt-20240328.htm,WMT 8-K filed on 2024-03-28
WMT,8-K,2024-05-16,0000104169-24-000088,https://www.sec.gov/Archives/edgar/data/104169/000010416924000088/wmt-20240516.htm,WMT 8-K filed on 2024-05-16
WMT,10-Q,2024-06-07,0000104169-24-000105,https://www.sec.gov/Archives/edgar/data/104169/000010416924000105/wmt-20240430.htm,WMT 10-Q filed on 2024-06-07
WMT,8-K,2024-06-07,0000104169-24-000103,https://www.sec.gov/Archives/edgar/data/104169/000010416924000103/wmt-20240605.htm,WMT 8-K filed on 2024-06-07
WMT,8-K,2024-08-15,0000104169-24-000132,https://www.sec.gov/Archives/edgar/data/104169/000010416924000132/wmt-20240815.htm,WMT 8-K filed on 2024-08-15
WMT,8-K,2024-08-15,0000104169-24-000131,https://www.sec.gov/Archives/edgar/data/104169/000010416924000131/wmt-20240815.htm,WMT 8-K filed on 2024-08-15
WMT,10-Q,2024-08-30,0000104169-24-000141,https://www.sec.gov/Archives/edgar/data/104169/000010416924000141/wmt-20240731.htm,WMT 10-Q filed on 2024-08-30
WMT,8-K,2024-09-06,0000104169-24-000146,https://www.sec.gov/Archives/edgar/data/104169/000010416924000146/wmt-20240906.htm,WMT 8-K filed on 2024-09-06
WMT,8-K,2024-10-18,0000104169-24-000166,https://www.sec.gov/Archives/edgar/data/104169/000010416924000166/wmt-20241018.htm,WMT 8-K filed on 2024-10-18
WMT,8-K,2024-11-19,0000104169-24-000170,https://www.sec.gov/Archives/edgar/data/104169/000010416924000170/wmt-20241119.htm,WMT 8-K filed on 2024-11-19
WMT,8-K,2024-11-22,0000104169-24-000173,https://www.sec.gov/Archives/edgar/data/104169/000010416924000173/wmt-20241122.htm,WMT 8-K filed on 2024-11-22
WMT,10-Q,2024-12-06,0000104169-24-000178,https://www.sec.gov/Archives/edgar/data/104169/000010416924000178/wmt-20241031.htm,WMT 10-Q filed on 2024-12-06
WMT,8-K,2025-02-20,0000104169-25-000010,https://www.sec.gov/Archives/edgar/data/104169/000010416925000010/wmt-20250220.htm,WMT 8-K filed on 2025-02-20
WMT,10-K,2025-03-14,0000104169-25-000021,https://www.sec.gov/Archives/edgar/data/104169/000010416925000021/wmt-20250131.htm,WMT 10-K filed on 2025-03-14
WMT,8-K,2025-03-17,0000104169-25-000027,https://www.sec.gov/Archives/edgar/data/104169/000010416925000027/wmt-20250317.htm,WMT 8-K filed on 2025-03-17
WMT,8-K,2025-03-17,0000104169-25-000025,https://www.sec.gov/Archives/edgar/data/104169/000010416925000025/wmt-20250317.htm,WMT 8-K filed on 2025-03-17
WMT,8-K,2025-04-09,0000104169-25-000036,https://www.sec.gov/Archives/edgar/data/104169/000010416925000036/wmt-20250409.htm,WMT 8-K filed on 2025-04-09
WMT,8-K,2025-04-28,0001193125-25-098253,https://www.sec.gov/Archives/edgar/data/104169/000119312525098253/d926281d8k.htm,WMT 8-K filed on 2025-04-28
WMT,8-K,2025-05-15,0000104169-25-000069,https://www.sec.gov/Archives/edgar/data/104169/000010416925000069/wmt-20250515.htm,WMT 8-K filed on 2025-05-15
WMT,10-Q,2025-06-06,0000104169-25-000090,https://www.sec.gov/Archives/edgar/data/104169/000010416925000090/wmt-20250430.htm,WMT 10-Q filed on 2025-06-06
WMT,8-K,2025-06-06,0000104169-25-000092,https://www.sec.gov/Archives/edgar/data/104169/000010416925000092/wmt-20250605.htm,WMT 8-K filed on 2025-06-06
XOM,8-K,2020-01-03,0000034088-20-000004,https://www.sec.gov/Archives/edgar/data/34088/000003408820000004/r8k010320.htm,XOM 8-K filed on 2020-01-03
XOM,8-K,2020-01-31,0000034088-20-000011,https://www.sec.gov/Archives/edgar/data/34088/000003408820000011/r8k013120.htm,XOM 8-K filed on 2020-01-31
XOM,10-K,2020-02-26,0000034088-20-000016,https://www.sec.gov/Archives/edgar/data/34088/000003408820000016/xom10k2019.htm,XOM 10-K filed on 2020-02-26
XOM,8-K,2020-03-03,0000034088-20-000019,https://www.sec.gov/Archives/edgar/data/34088/000003408820000019/r8k022620.htm,XOM 8-K filed on 2020-03-03
XOM,8-K,2020-03-19,0001193125-20-078352,https://www.sec.gov/Archives/edgar/data/34088/000119312520078352/d851825d8k.htm,XOM 8-K filed on 2020-03-19
XOM,8-K,2020-04-07,0000034088-20-000028,https://www.sec.gov/Archives/edgar/data/34088/000003408820000028/r8k040720.htm,XOM 8-K filed on 2020-04-07
XOM,8-K,2020-04-15,0001193125-20-107736,https://www.sec.gov/Archives/edgar/data/34088/000119312520107736/d883818d8k.htm,XOM 8-K filed on 2020-04-15
XOM,8-K,2020-05-01,0000034088-20-000035,https://www.sec.gov/Archives/edgar/data/34088/000003408820000035/r8k050120.htm,XOM 8-K filed on 2020-05-01
XOM,10-Q,2020-05-06,0000034088-20-000037,https://www.sec.gov/Archives/edgar/data/34088/000003408820000037/xom10q1q2020.htm,XOM 10-Q filed on 2020-05-06
XOM,8-K,2020-06-02,0000034088-20-000042,https://www.sec.gov/Archives/edgar/data/34088/000003408820000042/r8k052720.htm,XOM 8-K filed on 2020-06-02
XOM,8-K,2020-06-26,0001193125-20-180037,https://www.sec.gov/Archives/edgar/data/34088/000119312520180037/d914260d8k.htm,XOM 8-K filed on 2020-06-26
XOM,8-K,2020-07-02,0000034088-20-000050,https://www.sec.gov/Archives/edgar/data/34088/000003408820000050/r8k070220.htm,XOM 8-K filed on 2020-07-02
XOM,8-K,2020-07-28,0000034088-20-000057,https://www.sec.gov/Archives/edgar/data/34088/000003408820000057/r8k072820.htm,XOM 8-K filed on 2020-07-28
XOM,8-K,2020-07-31,0000034088-20-000066,https://www.sec.gov/Archives/edgar/data/34088/000003408820000066/r8k073120.htm,XOM 8-K filed on 2020-07-31
XOM,8-K,2020-07-31,0000034088-20-000062,https://www.sec.gov/Archives/edgar/data/34088/000003408820000062/r8k073020.htm,XOM 8-K filed on 2020-07-31
XOM,10-Q,2020-08-05,0000034088-20-000073,https://www.sec.gov/Archives/edgar/data/34088/000003408820000073/xom10q2q2020.htm,XOM 10-Q filed on 2020-08-05
XOM,8-K,2020-10-01,0000034088-20-000081,https://www.sec.gov/Archives/edgar/data/34088/000003408820000081/r8k100120.htm,XOM 8-K filed on 2020-10-01
XOM,8-K,2020-10-30,0000034088-20-000087,https://www.sec.gov/Archives/edgar/data/34088/000003408820000087/xom-20201030.htm,XOM 8-K filed on 2020-10-30
XOM,10-Q,2020-11-04,0000034088-20-000090,https://www.sec.gov/Archives/edgar/data/34088/000003408820000090/xom-20200930.htm,XOM 10-Q filed on 2020-11-04
XOM,8-K,2020-11-30,0000034088-20-000093,https://www.sec.gov/Archives/edgar/data/34088/000003408820000093/xom-20201124.htm,XOM 8-K filed on 2020-11-30
XOM,8-K,2020-12-01,0000034088-20-000095,https://www.sec.gov/Archives/edgar/data/34088/000003408820000095/xom-20201124.htm,XOM 8-K filed on 2020-12-01
XOM,8-K,2020-12-30,0000034088-20-000100,https://www.sec.gov/Archives/edgar/data/34088/000003408820000100/xom-20201230.htm,XOM 8-K filed on 2020-12-30
XOM,8-K,2021-02-02,0000034088-21-000006,https://www.sec.gov/Archives/edgar/data/34088/000003408821000006/xom-20210127.htm,XOM 8-K filed on 2021-02-02
XOM,8-K,2021-02-02,0000034088-21-000004,https://www.sec.gov/Archives/edgar/data/34088/000003408821000004/xom-20210202.htm,XOM 8-K filed on 2021-02-02
XOM,10-K,2021-02-24,0000034088-21-000012,https://www.sec.gov/Archives/edgar/data/34088/000003408821000012/xom-20201231.htm,XOM 10-K filed on 2021-02-24
XOM,8-K,2021-03-01,0000034088-21-000014,https://www.sec.gov/Archives/edgar/data/34088/000003408821000014/xom-20210224.htm,XOM 8-K filed on 2021-03-01
XOM,8-K,2021-03-31,0000034088-21-000017,https://www.sec.gov/Archives/edgar/data/34088/000003408821000017/xom-20210331.htm,XOM 8-K filed on 2021-03-31
XOM,8-K,2021-04-30,0000034088-21-000021,https://www.sec.gov/Archives/edgar/data/34088/000003408821000021/xom-20210430.htm,XOM 8-K filed on 2021-04-30
XOM,10-Q,2021-05-05,0000034088-21-000024,https://www.sec.gov/Archives/edgar/data/34088/000003408821000024/xom-20210331.htm,XOM 10-Q filed on 2021-05-05
XOM,8-K,2021-06-02,0000034088-21-000031,https://www.sec.gov/Archives/edgar/data/34088/000003408821000031/xom-20210526.htm,XOM 8-K filed on 2021-06-02
XOM,8-K,2021-06-30,0000034088-21-000041,https://www.sec.gov/Archives/edgar/data/34088/000003408821000041/xom-20210630.htm,XOM 8-K filed on 2021-06-30
XOM,8-K,2021-07-22,0000034088-21-000043,https://www.sec.gov/Archives/edgar/data/34088/000003408821000043/xom-20210716.htm,XOM 8-K filed on 2021-07-22
XOM,8-K,2021-07-30,0000034088-21-000046,https://www.sec.gov/Archives/edgar/data/34088/000003408821000046/xom-20210730.htm,XOM 8-K filed on 2021-07-30
XOM,10-Q,2021-08-04,0000034088-21-000051,https://www.sec.gov/Archives/edgar/data/34088/000003408821000051/xom-20210630.htm,XOM 10-Q filed on 2021-08-04
XOM,8-K,2021-09-30,0000034088-21-000057,https://www.sec.gov/Archives/edgar/data/34088/000003408821000057/xom-20210930.htm,XOM 8-K filed on 2021-09-30
XOM,8-K,2021-10-29,0000034088-21-000061,https://www.sec.gov/Archives/edgar/data/34088/000003408821000061/xom-20211029.htm,XOM 8-K filed on 2021-10-29
XOM,10-Q,2021-11-03,0000034088-21-000064,https://www.sec.gov/Archives/edgar/data/34088/000003408821000064/xom-20210930.htm,XOM 10-Q filed on 2021-11-03
XOM,8-K,2021-11-17,0000034088-21-000066,https://www.sec.gov/Archives/edgar/data/34088/000003408821000066/xom-20211117.htm,XOM 8-K filed on 2021-11-17
XOM,8-K,2021-11-30,0000034088-21-000069,https://www.sec.gov/Archives/edgar/data/34088/000003408821000069/xom-20211123.htm,XOM 8-K filed on 2021-11-30
XOM,8-K,2021-12-17,0000950103-21-019926,https://www.sec.gov/Archives/edgar/data/34088/000095010321019926/dp163764_8k.htm,XOM 8-K filed on 2021-12-17
XOM,8-K,2021-12-30,0000034088-21-000072,https://www.sec.gov/Archives/edgar/data/34088/000003408821000072/xom-20211230.htm,XOM 8-K filed on 2021-12-30
XOM,8-K,2022-01-31,0000034088-22-000002,https://www.sec.gov/Archives/edgar/data/34088/000003408822000002/xom-20220131.htm,XOM 8-K filed on 2022-01-31
XOM,8-K,2022-02-01,0000034088-22-000005,https://www.sec.gov/Archives/edgar/data/34088/000003408822000005/xom-20220201.htm,XOM 8-K filed on 2022-02-01
XOM,10-K,2022-02-23,0000034088-22-000011,https://www.sec.gov/Archives/edgar/data/34088/000003408822000011/xom-20211231.htm,XOM 10-K filed on 2022-02-23
XOM,8-K,2022-03-03,0000034088-22-000013,https://www.sec.gov/Archives/edgar/data/34088/000003408822000013/xom-20220301.htm,XOM 8-K filed on 2022-03-03
XOM,8-K,2022-03-22,0000034088-22-000016,https://www.sec.gov/Archives/edgar/data/34088/000003408822000016/xom-20220317.htm,XOM 8-K filed on 2022-03-22
XOM,8-K,2022-04-04,0000034088-22-000018,https://www.sec.gov/Archives/edgar/data/34088/000003408822000018/xom-20220404.htm,XOM 8-K filed on 2022-04-04
XOM,8-K,2022-04-29,0000034088-22-000023,https://www.sec.gov/Archives/edgar/data/34088/000003408822000023/xom-20220429.htm,XOM 8-K filed on 2022-04-29
XOM,10-Q,2022-05-04,0000034088-22-000026,https://www.sec.gov/Archives/edgar/data/34088/000003408822000026/xom-20220331.htm,XOM 10-Q filed on 2022-05-04
XOM,8-K,2022-06-01,0000034088-22-000034,https://www.sec.gov/Archives/edgar/data/34088/000003408822000034/xom-20220525.htm,XOM 8-K filed on 2022-06-01
XOM,8-K,2022-06-17,0000034088-22-000040,https://www.sec.gov/Archives/edgar/data/34088/000003408822000040/xom-20220617.htm,XOM 8-K filed on 2022-06-17
XOM,8-K,2022-07-01,0000034088-22-000044,https://www.sec.gov/Archives/edgar/data/34088/000003408822000044/xom-20220701.htm,XOM 8-K filed on 2022-07-01
XOM,8-K,2022-07-29,0000034088-22-000048,https://www.sec.gov/Archives/edgar/data/34088/000003408822000048/xom-20220729.htm,XOM 8-K filed on 2022-07-29
XOM,10-Q,2022-08-03,0000034088-22-000051,https://www.sec.gov/Archives/edgar/data/34088/000003408822000051/xom-20220630.htm,XOM 10-Q filed on 2022-08-03
XOM,8-K,2022-10-04,0000034088-22-000054,https://www.sec.gov/Archives/edgar/data/34088/000003408822000054/xom-20221004.htm,XOM 8-K filed on 2022-10-04
XOM,8-K,2022-10-28,0000034088-22-000057,https://www.sec.gov/Archives/edgar/data/34088/000003408822000057/xom-20221028.htm,XOM 8-K filed on 2022-10-28
XOM,8-K,2022-10-31,0000034088-22-000062,https://www.sec.gov/Archives/edgar/data/34088/000003408822000062/xom-20221028.htm,XOM 8-K filed on 2022-10-31
XOM,8-K,2022-10-31,0000034088-22-000060,https://www.sec.gov/Archives/edgar/data/34088/000003408822000060/xom-20221025.htm,XOM 8-K filed on 2022-10-31
XOM,10-Q,2022-11-02,0000034088-22-000064,https://www.sec.gov/Archives/edgar/data/34088/000003408822000064/xom-20220930.htm,XOM 10-Q filed on 2022-11-02
XOM,8-K,2022-11-18,0000034088-22-000067,https://www.sec.gov/Archives/edgar/data/34088/000003408822000067/xom-20221118.htm,XOM 8-K filed on 2022-11-18
XOM,8-K,2022-12-02,0000034088-22-000069,https://www.sec.gov/Archives/edgar/data/34088/000003408822000069/xom-20221130.htm,XOM 8-K filed on 2022-12-02
XOM,8-K,2022-12-05,0000034088-22-000071,https://www.sec.gov/Archives/edgar/data/34088/000003408822000071/xom-20221130.htm,XOM 8-K filed on 2022-12-05
XOM,8-K,2022-12-23,0000950103-22-021377,https://www.sec.gov/Archives/edgar/data/34088/000095010322021377/dp185948_8k.htm,XOM 8-K filed on 2022-12-23
XOM,8-K,2023-01-04,0000034088-23-000003,https://www.sec.gov/Archives/edgar/data/34088/000003408823000003/xom-20230104.htm,XOM 8-K filed on 2023-01-04
XOM,8-K,2023-01-31,0000034088-23-000011,https://www.sec.gov/Archives/edgar/data/34088/000003408823000011/xom-20230131.htm,XOM 8-K filed on 2023-01-31
XOM,10-K,2023-02-22,0000034088-23-000020,https://www.sec.gov/Archives/edgar/data/34088/000003408823000020/xom-20221231.htm,XOM 10-K filed on 2023-02-22
XOM,8-K,2023-02-24,0000034088-23-000022,https://www.sec.gov/Archives/edgar/data/34088/000003408823000022/xom-20230221.htm,XOM 8-K filed on 2023-02-24
XOM,8-K,2023-04-04,0000034088-23-000025,https://www.sec.gov/Archives/edgar/data/34088/000003408823000025/xom-20230404.htm,XOM 8-K filed on 2023-04-04
XOM,8-K,2023-04-28,0000034088-23-000028,https://www.sec.gov/Archives/edgar/data/34088/000003408823000028/xom-20230428.htm,XOM 8-K filed on 2023-04-28
XOM,10-Q,2023-05-02,0000034088-23-000030,https://www.sec.gov/Archives/edgar/data/34088/000003408823000030/xom-20230331.htm,XOM 10-Q filed on 2023-05-02
XOM,8-K,2023-06-06,0000034088-23-000036,https://www.sec.gov/Archives/edgar/data/34088/000003408823000036/xom-20230531.htm,XOM 8-K filed on 2023-06-06
XOM,8-K,2023-07-05,0000034088-23-000043,https://www.sec.gov/Archives/edgar/data/34088/000003408823000043/xom-20230705.htm,XOM 8-K filed on 2023-07-05
XOM,8-K,2023-07-13,0000950103-23-010291,https://www.sec.gov/Archives/edgar/data/34088/000095010323010291/dp196727_8k.htm,XOM 8-K filed on 2023-07-13
XOM,8-K,2023-07-28,0000034088-23-000046,https://www.sec.gov/Archives/edgar/data/34088/000003408823000046/xom-20230728.htm,XOM 8-K filed on 2023-07-28
XOM,10-Q,2023-08-01,0000034088-23-000048,https://www.sec.gov/Archives/edgar/data/34088/000003408823000048/xom-20230630.htm,XOM 10-Q filed on 2023-08-01
XOM,8-K,2023-10-04,0000034088-23-000051,https://www.sec.gov/Archives/edgar/data/34088/000003408823000051/xom-20231004.htm,XOM 8-K filed on 2023-10-04
XOM,8-K,2023-10-11,0000950103-23-014885,https://www.sec.gov/Archives/edgar/data/34088/000095010323014885/dp201349_8k.htm,XOM 8-K filed on 2023-10-11
XOM,8-K,2023-10-20,0001193125-23-260004,https://www.sec.gov/Archives/edgar/data/34088/000119312523260004/d564047d8k.htm,XOM 8-K filed on 2023-10-20
XOM,8-K,2023-10-27,0000034088-23-000054,https://www.sec.gov/Archives/edgar/data/34088/000003408823000054/xom-20231027.htm,XOM 8-K filed on 2023-10-27
XOM,10-Q,2023-10-31,0000034088-23-000056,https://www.sec.gov/Archives/edgar/data/34088/000003408823000056/xom-20230930.htm,XOM 10-Q filed on 2023-10-31
XOM,8-K,2023-11-02,0001193125-23-268938,https://www.sec.gov/Archives/edgar/data/34088/000119312523268938/d566751d8k.htm,XOM 8-K filed on 2023-11-02
XOM,8-K,2023-11-07,0000034088-23-000059,https://www.sec.gov/Archives/edgar/data/34088/000003408823000059/xom-20231106.htm,XOM 8-K filed on 2023-11-07
XOM,8-K,2023-11-15,0000034088-23-000062,https://www.sec.gov/Archives/edgar/data/34088/000003408823000062/xom-20231115.htm,XOM 8-K filed on 2023-11-15
XOM,8-K,2023-12-06,0000950103-23-017257,https://www.sec.gov/Archives/edgar/data/34088/000095010323017257/dp203718_8k.htm,XOM 8-K filed on 2023-12-06
XOM,8-K,2024-01-04,0000034088-24-000003,https://www.sec.gov/Archives/edgar/data/34088/000003408824000003/xom-20240104.htm,XOM 8-K filed on 2024-01-04
XOM,8-K,2024-02-02,0000034088-24-000007,https://www.sec.gov/Archives/edgar/data/34088/000003408824000007/xom-20240202.htm,XOM 8-K filed on 2024-02-02
XOM,10-K,2024-02-28,0000034088-24-000018,https://www.sec.gov/Archives/edgar/data/34088/000003408824000018/xom-20231231.htm,XOM 10-K filed on 2024-02-28
XOM,8-K,2024-02-28,0000034088-24-000015,https://www.sec.gov/Archives/edgar/data/34088/000003408824000015/xom-20240227.htm,XOM 8-K filed on 2024-02-28
XOM,8-K,2024-04-03,0000034088-24-000021,https://www.sec.gov/Archives/edgar/data/34088/000003408824000021/xom-20240403.htm,XOM 8-K filed on 2024-04-03
XOM,8-K,2024-04-26,0000034088-24-000025,https://www.sec.gov/Archives/edgar/data/34088/000003408824000025/xom-20240426.htm,XOM 8-K filed on 2024-04-26
XOM,10-Q,2024-04-29,0000034088-24-000029,https://www.sec.gov/Archives/edgar/data/34088/000003408824000029/xom-20240331.htm,XOM 10-Q filed on 2024-04-29
XOM,8-K,2024-05-03,0000950103-24-006322,https://www.sec.gov/Archives/edgar/data/34088/000095010324006322/dp210867_8k.htm,XOM 8-K filed on 2024-05-03
XOM,8-K,2024-05-10,0000950103-24-006564,https://www.sec.gov/Archives/edgar/data/34088/000095010324006564/dp211023_8k.htm,XOM 8-K filed on 2024-05-10
XOM,8-K,2024-05-31,0000034088-24-000036,https://www.sec.gov/Archives/edgar/data/34088/000003408824000036/xom-20240529.htm,XOM 8-K filed on 2024-05-31
XOM,8-K,2024-07-08,0000034088-24-000042,https://www.sec.gov/Archives/edgar/data/34088/000003408824000042/xom-20240708.htm,XOM 8-K filed on 2024-07-08
XOM,8-K,2024-08-02,0000034088-24-000048,https://www.sec.gov/Archives/edgar/data/34088/000003408824000048/xom-20240802.htm,XOM 8-K filed on 2024-08-02
XOM,10-Q,2024-08-05,0000034088-24-000050,https://www.sec.gov/Archives/edgar/data/34088/000003408824000050/xom-20240630.htm,XOM 10-Q filed on 2024-08-05
XOM,8-K,2024-10-03,0000034088-24-000059,https://www.sec.gov/Archives/edgar/data/34088/000003408824000059/xom-20241003.htm,XOM 8-K filed on 2024-10-03
XOM,8-K,2024-10-08,0001193125-24-234137,https://www.sec.gov/Archives/edgar/data/34088/000119312524234137/d888049d8k.htm,XOM 8-K filed on 2024-10-08
XOM,8-K,2024-10-18,0000034088-24-000062,https://www.sec.gov/Archives/edgar/data/34088/000003408824000062/xom-20241017.htm,XOM 8-K filed on 2024-10-18
XOM,8-K,2024-11-01,0000034088-24-000066,https://www.sec.gov/Archives/edgar/data/34088/000003408824000066/xom-20241101.htm,XOM 8-K filed on 2024-11-01
XOM,10-Q,2024-11-04,0000034088-24-000068,https://www.sec.gov/Archives/edgar/data/34088/000003408824000068/xom-20240930.htm,XOM 10-Q filed on 2024-11-04
XOM,8-K,2024-11-12,0000034088-24-000071,https://www.sec.gov/Archives/edgar/data/34088/000003408824000071/xom-20241112.htm,XOM 8-K filed on 2024-11-12
XOM,8-K,2025-01-07,0000034088-25-000003,https://www.sec.gov/Archives/edgar/data/34088/000003408825000003/xom-20250107.htm,XOM 8-K filed on 2025-01-07
XOM,8-K,2025-01-31,0000034088-25-000006,https://www.sec.gov/Archives/edgar/data/34088/000003408825000006/xom-20250131.htm,XOM 8-K filed on 2025-01-31
XOM,10-K,2025-02-19,0000034088-25-000010,https://www.sec.gov/Archives/edgar/data/34088/000003408825000010/xom-20241231.htm,XOM 10-K filed on 2025-02-19
XOM,8-K,2025-04-01,0001193125-25-070417,https://www.sec.gov/Archives/edgar/data/34088/000119312525070417/d924442d8k.htm,XOM 8-K filed on 2025-04-01
XOM,8-K,2025-04-03,0000034088-25-000017,https://www.sec.gov/Archives/edgar/data/34088/000003408825000017/xom-20250403.htm,XOM 8-K filed on 2025-04-03
XOM,8-K,2025-04-03,0000034088-25-000015,https://www.sec.gov/Archives/edgar/data/34088/000003408825000015/xom-20250402.htm,XOM 8-K filed on 2025-04-03
XOM,8-K,2025-05-02,0000034088-25-000022,https://www.sec.gov/Archives/edgar/data/34088/000003408825000022/xom-20250502.htm,XOM 8-K filed on 2025-05-02
XOM,10-Q,2025-05-05,0000034088-25-000024,https://www.sec.gov/Archives/edgar/data/34088/000003408825000024/xom-20250331.htm,XOM 10-Q filed on 2025-05-05
XOM,8-K,2025-05-30,0000034088-25-000030,https://www.sec.gov/Archives/edgar/data/34088/000003408825000030/xom-20250528.htm,XOM 8-K filed on 2025-05-30
