series_id,date,value,description
GDP,2020-01-01,21751.238,Gross Domestic Product (Quarterly)
GDP,2020-04-01,19958.291,Gross Domestic Product (Quarterly)
GDP,2020-07-01,21704.437,Gross Domestic Product (Quarterly)
GDP,2020-10-01,22087.16,Gross Domestic Product (Quarterly)
GDP,2021-01-01,22680.693,Gross Domestic Product (Quarterly)
GDP,2021-04-01,23425.91,Gross Domestic Product (Quarterly)
GDP,2021-07-01,23982.379,Gross Domestic Product (Quarterly)
GDP,2021-10-01,24813.6,Gross Domestic Product (Quarterly)
GDP,2022-01-01,25250.347,Gross Domestic Product (Quarterly)
GDP,2022-04-01,25861.292,Gross Domestic Product (Quarterly)
GDP,2022-07-01,26336.304,Gross Domestic Product (Quarterly)
GDP,2022-10-01,26770.514,Gross Domestic Product (Quarterly)
GDP,2023-01-01,27216.445,Gross Domestic Product (Quarterly)
GDP,2023-04-01,27530.055,Gross Domestic Product (Quarterly)
GDP,2023-07-01,28074.846,Gross Domestic Product (Quarterly)
GDP,2023-10-01,28424.722,Gross Domestic Product (Quarterly)
GDP,2024-01-01,28708.161,Gross Domestic Product (Quarterly)
GDP,2024-04-01,29147.044,Gross Domestic Product (Quarterly)
GDP,2024-07-01,29511.664,Gross Domestic Product (Quarterly)
GDP,2024-10-01,29825.182,Gross Domestic Product (Quarterly)
GDP,2025-01-01,30042.113,Gross Domestic Product (Quarterly)
GDP,2025-04-01,30485.729,Gross Domestic Product (Quarterly)
CPIAUCSL,2020-01-01,259.127,Consumer Price Index (Monthly)
CPIAUCSL,2020-02-01,259.25,Consumer Price Index (Monthly)
CPIAUCSL,2020-03-01,258.076,Consumer Price Index (Monthly)
CPIAUCSL,2020-04-01,256.032,Consumer Price Index (Monthly)
CPIAUCSL,2020-05-01,255.802,Consumer Price Index (Monthly)
CPIAUCSL,2020-06-01,257.042,Consumer Price Index (Monthly)
CPIAUCSL,2020-07-01,258.352,Consumer Price Index (Monthly)
CPIAUCSL,2020-08-01,259.316,Consumer Price Index (Monthly)
CPIAUCSL,2020-09-01,259.997,Consumer Price Index (Monthly)
CPIAUCSL,2020-10-01,260.319,Consumer Price Index (Monthly)
CPIAUCSL,2020-11-01,260.911,Consumer Price Index (Monthly)
CPIAUCSL,2020-12-01,262.045,Consumer Price Index (Monthly)
CPIAUCSL,2021-01-01,262.687,Consumer Price Index (Monthly)
CPIAUCSL,2021-02-01,263.579,Consumer Price Index (Monthly)
CPIAUCSL,2021-03-01,264.961,Consumer Price Index (Monthly)
CPIAUCSL,2021-04-01,266.614,Consumer Price Index (Monthly)
CPIAUCSL,2021-05-01,268.383,Consumer Price Index (Monthly)
CPIAUCSL,2021-06-01,270.654,Consumer Price Index (Monthly)
CPIAUCSL,2021-07-01,271.903,Consumer Price Index (Monthly)
CPIAUCSL,2021-08-01,272.676,Consumer Price Index (Monthly)
CPIAUCSL,2021-09-01,273.91,Consumer Price Index (Monthly)
CPIAUCSL,2021-10-01,276.55,Consumer Price Index (Monthly)
CPIAUCSL,2021-11-01,278.919,Consumer Price Index (Monthly)
CPIAUCSL,2021-12-01,280.845,Consumer Price Index (Monthly)
CPIAUCSL,2022-01-01,282.543,Consumer Price Index (Monthly)
CPIAUCSL,2022-02-01,284.5,Consumer Price Index (Monthly)
CPIAUCSL,2022-03-01,287.674,Consumer Price Index (Monthly)
CPIAUCSL,2022-04-01,288.561,Consumer Price Index (Monthly)
CPIAUCSL,2022-05-01,291.298,Consumer Price Index (Monthly)
CPIAUCSL,2022-06-01,294.957,Consumer Price Index (Monthly)
CPIAUCSL,2022-07-01,294.913,Consumer Price Index (Monthly)
CPIAUCSL,2022-08-01,295.097,Consumer Price Index (Monthly)
CPIAUCSL,2022-09-01,296.349,Consumer Price Index (Monthly)
CPIAUCSL,2022-10-01,298.007,Consumer Price Index (Monthly)
CPIAUCSL,2022-11-01,298.786,Consumer Price Index (Monthly)
CPIAUCSL,2022-12-01,298.832,Consumer Price Index (Monthly)
CPIAUCSL,2023-01-01,300.42,Consumer Price Index (Monthly)
CPIAUCSL,2023-02-01,301.45,Consumer Price Index (Monthly)
CPIAUCSL,2023-03-01,301.821,Consumer Price Index (Monthly)
CPIAUCSL,2023-04-01,302.845,Consumer Price Index (Monthly)
CPIAUCSL,2023-05-01,303.334,Consumer Price Index (Monthly)
CPIAUCSL,2023-06-01,304.014,Consumer Price Index (Monthly)
CPIAUCSL,2023-07-01,304.609,Consumer Price Index (Monthly)
CPIAUCSL,2023-08-01,306.082,Consumer Price Index (Monthly)
CPIAUCSL,2023-09-01,307.276,Consumer Price Index (Monthly)
CPIAUCSL,2023-10-01,307.696,Consumer Price Index (Monthly)
CPIAUCSL,2023-11-01,308.148,Consumer Price Index (Monthly)
CPIAUCSL,2023-12-01,308.741,Consumer Price Index (Monthly)
CPIAUCSL,2024-01-01,309.698,Consumer Price Index (Monthly)
CPIAUCSL,2024-02-01,310.967,Consumer Price Index (Monthly)
CPIAUCSL,2024-03-01,312.345,Consumer Price Index (Monthly)
CPIAUCSL,2024-04-01,313.023,Consumer Price Index (Monthly)
CPIAUCSL,2024-05-01,313.175,Consumer Price Index (Monthly)
CPIAUCSL,2024-06-01,313.044,Consumer Price Index (Monthly)
CPIAUCSL,2024-07-01,313.569,Consumer Price Index (Monthly)
CPIAUCSL,2024-08-01,314.062,Consumer Price Index (Monthly)
CPIAUCSL,2024-09-01,314.732,Consumer Price Index (Monthly)
CPIAUCSL,2024-10-01,315.631,Consumer Price Index (Monthly)
CPIAUCSL,2024-11-01,316.528,Consumer Price Index (Monthly)
CPIAUCSL,2024-12-01,317.604,Consumer Price Index (Monthly)
CPIAUCSL,2025-01-01,318.961,Consumer Price Index (Monthly)
CPIAUCSL,2025-02-01,319.679,Consumer Price Index (Monthly)
CPIAUCSL,2025-03-01,319.785,Consumer Price Index (Monthly)
CPIAUCSL,2025-04-01,320.302,Consumer Price Index (Monthly)
CPIAUCSL,2025-05-01,320.62,Consumer Price Index (Monthly)
CPIAUCSL,2025-06-01,321.435,Consumer Price Index (Monthly)
UNRATE,2020-01-01,3.6,Unemployment Rate (Monthly)
UNRATE,2020-02-01,3.5,Unemployment Rate (Monthly)
UNRATE,2020-03-01,4.4,Unemployment Rate (Monthly)
UNRATE,2020-04-01,14.8,Unemployment Rate (Monthly)
UNRATE,2020-05-01,13.2,Unemployment Rate (Monthly)
UNRATE,2020-06-01,11.0,Unemployment Rate (Monthly)
UNRATE,2020-07-01,10.2,Unemployment Rate (Monthly)
UNRATE,2020-08-01,8.4,Unemployment Rate (Monthly)
UNRATE,2020-09-01,7.8,Unemployment Rate (Monthly)
UNRATE,2020-10-01,6.9,Unemployment Rate (Monthly)
UNRATE,2020-11-01,6.7,Unemployment Rate (Monthly)
UNRATE,2020-12-01,6.7,Unemployment Rate (Monthly)
UNRATE,2021-01-01,6.4,Unemployment Rate (Monthly)
UNRATE,2021-02-01,6.2,Unemployment Rate (Monthly)
UNRATE,2021-03-01,6.1,Unemployment Rate (Monthly)
UNRATE,2021-04-01,6.1,Unemployment Rate (Monthly)
UNRATE,2021-05-01,5.8,Unemployment Rate (Monthly)
UNRATE,2021-06-01,5.9,Unemployment Rate (Monthly)
UNRATE,2021-07-01,5.4,Unemployment Rate (Monthly)
UNRATE,2021-08-01,5.1,Unemployment Rate (Monthly)
UNRATE,2021-09-01,4.7,Unemployment Rate (Monthly)
UNRATE,2021-10-01,4.5,Unemployment Rate (Monthly)
UNRATE,2021-11-01,4.1,Unemployment Rate (Monthly)
UNRATE,2021-12-01,3.9,Unemployment Rate (Monthly)
UNRATE,2022-01-01,4.0,Unemployment Rate (Monthly)
UNRATE,2022-02-01,3.9,Unemployment Rate (Monthly)
UNRATE,2022-03-01,3.7,Unemployment Rate (Monthly)
UNRATE,2022-04-01,3.7,Unemployment Rate (Monthly)
UNRATE,2022-05-01,3.6,Unemployment Rate (Monthly)
UNRATE,2022-06-01,3.6,Unemployment Rate (Monthly)
UNRATE,2022-07-01,3.5,Unemployment Rate (Monthly)
UNRATE,2022-08-01,3.6,Unemployment Rate (Monthly)
UNRATE,2022-09-01,3.5,Unemployment Rate (Monthly)
UNRATE,2022-10-01,3.6,Unemployment Rate (Monthly)
UNRATE,2022-11-01,3.6,Unemployment Rate (Monthly)
UNRATE,2022-12-01,3.5,Unemployment Rate (Monthly)
UNRATE,2023-01-01,3.5,Unemployment Rate (Monthly)
UNRATE,2023-02-01,3.6,Unemployment Rate (Monthly)
UNRATE,2023-03-01,3.5,Unemployment Rate (Monthly)
UNRATE,2023-04-01,3.4,Unemployment Rate (Monthly)
UNRATE,2023-05-01,3.6,Unemployment Rate (Monthly)
UNRATE,2023-06-01,3.6,Unemployment Rate (Monthly)
UNRATE,2023-07-01,3.5,Unemployment Rate (Monthly)
UNRATE,2023-08-01,3.7,Unemployment Rate (Monthly)
UNRATE,2023-09-01,3.7,Unemployment Rate (Monthly)
UNRATE,2023-10-01,3.9,Unemployment Rate (Monthly)
UNRATE,2023-11-01,3.7,Unemployment Rate (Monthly)
UNRATE,2023-12-01,3.8,Unemployment Rate (Monthly)
UNRATE,2024-01-01,3.7,Unemployment Rate (Monthly)
UNRATE,2024-02-01,3.9,Unemployment Rate (Monthly)
UNRATE,2024-03-01,3.9,Unemployment Rate (Monthly)
UNRATE,2024-04-01,3.9,Unemployment Rate (Monthly)
UNRATE,2024-05-01,3.9,Unemployment Rate (Monthly)
UNRATE,2024-06-01,4.1,Unemployment Rate (Monthly)
UNRATE,2024-07-01,4.2,Unemployment Rate (Monthly)
UNRATE,2024-08-01,4.2,Unemployment Rate (Monthly)
UNRATE,2024-09-01,4.1,Unemployment Rate (Monthly)
UNRATE,2024-10-01,4.1,Unemployment Rate (Monthly)
UNRATE,2024-11-01,4.2,Unemployment Rate (Monthly)
UNRATE,2024-12-01,4.1,Unemployment Rate (Monthly)
UNRATE,2025-01-01,4.0,Unemployment Rate (Monthly)
UNRATE,2025-02-01,4.2,Unemployment Rate (Monthly)
UNRATE,2025-03-01,4.2,Unemployment Rate (Monthly)
UNRATE,2025-04-01,4.2,Unemployment Rate (Monthly)
UNRATE,2025-05-01,4.3,Unemployment Rate (Monthly)
UNRATE,2025-06-01,4.1,Unemployment Rate (Monthly)
FEDFUNDS,2020-01-01,1.55,Federal Funds Effective Rate (Monthly)
FEDFUNDS,2020-02-01,1.58,Federal Funds Effective Rate (Monthly)
FEDFUNDS,2020-03-01,0.65,Federal Funds Effective Rate (Monthly)
FEDFUNDS,2020-04-01,0.05,Federal Funds Effective Rate (Monthly)
FEDFUNDS,2020-05-01,0.05,Federal Funds Effective Rate (Monthly)
FEDFUNDS,2020-06-01,0.08,Federal Funds Effective Rate (Monthly)
FEDFUNDS,2020-07-01,0.09,Federal Funds Effective Rate (Monthly)
FEDFUNDS,2020-08-01,0.1,Federal Funds Effective Rate (Monthly)
FEDFUNDS,2020-09-01,0.09,Federal Funds Effective Rate (Monthly)
FEDFUNDS,2020-10-01,0.09,Federal Funds Effective Rate (Monthly)
FEDFUNDS,2020-11-01,0.09,Federal Funds Effective Rate (Monthly)
FEDFUNDS,2020-12-01,0.09,Federal Funds Effective Rate (Monthly)
FEDFUNDS,2021-01-01,0.09,Federal Funds Effective Rate (Monthly)
FEDFUNDS,2021-02-01,0.08,Federal Funds Effective Rate (Monthly)
FEDFUNDS,2021-03-01,0.07,Federal Funds Effective Rate (Monthly)
FEDFUNDS,2021-04-01,0.07,Federal Funds Effective Rate (Monthly)
FEDFUNDS,2021-05-01,0.06,Federal Funds Effective Rate (Monthly)
FEDFUNDS,2021-06-01,0.08,Federal Funds Effective Rate (Monthly)
FEDFUNDS,2021-07-01,0.1,Federal Funds Effective Rate (Monthly)
FEDFUNDS,2021-08-01,0.09,Federal Funds Effective Rate (Monthly)
FEDFUNDS,2021-09-01,0.08,Federal Funds Effective Rate (Monthly)
FEDFUNDS,2021-10-01,0.08,Federal Funds Effective Rate (Monthly)
FEDFUNDS,2021-11-01,0.08,Federal Funds Effective Rate (Monthly)
FEDFUNDS,2021-12-01,0.08,Federal Funds Effective Rate (Monthly)
FEDFUNDS,2022-01-01,0.08,Federal Funds Effective Rate (Monthly)
FEDFUNDS,2022-02-01,0.08,Federal Funds Effective Rate (Monthly)
FEDFUNDS,2022-03-01,0.2,Federal Funds Effective Rate (Monthly)
FEDFUNDS,2022-04-01,0.33,Federal Funds Effective Rate (Monthly)
FEDFUNDS,2022-05-01,0.77,Federal Funds Effective Rate (Monthly)
FEDFUNDS,2022-06-01,1.21,Federal Funds Effective Rate (Monthly)
FEDFUNDS,2022-07-01,1.68,Federal Funds Effective Rate (Monthly)
FEDFUNDS,2022-08-01,2.33,Federal Funds Effective Rate (Monthly)
FEDFUNDS,2022-09-01,2.56,Federal Funds Effective Rate (Monthly)
FEDFUNDS,2022-10-01,3.08,Federal Funds Effective Rate (Monthly)
FEDFUNDS,2022-11-01,3.78,Federal Funds Effective Rate (Monthly)
FEDFUNDS,2022-12-01,4.1,Federal Funds Effective Rate (Monthly)
FEDFUNDS,2023-01-01,4.33,Federal Funds Effective Rate (Monthly)
FEDFUNDS,2023-02-01,4.57,Federal Funds Effective Rate (Monthly)
FEDFUNDS,2023-03-01,4.65,Federal Funds Effective Rate (Monthly)
FEDFUNDS,2023-04-01,4.83,Federal Funds Effective Rate (Monthly)
FEDFUNDS,2023-05-01,5.06,Federal Funds Effective Rate (Monthly)
FEDFUNDS,2023-06-01,5.08,Federal Funds Effective Rate (Monthly)
FEDFUNDS,2023-07-01,5.12,Federal Funds Effective Rate (Monthly)
FEDFUNDS,2023-08-01,5.33,Federal Funds Effective Rate (Monthly)
FEDFUNDS,2023-09-01,5.33,Federal Funds Effective Rate (Monthly)
FEDFUNDS,2023-10-01,5.33,Federal Funds Effective Rate (Monthly)
FEDFUNDS,2023-11-01,5.33,Federal Funds Effective Rate (Monthly)
FEDFUNDS,2023-12-01,5.33,Federal Funds Effective Rate (Monthly)
FEDFUNDS,2024-01-01,5.33,Federal Funds Effective Rate (Monthly)
FEDFUNDS,2024-02-01,5.33,Federal Funds Effective Rate (Monthly)
FEDFUNDS,2024-03-01,5.33,Federal Funds Effective Rate (Monthly)
FEDFUNDS,2024-04-01,5.33,Federal Funds Effective Rate (Monthly)
FEDFUNDS,2024-05-01,5.33,Federal Funds Effective Rate (Monthly)
FEDFUNDS,2024-06-01,5.33,Federal Funds Effective Rate (Monthly)
FEDFUNDS,2024-07-01,5.33,Federal Funds Effective Rate (Monthly)
FEDFUNDS,2024-08-01,5.33,Federal Funds Effective Rate (Monthly)
FEDFUNDS,2024-09-01,5.13,Federal Funds Effective Rate (Monthly)
FEDFUNDS,2024-10-01,4.83,Federal Funds Effective Rate (Monthly)
FEDFUNDS,2024-11-01,4.64,Federal Funds Effective Rate (Monthly)
FEDFUNDS,2024-12-01,4.48,Federal Funds Effective Rate (Monthly)
FEDFUNDS,2025-01-01,4.33,Federal Funds Effective Rate (Monthly)
FEDFUNDS,2025-02-01,4.33,Federal Funds Effective Rate (Monthly)
FEDFUNDS,2025-03-01,4.33,Federal Funds Effective Rate (Monthly)
FEDFUNDS,2025-04-01,4.33,Federal Funds Effective Rate (Monthly)
FEDFUNDS,2025-05-01,4.33,Federal Funds Effective Rate (Monthly)
FEDFUNDS,2025-06-01,4.33,Federal Funds Effective Rate (Monthly)
DGS10,2020-01-02,1.88,10-Year Treasury Yield (Daily)
DGS10,2020-01-03,1.8,10-Year Treasury Yield (Daily)
DGS10,2020-01-06,1.81,10-Year Treasury Yield (Daily)
DGS10,2020-01-07,1.83,10-Year Treasury Yield (Daily)
DGS10,2020-01-08,1.87,10-Year Treasury Yield (Daily)
DGS10,2020-01-09,1.85,10-Year Treasury Yield (Daily)
DGS10,2020-01-10,1.83,10-Year Treasury Yield (Daily)
DGS10,2020-01-13,1.85,10-Year Treasury Yield (Daily)
DGS10,2020-01-14,1.82,10-Year Treasury Yield (Daily)
DGS10,2020-01-15,1.79,10-Year Treasury Yield (Daily)
DGS10,2020-01-16,1.81,10-Year Treasury Yield (Daily)
DGS10,2020-01-17,1.84,10-Year Treasury Yield (Daily)
DGS10,2020-01-21,1.78,10-Year Treasury Yield (Daily)
DGS10,2020-01-22,1.77,10-Year Treasury Yield (Daily)
DGS10,2020-01-23,1.74,10-Year Treasury Yield (Daily)
DGS10,2020-01-24,1.7,10-Year Treasury Yield (Daily)
DGS10,2020-01-27,1.61,10-Year Treasury Yield (Daily)
DGS10,2020-01-28,1.65,10-Year Treasury Yield (Daily)
DGS10,2020-01-29,1.6,10-Year Treasury Yield (Daily)
DGS10,2020-01-30,1.57,10-Year Treasury Yield (Daily)
DGS10,2020-01-31,1.51,10-Year Treasury Yield (Daily)
DGS10,2020-02-03,1.54,10-Year Treasury Yield (Daily)
DGS10,2020-02-04,1.61,10-Year Treasury Yield (Daily)
DGS10,2020-02-05,1.66,10-Year Treasury Yield (Daily)
DGS10,2020-02-06,1.65,10-Year Treasury Yield (Daily)
DGS10,2020-02-07,1.59,10-Year Treasury Yield (Daily)
DGS10,2020-02-10,1.56,10-Year Treasury Yield (Daily)
DGS10,2020-02-11,1.59,10-Year Treasury Yield (Daily)
DGS10,2020-02-12,1.62,10-Year Treasury Yield (Daily)
DGS10,2020-02-13,1.61,10-Year Treasury Yield (Daily)
DGS10,2020-02-14,1.59,10-Year Treasury Yield (Daily)
DGS10,2020-02-18,1.55,10-Year Treasury Yield (Daily)
DGS10,2020-02-19,1.56,10-Year Treasury Yield (Daily)
DGS10,2020-02-20,1.52,10-Year Treasury Yield (Daily)
DGS10,2020-02-21,1.46,10-Year Treasury Yield (Daily)
DGS10,2020-02-24,1.38,10-Year Treasury Yield (Daily)
DGS10,2020-02-25,1.33,10-Year Treasury Yield (Daily)
DGS10,2020-02-26,1.33,10-Year Treasury Yield (Daily)
DGS10,2020-02-27,1.3,10-Year Treasury Yield (Daily)
DGS10,2020-02-28,1.13,10-Year Treasury Yield (Daily)
DGS10,2020-03-02,1.1,10-Year Treasury Yield (Daily)
DGS10,2020-03-03,1.02,10-Year Treasury Yield (Daily)
DGS10,2020-03-04,1.02,10-Year Treasury Yield (Daily)
DGS10,2020-03-05,0.92,10-Year Treasury Yield (Daily)
DGS10,2020-03-06,0.74,10-Year Treasury Yield (Daily)
DGS10,2020-03-09,0.54,10-Year Treasury Yield (Daily)
DGS10,2020-03-10,0.76,10-Year Treasury Yield (Daily)
DGS10,2020-03-11,0.82,10-Year Treasury Yield (Daily)
DGS10,2020-03-12,0.88,10-Year Treasury Yield (Daily)
DGS10,2020-03-13,0.94,10-Year Treasury Yield (Daily)
DGS10,2020-03-16,0.73,10-Year Treasury Yield (Daily)
DGS10,2020-03-17,1.02,10-Year Treasury Yield (Daily)
DGS10,2020-03-18,1.18,10-Year Treasury Yield (Daily)
DGS10,2020-03-19,1.12,10-Year Treasury Yield (Daily)
DGS10,2020-03-20,0.92,10-Year Treasury Yield (Daily)
DGS10,2020-03-23,0.76,10-Year Treasury Yield (Daily)
DGS10,2020-03-24,0.84,10-Year Treasury Yield (Daily)
DGS10,2020-03-25,0.88,10-Year Treasury Yield (Daily)
DGS10,2020-03-26,0.83,10-Year Treasury Yield (Daily)
DGS10,2020-03-27,0.72,10-Year Treasury Yield (Daily)
DGS10,2020-03-30,0.7,10-Year Treasury Yield (Daily)
DGS10,2020-03-31,0.7,10-Year Treasury Yield (Daily)
DGS10,2020-04-01,0.62,10-Year Treasury Yield (Daily)
DGS10,2020-04-02,0.63,10-Year Treasury Yield (Daily)
DGS10,2020-04-03,0.62,10-Year Treasury Yield (Daily)
DGS10,2020-04-06,0.67,10-Year Treasury Yield (Daily)
DGS10,2020-04-07,0.75,10-Year Treasury Yield (Daily)
DGS10,2020-04-08,0.77,10-Year Treasury Yield (Daily)
DGS10,2020-04-09,0.73,10-Year Treasury Yield (Daily)
DGS10,2020-04-13,0.76,10-Year Treasury Yield (Daily)
DGS10,2020-04-14,0.76,10-Year Treasury Yield (Daily)
DGS10,2020-04-15,0.63,10-Year Treasury Yield (Daily)
DGS10,2020-04-16,0.61,10-Year Treasury Yield (Daily)
DGS10,2020-04-17,0.65,10-Year Treasury Yield (Daily)
DGS10,2020-04-20,0.63,10-Year Treasury Yield (Daily)
DGS10,2020-04-21,0.58,10-Year Treasury Yield (Daily)
DGS10,2020-04-22,0.63,10-Year Treasury Yield (Daily)
DGS10,2020-04-23,0.61,10-Year Treasury Yield (Daily)
DGS10,2020-04-24,0.6,10-Year Treasury Yield (Daily)
DGS10,2020-04-27,0.67,10-Year Treasury Yield (Daily)
DGS10,2020-04-28,0.62,10-Year Treasury Yield (Daily)
DGS10,2020-04-29,0.63,10-Year Treasury Yield (Daily)
DGS10,2020-04-30,0.64,10-Year Treasury Yield (Daily)
DGS10,2020-05-01,0.64,10-Year Treasury Yield (Daily)
DGS10,2020-05-04,0.64,10-Year Treasury Yield (Daily)
DGS10,2020-05-05,0.66,10-Year Treasury Yield (Daily)
DGS10,2020-05-06,0.72,10-Year Treasury Yield (Daily)
DGS10,2020-05-07,0.63,10-Year Treasury Yield (Daily)
DGS10,2020-05-08,0.69,10-Year Treasury Yield (Daily)
DGS10,2020-05-11,0.73,10-Year Treasury Yield (Daily)
DGS10,2020-05-12,0.69,10-Year Treasury Yield (Daily)
DGS10,2020-05-13,0.64,10-Year Treasury Yield (Daily)
DGS10,2020-05-14,0.63,10-Year Treasury Yield (Daily)
DGS10,2020-05-15,0.64,10-Year Treasury Yield (Daily)
DGS10,2020-05-18,0.73,10-Year Treasury Yield (Daily)
DGS10,2020-05-19,0.7,10-Year Treasury Yield (Daily)
DGS10,2020-05-20,0.68,10-Year Treasury Yield (Daily)
DGS10,2020-05-21,0.68,10-Year Treasury Yield (Daily)
DGS10,2020-05-22,0.66,10-Year Treasury Yield (Daily)
DGS10,2020-05-26,0.69,10-Year Treasury Yield (Daily)
DGS10,2020-05-27,0.68,10-Year Treasury Yield (Daily)
DGS10,2020-05-28,0.7,10-Year Treasury Yield (Daily)
DGS10,2020-05-29,0.65,10-Year Treasury Yield (Daily)
DGS10,2020-06-01,0.66,10-Year Treasury Yield (Daily)
DGS10,2020-06-02,0.68,10-Year Treasury Yield (Daily)
DGS10,2020-06-03,0.77,10-Year Treasury Yield (Daily)
DGS10,2020-06-04,0.82,10-Year Treasury Yield (Daily)
DGS10,2020-06-05,0.91,10-Year Treasury Yield (Daily)
DGS10,2020-06-08,0.88,10-Year Treasury Yield (Daily)
DGS10,2020-06-09,0.84,10-Year Treasury Yield (Daily)
DGS10,2020-06-10,0.75,10-Year Treasury Yield (Daily)
DGS10,2020-06-11,0.66,10-Year Treasury Yield (Daily)
DGS10,2020-06-12,0.71,10-Year Treasury Yield (Daily)
DGS10,2020-06-15,0.71,10-Year Treasury Yield (Daily)
DGS10,2020-06-16,0.75,10-Year Treasury Yield (Daily)
DGS10,2020-06-17,0.74,10-Year Treasury Yield (Daily)
DGS10,2020-06-18,0.71,10-Year Treasury Yield (Daily)
DGS10,2020-06-19,0.7,10-Year Treasury Yield (Daily)
DGS10,2020-06-22,0.71,10-Year Treasury Yield (Daily)
DGS10,2020-06-23,0.72,10-Year Treasury Yield (Daily)
DGS10,2020-06-24,0.69,10-Year Treasury Yield (Daily)
DGS10,2020-06-25,0.68,10-Year Treasury Yield (Daily)
DGS10,2020-06-26,0.64,10-Year Treasury Yield (Daily)
DGS10,2020-06-29,0.64,10-Year Treasury Yield (Daily)
DGS10,2020-06-30,0.66,10-Year Treasury Yield (Daily)
DGS10,2020-07-01,0.69,10-Year Treasury Yield (Daily)
DGS10,2020-07-02,0.68,10-Year Treasury Yield (Daily)
DGS10,2020-07-06,0.69,10-Year Treasury Yield (Daily)
DGS10,2020-07-07,0.65,10-Year Treasury Yield (Daily)
DGS10,2020-07-08,0.67,10-Year Treasury Yield (Daily)
DGS10,2020-07-09,0.62,10-Year Treasury Yield (Daily)
DGS10,2020-07-10,0.65,10-Year Treasury Yield (Daily)
DGS10,2020-07-13,0.64,10-Year Treasury Yield (Daily)
DGS10,2020-07-14,0.63,10-Year Treasury Yield (Daily)
DGS10,2020-07-15,0.64,10-Year Treasury Yield (Daily)
DGS10,2020-07-16,0.62,10-Year Treasury Yield (Daily)
DGS10,2020-07-17,0.64,10-Year Treasury Yield (Daily)
DGS10,2020-07-20,0.62,10-Year Treasury Yield (Daily)
DGS10,2020-07-21,0.61,10-Year Treasury Yield (Daily)
DGS10,2020-07-22,0.6,10-Year Treasury Yield (Daily)
DGS10,2020-07-23,0.59,10-Year Treasury Yield (Daily)
DGS10,2020-07-24,0.59,10-Year Treasury Yield (Daily)
DGS10,2020-07-27,0.62,10-Year Treasury Yield (Daily)
DGS10,2020-07-28,0.59,10-Year Treasury Yield (Daily)
DGS10,2020-07-29,0.58,10-Year Treasury Yield (Daily)
DGS10,2020-07-30,0.55,10-Year Treasury Yield (Daily)
DGS10,2020-07-31,0.55,10-Year Treasury Yield (Daily)
DGS10,2020-08-03,0.56,10-Year Treasury Yield (Daily)
DGS10,2020-08-04,0.52,10-Year Treasury Yield (Daily)
DGS10,2020-08-05,0.55,10-Year Treasury Yield (Daily)
DGS10,2020-08-06,0.55,10-Year Treasury Yield (Daily)
DGS10,2020-08-07,0.57,10-Year Treasury Yield (Daily)
DGS10,2020-08-10,0.59,10-Year Treasury Yield (Daily)
DGS10,2020-08-11,0.64,10-Year Treasury Yield (Daily)
DGS10,2020-08-12,0.69,10-Year Treasury Yield (Daily)
DGS10,2020-08-13,0.71,10-Year Treasury Yield (Daily)
DGS10,2020-08-14,0.71,10-Year Treasury Yield (Daily)
DGS10,2020-08-17,0.69,10-Year Treasury Yield (Daily)
DGS10,2020-08-18,0.67,10-Year Treasury Yield (Daily)
DGS10,2020-08-19,0.68,10-Year Treasury Yield (Daily)
DGS10,2020-08-20,0.65,10-Year Treasury Yield (Daily)
DGS10,2020-08-21,0.64,10-Year Treasury Yield (Daily)
DGS10,2020-08-24,0.65,10-Year Treasury Yield (Daily)
DGS10,2020-08-25,0.69,10-Year Treasury Yield (Daily)
DGS10,2020-08-26,0.69,10-Year Treasury Yield (Daily)
DGS10,2020-08-27,0.74,10-Year Treasury Yield (Daily)
DGS10,2020-08-28,0.74,10-Year Treasury Yield (Daily)
DGS10,2020-08-31,0.72,10-Year Treasury Yield (Daily)
DGS10,2020-09-01,0.68,10-Year Treasury Yield (Daily)
DGS10,2020-09-02,0.66,10-Year Treasury Yield (Daily)
DGS10,2020-09-03,0.63,10-Year Treasury Yield (Daily)
DGS10,2020-09-04,0.72,10-Year Treasury Yield (Daily)
DGS10,2020-09-08,0.69,10-Year Treasury Yield (Daily)
DGS10,2020-09-09,0.71,10-Year Treasury Yield (Daily)
DGS10,2020-09-10,0.68,10-Year Treasury Yield (Daily)
DGS10,2020-09-11,0.67,10-Year Treasury Yield (Daily)
DGS10,2020-09-14,0.68,10-Year Treasury Yield (Daily)
DGS10,2020-09-15,0.68,10-Year Treasury Yield (Daily)
DGS10,2020-09-16,0.69,10-Year Treasury Yield (Daily)
DGS10,2020-09-17,0.69,10-Year Treasury Yield (Daily)
DGS10,2020-09-18,0.7,10-Year Treasury Yield (Daily)
DGS10,2020-09-21,0.68,10-Year Treasury Yield (Daily)
DGS10,2020-09-22,0.68,10-Year Treasury Yield (Daily)
DGS10,2020-09-23,0.68,10-Year Treasury Yield (Daily)
DGS10,2020-09-24,0.67,10-Year Treasury Yield (Daily)
DGS10,2020-09-25,0.66,10-Year Treasury Yield (Daily)
DGS10,2020-09-28,0.67,10-Year Treasury Yield (Daily)
DGS10,2020-09-29,0.66,10-Year Treasury Yield (Daily)
DGS10,2020-09-30,0.69,10-Year Treasury Yield (Daily)
DGS10,2020-10-01,0.68,10-Year Treasury Yield (Daily)
DGS10,2020-10-02,0.7,10-Year Treasury Yield (Daily)
DGS10,2020-10-05,0.78,10-Year Treasury Yield (Daily)
DGS10,2020-10-06,0.76,10-Year Treasury Yield (Daily)
DGS10,2020-10-07,0.81,10-Year Treasury Yield (Daily)
DGS10,2020-10-08,0.78,10-Year Treasury Yield (Daily)
DGS10,2020-10-09,0.79,10-Year Treasury Yield (Daily)
DGS10,2020-10-13,0.74,10-Year Treasury Yield (Daily)
DGS10,2020-10-14,0.73,10-Year Treasury Yield (Daily)
DGS10,2020-10-15,0.74,10-Year Treasury Yield (Daily)
DGS10,2020-10-16,0.76,10-Year Treasury Yield (Daily)
DGS10,2020-10-19,0.78,10-Year Treasury Yield (Daily)
DGS10,2020-10-20,0.81,10-Year Treasury Yield (Daily)
DGS10,2020-10-21,0.83,10-Year Treasury Yield (Daily)
DGS10,2020-10-22,0.87,10-Year Treasury Yield (Daily)
DGS10,2020-10-23,0.85,10-Year Treasury Yield (Daily)
DGS10,2020-10-26,0.81,10-Year Treasury Yield (Daily)
DGS10,2020-10-27,0.79,10-Year Treasury Yield (Daily)
DGS10,2020-10-28,0.79,10-Year Treasury Yield (Daily)
DGS10,2020-10-29,0.85,10-Year Treasury Yield (Daily)
DGS10,2020-10-30,0.88,10-Year Treasury Yield (Daily)
DGS10,2020-11-02,0.87,10-Year Treasury Yield (Daily)
DGS10,2020-11-03,0.9,10-Year Treasury Yield (Daily)
DGS10,2020-11-04,0.78,10-Year Treasury Yield (Daily)
DGS10,2020-11-05,0.79,10-Year Treasury Yield (Daily)
DGS10,2020-11-06,0.83,10-Year Treasury Yield (Daily)
DGS10,2020-11-09,0.96,10-Year Treasury Yield (Daily)
DGS10,2020-11-10,0.98,10-Year Treasury Yield (Daily)
DGS10,2020-11-12,0.88,10-Year Treasury Yield (Daily)
DGS10,2020-11-13,0.89,10-Year Treasury Yield (Daily)
DGS10,2020-11-16,0.91,10-Year Treasury Yield (Daily)
DGS10,2020-11-17,0.87,10-Year Treasury Yield (Daily)
DGS10,2020-11-18,0.88,10-Year Treasury Yield (Daily)
DGS10,2020-11-19,0.86,10-Year Treasury Yield (Daily)
DGS10,2020-11-20,0.83,10-Year Treasury Yield (Daily)
DGS10,2020-11-23,0.86,10-Year Treasury Yield (Daily)
DGS10,2020-11-24,0.88,10-Year Treasury Yield (Daily)
DGS10,2020-11-25,0.88,10-Year Treasury Yield (Daily)
DGS10,2020-11-27,0.84,10-Year Treasury Yield (Daily)
DGS10,2020-11-30,0.84,10-Year Treasury Yield (Daily)
DGS10,2020-12-01,0.92,10-Year Treasury Yield (Daily)
DGS10,2020-12-02,0.95,10-Year Treasury Yield (Daily)
DGS10,2020-12-03,0.92,10-Year Treasury Yield (Daily)
DGS10,2020-12-04,0.97,10-Year Treasury Yield (Daily)
DGS10,2020-12-07,0.94,10-Year Treasury Yield (Daily)
DGS10,2020-12-08,0.92,10-Year Treasury Yield (Daily)
DGS10,2020-12-09,0.95,10-Year Treasury Yield (Daily)
DGS10,2020-12-10,0.92,10-Year Treasury Yield (Daily)
DGS10,2020-12-11,0.9,10-Year Treasury Yield (Daily)
DGS10,2020-12-14,0.9,10-Year Treasury Yield (Daily)
DGS10,2020-12-15,0.92,10-Year Treasury Yield (Daily)
DGS10,2020-12-16,0.92,10-Year Treasury Yield (Daily)
DGS10,2020-12-17,0.94,10-Year Treasury Yield (Daily)
DGS10,2020-12-18,0.95,10-Year Treasury Yield (Daily)
DGS10,2020-12-21,0.95,10-Year Treasury Yield (Daily)
DGS10,2020-12-22,0.93,10-Year Treasury Yield (Daily)
DGS10,2020-12-23,0.96,10-Year Treasury Yield (Daily)
DGS10,2020-12-24,0.94,10-Year Treasury Yield (Daily)
DGS10,2020-12-28,0.94,10-Year Treasury Yield (Daily)
DGS10,2020-12-29,0.94,10-Year Treasury Yield (Daily)
DGS10,2020-12-30,0.93,10-Year Treasury Yield (Daily)
DGS10,2020-12-31,0.93,10-Year Treasury Yield (Daily)
DGS10,2021-01-04,0.93,10-Year Treasury Yield (Daily)
DGS10,2021-01-05,0.96,10-Year Treasury Yield (Daily)
DGS10,2021-01-06,1.04,10-Year Treasury Yield (Daily)
DGS10,2021-01-07,1.08,10-Year Treasury Yield (Daily)
DGS10,2021-01-08,1.13,10-Year Treasury Yield (Daily)
DGS10,2021-01-11,1.15,10-Year Treasury Yield (Daily)
DGS10,2021-01-12,1.15,10-Year Treasury Yield (Daily)
DGS10,2021-01-13,1.1,10-Year Treasury Yield (Daily)
DGS10,2021-01-14,1.15,10-Year Treasury Yield (Daily)
DGS10,2021-01-15,1.11,10-Year Treasury Yield (Daily)
DGS10,2021-01-19,1.1,10-Year Treasury Yield (Daily)
DGS10,2021-01-20,1.1,10-Year Treasury Yield (Daily)
DGS10,2021-01-21,1.12,10-Year Treasury Yield (Daily)
DGS10,2021-01-22,1.1,10-Year Treasury Yield (Daily)
DGS10,2021-01-25,1.05,10-Year Treasury Yield (Daily)
DGS10,2021-01-26,1.05,10-Year Treasury Yield (Daily)
DGS10,2021-01-27,1.04,10-Year Treasury Yield (Daily)
DGS10,2021-01-28,1.07,10-Year Treasury Yield (Daily)
DGS10,2021-01-29,1.11,10-Year Treasury Yield (Daily)
DGS10,2021-02-01,1.09,10-Year Treasury Yield (Daily)
DGS10,2021-02-02,1.12,10-Year Treasury Yield (Daily)
DGS10,2021-02-03,1.15,10-Year Treasury Yield (Daily)
DGS10,2021-02-04,1.15,10-Year Treasury Yield (Daily)
DGS10,2021-02-05,1.19,10-Year Treasury Yield (Daily)
DGS10,2021-02-08,1.19,10-Year Treasury Yield (Daily)
DGS10,2021-02-09,1.18,10-Year Treasury Yield (Daily)
DGS10,2021-02-10,1.15,10-Year Treasury Yield (Daily)
DGS10,2021-02-11,1.16,10-Year Treasury Yield (Daily)
DGS10,2021-02-12,1.2,10-Year Treasury Yield (Daily)
DGS10,2021-02-16,1.3,10-Year Treasury Yield (Daily)
DGS10,2021-02-17,1.29,10-Year Treasury Yield (Daily)
DGS10,2021-02-18,1.29,10-Year Treasury Yield (Daily)
DGS10,2021-02-19,1.34,10-Year Treasury Yield (Daily)
DGS10,2021-02-22,1.37,10-Year Treasury Yield (Daily)
DGS10,2021-02-23,1.37,10-Year Treasury Yield (Daily)
DGS10,2021-02-24,1.38,10-Year Treasury Yield (Daily)
DGS10,2021-02-25,1.54,10-Year Treasury Yield (Daily)
DGS10,2021-02-26,1.44,10-Year Treasury Yield (Daily)
DGS10,2021-03-01,1.45,10-Year Treasury Yield (Daily)
DGS10,2021-03-02,1.42,10-Year Treasury Yield (Daily)
DGS10,2021-03-03,1.47,10-Year Treasury Yield (Daily)
DGS10,2021-03-04,1.54,10-Year Treasury Yield (Daily)
DGS10,2021-03-05,1.56,10-Year Treasury Yield (Daily)
DGS10,2021-03-08,1.59,10-Year Treasury Yield (Daily)
DGS10,2021-03-09,1.55,10-Year Treasury Yield (Daily)
DGS10,2021-03-10,1.53,10-Year Treasury Yield (Daily)
DGS10,2021-03-11,1.54,10-Year Treasury Yield (Daily)
DGS10,2021-03-12,1.64,10-Year Treasury Yield (Daily)
DGS10,2021-03-15,1.62,10-Year Treasury Yield (Daily)
DGS10,2021-03-16,1.62,10-Year Treasury Yield (Daily)
DGS10,2021-03-17,1.63,10-Year Treasury Yield (Daily)
DGS10,2021-03-18,1.71,10-Year Treasury Yield (Daily)
DGS10,2021-03-19,1.74,10-Year Treasury Yield (Daily)
DGS10,2021-03-22,1.69,10-Year Treasury Yield (Daily)
DGS10,2021-03-23,1.63,10-Year Treasury Yield (Daily)
DGS10,2021-03-24,1.62,10-Year Treasury Yield (Daily)
DGS10,2021-03-25,1.63,10-Year Treasury Yield (Daily)
DGS10,2021-03-26,1.67,10-Year Treasury Yield (Daily)
DGS10,2021-03-29,1.73,10-Year Treasury Yield (Daily)
DGS10,2021-03-30,1.73,10-Year Treasury Yield (Daily)
DGS10,2021-03-31,1.74,10-Year Treasury Yield (Daily)
DGS10,2021-04-01,1.69,10-Year Treasury Yield (Daily)
DGS10,2021-04-02,1.72,10-Year Treasury Yield (Daily)
DGS10,2021-04-05,1.73,10-Year Treasury Yield (Daily)
DGS10,2021-04-06,1.67,10-Year Treasury Yield (Daily)
DGS10,2021-04-07,1.68,10-Year Treasury Yield (Daily)
DGS10,2021-04-08,1.64,10-Year Treasury Yield (Daily)
DGS10,2021-04-09,1.67,10-Year Treasury Yield (Daily)
DGS10,2021-04-12,1.69,10-Year Treasury Yield (Daily)
DGS10,2021-04-13,1.64,10-Year Treasury Yield (Daily)
DGS10,2021-04-14,1.64,10-Year Treasury Yield (Daily)
DGS10,2021-04-15,1.56,10-Year Treasury Yield (Daily)
DGS10,2021-04-16,1.59,10-Year Treasury Yield (Daily)
DGS10,2021-04-19,1.61,10-Year Treasury Yield (Daily)
DGS10,2021-04-20,1.58,10-Year Treasury Yield (Daily)
DGS10,2021-04-21,1.57,10-Year Treasury Yield (Daily)
DGS10,2021-04-22,1.57,10-Year Treasury Yield (Daily)
DGS10,2021-04-23,1.58,10-Year Treasury Yield (Daily)
DGS10,2021-04-26,1.58,10-Year Treasury Yield (Daily)
DGS10,2021-04-27,1.63,10-Year Treasury Yield (Daily)
DGS10,2021-04-28,1.63,10-Year Treasury Yield (Daily)
DGS10,2021-04-29,1.65,10-Year Treasury Yield (Daily)
DGS10,2021-04-30,1.65,10-Year Treasury Yield (Daily)
DGS10,2021-05-03,1.63,10-Year Treasury Yield (Daily)
DGS10,2021-05-04,1.61,10-Year Treasury Yield (Daily)
DGS10,2021-05-05,1.59,10-Year Treasury Yield (Daily)
DGS10,2021-05-06,1.58,10-Year Treasury Yield (Daily)
DGS10,2021-05-07,1.6,10-Year Treasury Yield (Daily)
DGS10,2021-05-10,1.63,10-Year Treasury Yield (Daily)
DGS10,2021-05-11,1.64,10-Year Treasury Yield (Daily)
DGS10,2021-05-12,1.69,10-Year Treasury Yield (Daily)
DGS10,2021-05-13,1.66,10-Year Treasury Yield (Daily)
DGS10,2021-05-14,1.63,10-Year Treasury Yield (Daily)
DGS10,2021-05-17,1.64,10-Year Treasury Yield (Daily)
DGS10,2021-05-18,1.64,10-Year Treasury Yield (Daily)
DGS10,2021-05-19,1.68,10-Year Treasury Yield (Daily)
DGS10,2021-05-20,1.63,10-Year Treasury Yield (Daily)
DGS10,2021-05-21,1.63,10-Year Treasury Yield (Daily)
DGS10,2021-05-24,1.61,10-Year Treasury Yield (Daily)
DGS10,2021-05-25,1.56,10-Year Treasury Yield (Daily)
DGS10,2021-05-26,1.58,10-Year Treasury Yield (Daily)
DGS10,2021-05-27,1.61,10-Year Treasury Yield (Daily)
DGS10,2021-05-28,1.58,10-Year Treasury Yield (Daily)
DGS10,2021-06-01,1.62,10-Year Treasury Yield (Daily)
DGS10,2021-06-02,1.59,10-Year Treasury Yield (Daily)
DGS10,2021-06-03,1.63,10-Year Treasury Yield (Daily)
DGS10,2021-06-04,1.56,10-Year Treasury Yield (Daily)
DGS10,2021-06-07,1.57,10-Year Treasury Yield (Daily)
DGS10,2021-06-08,1.53,10-Year Treasury Yield (Daily)
DGS10,2021-06-09,1.5,10-Year Treasury Yield (Daily)
DGS10,2021-06-10,1.45,10-Year Treasury Yield (Daily)
DGS10,2021-06-11,1.47,10-Year Treasury Yield (Daily)
DGS10,2021-06-14,1.51,10-Year Treasury Yield (Daily)
DGS10,2021-06-15,1.51,10-Year Treasury Yield (Daily)
DGS10,2021-06-16,1.57,10-Year Treasury Yield (Daily)
DGS10,2021-06-17,1.52,10-Year Treasury Yield (Daily)
DGS10,2021-06-18,1.45,10-Year Treasury Yield (Daily)
DGS10,2021-06-21,1.5,10-Year Treasury Yield (Daily)
DGS10,2021-06-22,1.48,10-Year Treasury Yield (Daily)
DGS10,2021-06-23,1.5,10-Year Treasury Yield (Daily)
DGS10,2021-06-24,1.49,10-Year Treasury Yield (Daily)
DGS10,2021-06-25,1.54,10-Year Treasury Yield (Daily)
DGS10,2021-06-28,1.49,10-Year Treasury Yield (Daily)
DGS10,2021-06-29,1.49,10-Year Treasury Yield (Daily)
DGS10,2021-06-30,1.45,10-Year Treasury Yield (Daily)
DGS10,2021-07-01,1.48,10-Year Treasury Yield (Daily)
DGS10,2021-07-02,1.44,10-Year Treasury Yield (Daily)
DGS10,2021-07-06,1.37,10-Year Treasury Yield (Daily)
DGS10,2021-07-07,1.33,10-Year Treasury Yield (Daily)
DGS10,2021-07-08,1.3,10-Year Treasury Yield (Daily)
DGS10,2021-07-09,1.37,10-Year Treasury Yield (Daily)
DGS10,2021-07-12,1.38,10-Year Treasury Yield (Daily)
DGS10,2021-07-13,1.42,10-Year Treasury Yield (Daily)
DGS10,2021-07-14,1.37,10-Year Treasury Yield (Daily)
DGS10,2021-07-15,1.31,10-Year Treasury Yield (Daily)
DGS10,2021-07-16,1.31,10-Year Treasury Yield (Daily)
DGS10,2021-07-19,1.19,10-Year Treasury Yield (Daily)
DGS10,2021-07-20,1.23,10-Year Treasury Yield (Daily)
DGS10,2021-07-21,1.3,10-Year Treasury Yield (Daily)
DGS10,2021-07-22,1.27,10-Year Treasury Yield (Daily)
DGS10,2021-07-23,1.3,10-Year Treasury Yield (Daily)
DGS10,2021-07-26,1.29,10-Year Treasury Yield (Daily)
DGS10,2021-07-27,1.25,10-Year Treasury Yield (Daily)
DGS10,2021-07-28,1.26,10-Year Treasury Yield (Daily)
DGS10,2021-07-29,1.28,10-Year Treasury Yield (Daily)
DGS10,2021-07-30,1.24,10-Year Treasury Yield (Daily)
DGS10,2021-08-02,1.2,10-Year Treasury Yield (Daily)
DGS10,2021-08-03,1.19,10-Year Treasury Yield (Daily)
DGS10,2021-08-04,1.19,10-Year Treasury Yield (Daily)
DGS10,2021-08-05,1.23,10-Year Treasury Yield (Daily)
DGS10,2021-08-06,1.31,10-Year Treasury Yield (Daily)
DGS10,2021-08-09,1.33,10-Year Treasury Yield (Daily)
DGS10,2021-08-10,1.36,10-Year Treasury Yield (Daily)
DGS10,2021-08-11,1.35,10-Year Treasury Yield (Daily)
DGS10,2021-08-12,1.36,10-Year Treasury Yield (Daily)
DGS10,2021-08-13,1.29,10-Year Treasury Yield (Daily)
DGS10,2021-08-16,1.26,10-Year Treasury Yield (Daily)
DGS10,2021-08-17,1.26,10-Year Treasury Yield (Daily)
DGS10,2021-08-18,1.27,10-Year Treasury Yield (Daily)
DGS10,2021-08-19,1.24,10-Year Treasury Yield (Daily)
DGS10,2021-08-20,1.26,10-Year Treasury Yield (Daily)
DGS10,2021-08-23,1.25,10-Year Treasury Yield (Daily)
DGS10,2021-08-24,1.29,10-Year Treasury Yield (Daily)
DGS10,2021-08-25,1.35,10-Year Treasury Yield (Daily)
DGS10,2021-08-26,1.34,10-Year Treasury Yield (Daily)
DGS10,2021-08-27,1.31,10-Year Treasury Yield (Daily)
DGS10,2021-08-30,1.29,10-Year Treasury Yield (Daily)
DGS10,2021-08-31,1.3,10-Year Treasury Yield (Daily)
DGS10,2021-09-01,1.31,10-Year Treasury Yield (Daily)
DGS10,2021-09-02,1.29,10-Year Treasury Yield (Daily)
DGS10,2021-09-03,1.33,10-Year Treasury Yield (Daily)
DGS10,2021-09-07,1.38,10-Year Treasury Yield (Daily)
DGS10,2021-09-08,1.35,10-Year Treasury Yield (Daily)
DGS10,2021-09-09,1.3,10-Year Treasury Yield (Daily)
DGS10,2021-09-10,1.35,10-Year Treasury Yield (Daily)
DGS10,2021-09-13,1.33,10-Year Treasury Yield (Daily)
DGS10,2021-09-14,1.28,10-Year Treasury Yield (Daily)
DGS10,2021-09-15,1.31,10-Year Treasury Yield (Daily)
DGS10,2021-09-16,1.34,10-Year Treasury Yield (Daily)
DGS10,2021-09-17,1.37,10-Year Treasury Yield (Daily)
DGS10,2021-09-20,1.31,10-Year Treasury Yield (Daily)
DGS10,2021-09-21,1.33,10-Year Treasury Yield (Daily)
DGS10,2021-09-22,1.32,10-Year Treasury Yield (Daily)
DGS10,2021-09-23,1.41,10-Year Treasury Yield (Daily)
DGS10,2021-09-24,1.47,10-Year Treasury Yield (Daily)
DGS10,2021-09-27,1.48,10-Year Treasury Yield (Daily)
DGS10,2021-09-28,1.54,10-Year Treasury Yield (Daily)
DGS10,2021-09-29,1.55,10-Year Treasury Yield (Daily)
DGS10,2021-09-30,1.52,10-Year Treasury Yield (Daily)
DGS10,2021-10-01,1.48,10-Year Treasury Yield (Daily)
DGS10,2021-10-04,1.49,10-Year Treasury Yield (Daily)
DGS10,2021-10-05,1.54,10-Year Treasury Yield (Daily)
DGS10,2021-10-06,1.53,10-Year Treasury Yield (Daily)
DGS10,2021-10-07,1.58,10-Year Treasury Yield (Daily)
DGS10,2021-10-08,1.61,10-Year Treasury Yield (Daily)
DGS10,2021-10-12,1.59,10-Year Treasury Yield (Daily)
DGS10,2021-10-13,1.56,10-Year Treasury Yield (Daily)
DGS10,2021-10-14,1.52,10-Year Treasury Yield (Daily)
DGS10,2021-10-15,1.59,10-Year Treasury Yield (Daily)
DGS10,2021-10-18,1.59,10-Year Treasury Yield (Daily)
DGS10,2021-10-19,1.65,10-Year Treasury Yield (Daily)
DGS10,2021-10-20,1.65,10-Year Treasury Yield (Daily)
DGS10,2021-10-21,1.68,10-Year Treasury Yield (Daily)
DGS10,2021-10-22,1.66,10-Year Treasury Yield (Daily)
DGS10,2021-10-25,1.64,10-Year Treasury Yield (Daily)
DGS10,2021-10-26,1.63,10-Year Treasury Yield (Daily)
DGS10,2021-10-27,1.54,10-Year Treasury Yield (Daily)
DGS10,2021-10-28,1.57,10-Year Treasury Yield (Daily)
DGS10,2021-10-29,1.55,10-Year Treasury Yield (Daily)
DGS10,2021-11-01,1.58,10-Year Treasury Yield (Daily)
DGS10,2021-11-02,1.56,10-Year Treasury Yield (Daily)
DGS10,2021-11-03,1.6,10-Year Treasury Yield (Daily)
DGS10,2021-11-04,1.53,10-Year Treasury Yield (Daily)
DGS10,2021-11-05,1.45,10-Year Treasury Yield (Daily)
DGS10,2021-11-08,1.51,10-Year Treasury Yield (Daily)
DGS10,2021-11-09,1.46,10-Year Treasury Yield (Daily)
DGS10,2021-11-10,1.56,10-Year Treasury Yield (Daily)
DGS10,2021-11-12,1.58,10-Year Treasury Yield (Daily)
DGS10,2021-11-15,1.63,10-Year Treasury Yield (Daily)
DGS10,2021-11-16,1.63,10-Year Treasury Yield (Daily)
DGS10,2021-11-17,1.6,10-Year Treasury Yield (Daily)
DGS10,2021-11-18,1.59,10-Year Treasury Yield (Daily)
DGS10,2021-11-19,1.54,10-Year Treasury Yield (Daily)
DGS10,2021-11-22,1.63,10-Year Treasury Yield (Daily)
DGS10,2021-11-23,1.67,10-Year Treasury Yield (Daily)
DGS10,2021-11-24,1.64,10-Year Treasury Yield (Daily)
DGS10,2021-11-26,1.48,10-Year Treasury Yield (Daily)
DGS10,2021-11-29,1.52,10-Year Treasury Yield (Daily)
DGS10,2021-11-30,1.43,10-Year Treasury Yield (Daily)
DGS10,2021-12-01,1.43,10-Year Treasury Yield (Daily)
DGS10,2021-12-02,1.44,10-Year Treasury Yield (Daily)
DGS10,2021-12-03,1.35,10-Year Treasury Yield (Daily)
DGS10,2021-12-06,1.43,10-Year Treasury Yield (Daily)
DGS10,2021-12-07,1.48,10-Year Treasury Yield (Daily)
DGS10,2021-12-08,1.52,10-Year Treasury Yield (Daily)
DGS10,2021-12-09,1.49,10-Year Treasury Yield (Daily)
DGS10,2021-12-10,1.48,10-Year Treasury Yield (Daily)
DGS10,2021-12-13,1.42,10-Year Treasury Yield (Daily)
DGS10,2021-12-14,1.44,10-Year Treasury Yield (Daily)
DGS10,2021-12-15,1.47,10-Year Treasury Yield (Daily)
DGS10,2021-12-16,1.44,10-Year Treasury Yield (Daily)
DGS10,2021-12-17,1.41,10-Year Treasury Yield (Daily)
DGS10,2021-12-20,1.43,10-Year Treasury Yield (Daily)
DGS10,2021-12-21,1.48,10-Year Treasury Yield (Daily)
DGS10,2021-12-22,1.46,10-Year Treasury Yield (Daily)
DGS10,2021-12-23,1.5,10-Year Treasury Yield (Daily)
DGS10,2021-12-27,1.48,10-Year Treasury Yield (Daily)
DGS10,2021-12-28,1.49,10-Year Treasury Yield (Daily)
DGS10,2021-12-29,1.55,10-Year Treasury Yield (Daily)
DGS10,2021-12-30,1.52,10-Year Treasury Yield (Daily)
DGS10,2021-12-31,1.52,10-Year Treasury Yield (Daily)
DGS10,2022-01-03,1.63,10-Year Treasury Yield (Daily)
DGS10,2022-01-04,1.66,10-Year Treasury Yield (Daily)
DGS10,2022-01-05,1.71,10-Year Treasury Yield (Daily)
DGS10,2022-01-06,1.73,10-Year Treasury Yield (Daily)
DGS10,2022-01-07,1.76,10-Year Treasury Yield (Daily)
DGS10,2022-01-10,1.78,10-Year Treasury Yield (Daily)
DGS10,2022-01-11,1.75,10-Year Treasury Yield (Daily)
DGS10,2022-01-12,1.74,10-Year Treasury Yield (Daily)
DGS10,2022-01-13,1.7,10-Year Treasury Yield (Daily)
DGS10,2022-01-14,1.78,10-Year Treasury Yield (Daily)
DGS10,2022-01-18,1.87,10-Year Treasury Yield (Daily)
DGS10,2022-01-19,1.83,10-Year Treasury Yield (Daily)
DGS10,2022-01-20,1.83,10-Year Treasury Yield (Daily)
DGS10,2022-01-21,1.75,10-Year Treasury Yield (Daily)
DGS10,2022-01-24,1.75,10-Year Treasury Yield (Daily)
DGS10,2022-01-25,1.78,10-Year Treasury Yield (Daily)
DGS10,2022-01-26,1.85,10-Year Treasury Yield (Daily)
DGS10,2022-01-27,1.81,10-Year Treasury Yield (Daily)
DGS10,2022-01-28,1.78,10-Year Treasury Yield (Daily)
DGS10,2022-01-31,1.79,10-Year Treasury Yield (Daily)
DGS10,2022-02-01,1.81,10-Year Treasury Yield (Daily)
DGS10,2022-02-02,1.78,10-Year Treasury Yield (Daily)
DGS10,2022-02-03,1.82,10-Year Treasury Yield (Daily)
DGS10,2022-02-04,1.93,10-Year Treasury Yield (Daily)
DGS10,2022-02-07,1.92,10-Year Treasury Yield (Daily)
DGS10,2022-02-08,1.96,10-Year Treasury Yield (Daily)
DGS10,2022-02-09,1.94,10-Year Treasury Yield (Daily)
DGS10,2022-02-10,2.03,10-Year Treasury Yield (Daily)
DGS10,2022-02-11,1.92,10-Year Treasury Yield (Daily)
DGS10,2022-02-14,1.98,10-Year Treasury Yield (Daily)
DGS10,2022-02-15,2.05,10-Year Treasury Yield (Daily)
DGS10,2022-02-16,2.03,10-Year Treasury Yield (Daily)
DGS10,2022-02-17,1.97,10-Year Treasury Yield (Daily)
DGS10,2022-02-18,1.92,10-Year Treasury Yield (Daily)
DGS10,2022-02-22,1.94,10-Year Treasury Yield (Daily)
DGS10,2022-02-23,1.99,10-Year Treasury Yield (Daily)
DGS10,2022-02-24,1.96,10-Year Treasury Yield (Daily)
DGS10,2022-02-25,1.97,10-Year Treasury Yield (Daily)
DGS10,2022-02-28,1.83,10-Year Treasury Yield (Daily)
DGS10,2022-03-01,1.72,10-Year Treasury Yield (Daily)
DGS10,2022-03-02,1.86,10-Year Treasury Yield (Daily)
DGS10,2022-03-03,1.86,10-Year Treasury Yield (Daily)
DGS10,2022-03-04,1.74,10-Year Treasury Yield (Daily)
DGS10,2022-03-07,1.78,10-Year Treasury Yield (Daily)
DGS10,2022-03-08,1.86,10-Year Treasury Yield (Daily)
DGS10,2022-03-09,1.94,10-Year Treasury Yield (Daily)
DGS10,2022-03-10,1.98,10-Year Treasury Yield (Daily)
DGS10,2022-03-11,2.0,10-Year Treasury Yield (Daily)
DGS10,2022-03-14,2.14,10-Year Treasury Yield (Daily)
DGS10,2022-03-15,2.15,10-Year Treasury Yield (Daily)
DGS10,2022-03-16,2.19,10-Year Treasury Yield (Daily)
DGS10,2022-03-17,2.2,10-Year Treasury Yield (Daily)
DGS10,2022-03-18,2.14,10-Year Treasury Yield (Daily)
DGS10,2022-03-21,2.32,10-Year Treasury Yield (Daily)
DGS10,2022-03-22,2.38,10-Year Treasury Yield (Daily)
DGS10,2022-03-23,2.32,10-Year Treasury Yield (Daily)
DGS10,2022-03-24,2.34,10-Year Treasury Yield (Daily)
DGS10,2022-03-25,2.48,10-Year Treasury Yield (Daily)
DGS10,2022-03-28,2.46,10-Year Treasury Yield (Daily)
DGS10,2022-03-29,2.41,10-Year Treasury Yield (Daily)
DGS10,2022-03-30,2.35,10-Year Treasury Yield (Daily)
DGS10,2022-03-31,2.32,10-Year Treasury Yield (Daily)
DGS10,2022-04-01,2.39,10-Year Treasury Yield (Daily)
DGS10,2022-04-04,2.42,10-Year Treasury Yield (Daily)
DGS10,2022-04-05,2.54,10-Year Treasury Yield (Daily)
DGS10,2022-04-06,2.61,10-Year Treasury Yield (Daily)
DGS10,2022-04-07,2.66,10-Year Treasury Yield (Daily)
DGS10,2022-04-08,2.72,10-Year Treasury Yield (Daily)
DGS10,2022-04-11,2.79,10-Year Treasury Yield (Daily)
DGS10,2022-04-12,2.72,10-Year Treasury Yield (Daily)
DGS10,2022-04-13,2.7,10-Year Treasury Yield (Daily)
DGS10,2022-04-14,2.83,10-Year Treasury Yield (Daily)
DGS10,2022-04-18,2.85,10-Year Treasury Yield (Daily)
DGS10,2022-04-19,2.93,10-Year Treasury Yield (Daily)
DGS10,2022-04-20,2.85,10-Year Treasury Yield (Daily)
DGS10,2022-04-21,2.9,10-Year Treasury Yield (Daily)
DGS10,2022-04-22,2.9,10-Year Treasury Yield (Daily)
DGS10,2022-04-25,2.81,10-Year Treasury Yield (Daily)
DGS10,2022-04-26,2.77,10-Year Treasury Yield (Daily)
DGS10,2022-04-27,2.82,10-Year Treasury Yield (Daily)
DGS10,2022-04-28,2.85,10-Year Treasury Yield (Daily)
DGS10,2022-04-29,2.89,10-Year Treasury Yield (Daily)
DGS10,2022-05-02,2.99,10-Year Treasury Yield (Daily)
DGS10,2022-05-03,2.97,10-Year Treasury Yield (Daily)
DGS10,2022-05-04,2.93,10-Year Treasury Yield (Daily)
DGS10,2022-05-05,3.05,10-Year Treasury Yield (Daily)
DGS10,2022-05-06,3.12,10-Year Treasury Yield (Daily)
DGS10,2022-05-09,3.05,10-Year Treasury Yield (Daily)
DGS10,2022-05-10,2.99,10-Year Treasury Yield (Daily)
DGS10,2022-05-11,2.91,10-Year Treasury Yield (Daily)
DGS10,2022-05-12,2.84,10-Year Treasury Yield (Daily)
DGS10,2022-05-13,2.93,10-Year Treasury Yield (Daily)
DGS10,2022-05-16,2.88,10-Year Treasury Yield (Daily)
DGS10,2022-05-17,2.98,10-Year Treasury Yield (Daily)
DGS10,2022-05-18,2.89,10-Year Treasury Yield (Daily)
DGS10,2022-05-19,2.84,10-Year Treasury Yield (Daily)
DGS10,2022-05-20,2.78,10-Year Treasury Yield (Daily)
DGS10,2022-05-23,2.86,10-Year Treasury Yield (Daily)
DGS10,2022-05-24,2.76,10-Year Treasury Yield (Daily)
DGS10,2022-05-25,2.75,10-Year Treasury Yield (Daily)
DGS10,2022-05-26,2.75,10-Year Treasury Yield (Daily)
DGS10,2022-05-27,2.74,10-Year Treasury Yield (Daily)
DGS10,2022-05-31,2.85,10-Year Treasury Yield (Daily)
DGS10,2022-06-01,2.94,10-Year Treasury Yield (Daily)
DGS10,2022-06-02,2.92,10-Year Treasury Yield (Daily)
DGS10,2022-06-03,2.96,10-Year Treasury Yield (Daily)
DGS10,2022-06-06,3.04,10-Year Treasury Yield (Daily)
DGS10,2022-06-07,2.98,10-Year Treasury Yield (Daily)
DGS10,2022-06-08,3.03,10-Year Treasury Yield (Daily)
DGS10,2022-06-09,3.04,10-Year Treasury Yield (Daily)
DGS10,2022-06-10,3.15,10-Year Treasury Yield (Daily)
DGS10,2022-06-13,3.43,10-Year Treasury Yield (Daily)
DGS10,2022-06-14,3.49,10-Year Treasury Yield (Daily)
DGS10,2022-06-15,3.33,10-Year Treasury Yield (Daily)
DGS10,2022-06-16,3.28,10-Year Treasury Yield (Daily)
DGS10,2022-06-17,3.25,10-Year Treasury Yield (Daily)
DGS10,2022-06-21,3.31,10-Year Treasury Yield (Daily)
DGS10,2022-06-22,3.16,10-Year Treasury Yield (Daily)
DGS10,2022-06-23,3.09,10-Year Treasury Yield (Daily)
DGS10,2022-06-24,3.13,10-Year Treasury Yield (Daily)
DGS10,2022-06-27,3.2,10-Year Treasury Yield (Daily)
DGS10,2022-06-28,3.2,10-Year Treasury Yield (Daily)
DGS10,2022-06-29,3.1,10-Year Treasury Yield (Daily)
DGS10,2022-06-30,2.98,10-Year Treasury Yield (Daily)
DGS10,2022-07-01,2.88,10-Year Treasury Yield (Daily)
DGS10,2022-07-05,2.82,10-Year Treasury Yield (Daily)
DGS10,2022-07-06,2.93,10-Year Treasury Yield (Daily)
DGS10,2022-07-07,3.01,10-Year Treasury Yield (Daily)
DGS10,2022-07-08,3.09,10-Year Treasury Yield (Daily)
DGS10,2022-07-11,2.99,10-Year Treasury Yield (Daily)
DGS10,2022-07-12,2.96,10-Year Treasury Yield (Daily)
DGS10,2022-07-13,2.91,10-Year Treasury Yield (Daily)
DGS10,2022-07-14,2.96,10-Year Treasury Yield (Daily)
DGS10,2022-07-15,2.93,10-Year Treasury Yield (Daily)
DGS10,2022-07-18,2.96,10-Year Treasury Yield (Daily)
DGS10,2022-07-19,3.01,10-Year Treasury Yield (Daily)
DGS10,2022-07-20,3.04,10-Year Treasury Yield (Daily)
DGS10,2022-07-21,2.91,10-Year Treasury Yield (Daily)
DGS10,2022-07-22,2.77,10-Year Treasury Yield (Daily)
DGS10,2022-07-25,2.81,10-Year Treasury Yield (Daily)
DGS10,2022-07-26,2.81,10-Year Treasury Yield (Daily)
DGS10,2022-07-27,2.78,10-Year Treasury Yield (Daily)
DGS10,2022-07-28,2.68,10-Year Treasury Yield (Daily)
DGS10,2022-07-29,2.67,10-Year Treasury Yield (Daily)
DGS10,2022-08-01,2.6,10-Year Treasury Yield (Daily)
DGS10,2022-08-02,2.75,10-Year Treasury Yield (Daily)
DGS10,2022-08-03,2.73,10-Year Treasury Yield (Daily)
DGS10,2022-08-04,2.68,10-Year Treasury Yield (Daily)
DGS10,2022-08-05,2.83,10-Year Treasury Yield (Daily)
DGS10,2022-08-08,2.77,10-Year Treasury Yield (Daily)
DGS10,2022-08-09,2.8,10-Year Treasury Yield (Daily)
DGS10,2022-08-10,2.78,10-Year Treasury Yield (Daily)
DGS10,2022-08-11,2.87,10-Year Treasury Yield (Daily)
DGS10,2022-08-12,2.84,10-Year Treasury Yield (Daily)
DGS10,2022-08-15,2.79,10-Year Treasury Yield (Daily)
DGS10,2022-08-16,2.82,10-Year Treasury Yield (Daily)
DGS10,2022-08-17,2.89,10-Year Treasury Yield (Daily)
DGS10,2022-08-18,2.88,10-Year Treasury Yield (Daily)
DGS10,2022-08-19,2.98,10-Year Treasury Yield (Daily)
DGS10,2022-08-22,3.03,10-Year Treasury Yield (Daily)
DGS10,2022-08-23,3.05,10-Year Treasury Yield (Daily)
DGS10,2022-08-24,3.11,10-Year Treasury Yield (Daily)
DGS10,2022-08-25,3.03,10-Year Treasury Yield (Daily)
DGS10,2022-08-26,3.04,10-Year Treasury Yield (Daily)
DGS10,2022-08-29,3.12,10-Year Treasury Yield (Daily)
DGS10,2022-08-30,3.11,10-Year Treasury Yield (Daily)
DGS10,2022-08-31,3.15,10-Year Treasury Yield (Daily)
DGS10,2022-09-01,3.26,10-Year Treasury Yield (Daily)
DGS10,2022-09-02,3.2,10-Year Treasury Yield (Daily)
DGS10,2022-09-06,3.33,10-Year Treasury Yield (Daily)
DGS10,2022-09-07,3.27,10-Year Treasury Yield (Daily)
DGS10,2022-09-08,3.29,10-Year Treasury Yield (Daily)
DGS10,2022-09-09,3.33,10-Year Treasury Yield (Daily)
DGS10,2022-09-12,3.37,10-Year Treasury Yield (Daily)
DGS10,2022-09-13,3.42,10-Year Treasury Yield (Daily)
DGS10,2022-09-14,3.41,10-Year Treasury Yield (Daily)
DGS10,2022-09-15,3.45,10-Year Treasury Yield (Daily)
DGS10,2022-09-16,3.45,10-Year Treasury Yield (Daily)
DGS10,2022-09-19,3.49,10-Year Treasury Yield (Daily)
DGS10,2022-09-20,3.57,10-Year Treasury Yield (Daily)
DGS10,2022-09-21,3.51,10-Year Treasury Yield (Daily)
DGS10,2022-09-22,3.7,10-Year Treasury Yield (Daily)
DGS10,2022-09-23,3.69,10-Year Treasury Yield (Daily)
DGS10,2022-09-26,3.88,10-Year Treasury Yield (Daily)
DGS10,2022-09-27,3.97,10-Year Treasury Yield (Daily)
DGS10,2022-09-28,3.72,10-Year Treasury Yield (Daily)
DGS10,2022-09-29,3.76,10-Year Treasury Yield (Daily)
DGS10,2022-09-30,3.83,10-Year Treasury Yield (Daily)
DGS10,2022-10-03,3.67,10-Year Treasury Yield (Daily)
DGS10,2022-10-04,3.62,10-Year Treasury Yield (Daily)
DGS10,2022-10-05,3.76,10-Year Treasury Yield (Daily)
DGS10,2022-10-06,3.83,10-Year Treasury Yield (Daily)
DGS10,2022-10-07,3.89,10-Year Treasury Yield (Daily)
DGS10,2022-10-11,3.93,10-Year Treasury Yield (Daily)
DGS10,2022-10-12,3.91,10-Year Treasury Yield (Daily)
DGS10,2022-10-13,3.97,10-Year Treasury Yield (Daily)
DGS10,2022-10-14,4.0,10-Year Treasury Yield (Daily)
DGS10,2022-10-17,4.02,10-Year Treasury Yield (Daily)
DGS10,2022-10-18,4.01,10-Year Treasury Yield (Daily)
DGS10,2022-10-19,4.14,10-Year Treasury Yield (Daily)
DGS10,2022-10-20,4.24,10-Year Treasury Yield (Daily)
DGS10,2022-10-21,4.21,10-Year Treasury Yield (Daily)
DGS10,2022-10-24,4.25,10-Year Treasury Yield (Daily)
DGS10,2022-10-25,4.1,10-Year Treasury Yield (Daily)
DGS10,2022-10-26,4.04,10-Year Treasury Yield (Daily)
DGS10,2022-10-27,3.96,10-Year Treasury Yield (Daily)
DGS10,2022-10-28,4.02,10-Year Treasury Yield (Daily)
DGS10,2022-10-31,4.1,10-Year Treasury Yield (Daily)
DGS10,2022-11-01,4.07,10-Year Treasury Yield (Daily)
DGS10,2022-11-02,4.1,10-Year Treasury Yield (Daily)
DGS10,2022-11-03,4.14,10-Year Treasury Yield (Daily)
DGS10,2022-11-04,4.17,10-Year Treasury Yield (Daily)
DGS10,2022-11-07,4.22,10-Year Treasury Yield (Daily)
DGS10,2022-11-08,4.14,10-Year Treasury Yield (Daily)
DGS10,2022-11-09,4.12,10-Year Treasury Yield (Daily)
DGS10,2022-11-10,3.82,10-Year Treasury Yield (Daily)
DGS10,2022-11-14,3.88,10-Year Treasury Yield (Daily)
DGS10,2022-11-15,3.8,10-Year Treasury Yield (Daily)
DGS10,2022-11-16,3.67,10-Year Treasury Yield (Daily)
DGS10,2022-11-17,3.77,10-Year Treasury Yield (Daily)
DGS10,2022-11-18,3.82,10-Year Treasury Yield (Daily)
DGS10,2022-11-21,3.83,10-Year Treasury Yield (Daily)
DGS10,2022-11-22,3.76,10-Year Treasury Yield (Daily)
DGS10,2022-11-23,3.71,10-Year Treasury Yield (Daily)
DGS10,2022-11-25,3.68,10-Year Treasury Yield (Daily)
DGS10,2022-11-28,3.69,10-Year Treasury Yield (Daily)
DGS10,2022-11-29,3.75,10-Year Treasury Yield (Daily)
DGS10,2022-11-30,3.68,10-Year Treasury Yield (Daily)
DGS10,2022-12-01,3.53,10-Year Treasury Yield (Daily)
DGS10,2022-12-02,3.51,10-Year Treasury Yield (Daily)
DGS10,2022-12-05,3.6,10-Year Treasury Yield (Daily)
DGS10,2022-12-06,3.51,10-Year Treasury Yield (Daily)
DGS10,2022-12-07,3.42,10-Year Treasury Yield (Daily)
DGS10,2022-12-08,3.48,10-Year Treasury Yield (Daily)
DGS10,2022-12-09,3.57,10-Year Treasury Yield (Daily)
DGS10,2022-12-12,3.61,10-Year Treasury Yield (Daily)
DGS10,2022-12-13,3.51,10-Year Treasury Yield (Daily)
DGS10,2022-12-14,3.49,10-Year Treasury Yield (Daily)
DGS10,2022-12-15,3.44,10-Year Treasury Yield (Daily)
DGS10,2022-12-16,3.48,10-Year Treasury Yield (Daily)
DGS10,2022-12-19,3.57,10-Year Treasury Yield (Daily)
DGS10,2022-12-20,3.69,10-Year Treasury Yield (Daily)
DGS10,2022-12-21,3.68,10-Year Treasury Yield (Daily)
DGS10,2022-12-22,3.67,10-Year Treasury Yield (Daily)
DGS10,2022-12-23,3.75,10-Year Treasury Yield (Daily)
DGS10,2022-12-27,3.84,10-Year Treasury Yield (Daily)
DGS10,2022-12-28,3.88,10-Year Treasury Yield (Daily)
DGS10,2022-12-29,3.83,10-Year Treasury Yield (Daily)
DGS10,2022-12-30,3.88,10-Year Treasury Yield (Daily)
DGS10,2023-01-03,3.79,10-Year Treasury Yield (Daily)
DGS10,2023-01-04,3.69,10-Year Treasury Yield (Daily)
DGS10,2023-01-05,3.71,10-Year Treasury Yield (Daily)
DGS10,2023-01-06,3.55,10-Year Treasury Yield (Daily)
DGS10,2023-01-09,3.53,10-Year Treasury Yield (Daily)
DGS10,2023-01-10,3.61,10-Year Treasury Yield (Daily)
DGS10,2023-01-11,3.54,10-Year Treasury Yield (Daily)
DGS10,2023-01-12,3.43,10-Year Treasury Yield (Daily)
DGS10,2023-01-13,3.49,10-Year Treasury Yield (Daily)
DGS10,2023-01-17,3.53,10-Year Treasury Yield (Daily)
DGS10,2023-01-18,3.37,10-Year Treasury Yield (Daily)
DGS10,2023-01-19,3.39,10-Year Treasury Yield (Daily)
DGS10,2023-01-20,3.48,10-Year Treasury Yield (Daily)
DGS10,2023-01-23,3.52,10-Year Treasury Yield (Daily)
DGS10,2023-01-24,3.46,10-Year Treasury Yield (Daily)
DGS10,2023-01-25,3.46,10-Year Treasury Yield (Daily)
DGS10,2023-01-26,3.49,10-Year Treasury Yield (Daily)
DGS10,2023-01-27,3.52,10-Year Treasury Yield (Daily)
DGS10,2023-01-30,3.55,10-Year Treasury Yield (Daily)
DGS10,2023-01-31,3.52,10-Year Treasury Yield (Daily)
DGS10,2023-02-01,3.39,10-Year Treasury Yield (Daily)
DGS10,2023-02-02,3.4,10-Year Treasury Yield (Daily)
DGS10,2023-02-03,3.53,10-Year Treasury Yield (Daily)
DGS10,2023-02-06,3.63,10-Year Treasury Yield (Daily)
DGS10,2023-02-07,3.67,10-Year Treasury Yield (Daily)
DGS10,2023-02-08,3.63,10-Year Treasury Yield (Daily)
DGS10,2023-02-09,3.67,10-Year Treasury Yield (Daily)
DGS10,2023-02-10,3.74,10-Year Treasury Yield (Daily)
DGS10,2023-02-13,3.72,10-Year Treasury Yield (Daily)
DGS10,2023-02-14,3.77,10-Year Treasury Yield (Daily)
DGS10,2023-02-15,3.81,10-Year Treasury Yield (Daily)
DGS10,2023-02-16,3.86,10-Year Treasury Yield (Daily)
DGS10,2023-02-17,3.82,10-Year Treasury Yield (Daily)
DGS10,2023-02-21,3.95,10-Year Treasury Yield (Daily)
DGS10,2023-02-22,3.93,10-Year Treasury Yield (Daily)
DGS10,2023-02-23,3.88,10-Year Treasury Yield (Daily)
DGS10,2023-02-24,3.95,10-Year Treasury Yield (Daily)
DGS10,2023-02-27,3.92,10-Year Treasury Yield (Daily)
DGS10,2023-02-28,3.92,10-Year Treasury Yield (Daily)
DGS10,2023-03-01,4.01,10-Year Treasury Yield (Daily)
DGS10,2023-03-02,4.08,10-Year Treasury Yield (Daily)
DGS10,2023-03-03,3.97,10-Year Treasury Yield (Daily)
DGS10,2023-03-06,3.98,10-Year Treasury Yield (Daily)
DGS10,2023-03-07,3.97,10-Year Treasury Yield (Daily)
DGS10,2023-03-08,3.98,10-Year Treasury Yield (Daily)
DGS10,2023-03-09,3.93,10-Year Treasury Yield (Daily)
DGS10,2023-03-10,3.7,10-Year Treasury Yield (Daily)
DGS10,2023-03-13,3.55,10-Year Treasury Yield (Daily)
DGS10,2023-03-14,3.64,10-Year Treasury Yield (Daily)
DGS10,2023-03-15,3.51,10-Year Treasury Yield (Daily)
DGS10,2023-03-16,3.56,10-Year Treasury Yield (Daily)
DGS10,2023-03-17,3.39,10-Year Treasury Yield (Daily)
DGS10,2023-03-20,3.47,10-Year Treasury Yield (Daily)
DGS10,2023-03-21,3.59,10-Year Treasury Yield (Daily)
DGS10,2023-03-22,3.48,10-Year Treasury Yield (Daily)
DGS10,2023-03-23,3.38,10-Year Treasury Yield (Daily)
DGS10,2023-03-24,3.38,10-Year Treasury Yield (Daily)
DGS10,2023-03-27,3.53,10-Year Treasury Yield (Daily)
DGS10,2023-03-28,3.55,10-Year Treasury Yield (Daily)
DGS10,2023-03-29,3.57,10-Year Treasury Yield (Daily)
DGS10,2023-03-30,3.55,10-Year Treasury Yield (Daily)
DGS10,2023-03-31,3.48,10-Year Treasury Yield (Daily)
DGS10,2023-04-03,3.43,10-Year Treasury Yield (Daily)
DGS10,2023-04-04,3.35,10-Year Treasury Yield (Daily)
DGS10,2023-04-05,3.3,10-Year Treasury Yield (Daily)
DGS10,2023-04-06,3.3,10-Year Treasury Yield (Daily)
DGS10,2023-04-07,3.39,10-Year Treasury Yield (Daily)
DGS10,2023-04-10,3.41,10-Year Treasury Yield (Daily)
DGS10,2023-04-11,3.43,10-Year Treasury Yield (Daily)
DGS10,2023-04-12,3.41,10-Year Treasury Yield (Daily)
DGS10,2023-04-13,3.45,10-Year Treasury Yield (Daily)
DGS10,2023-04-14,3.52,10-Year Treasury Yield (Daily)
DGS10,2023-04-17,3.6,10-Year Treasury Yield (Daily)
DGS10,2023-04-18,3.58,10-Year Treasury Yield (Daily)
DGS10,2023-04-19,3.6,10-Year Treasury Yield (Daily)
DGS10,2023-04-20,3.54,10-Year Treasury Yield (Daily)
DGS10,2023-04-21,3.57,10-Year Treasury Yield (Daily)
DGS10,2023-04-24,3.52,10-Year Treasury Yield (Daily)
DGS10,2023-04-25,3.4,10-Year Treasury Yield (Daily)
DGS10,2023-04-26,3.43,10-Year Treasury Yield (Daily)
DGS10,2023-04-27,3.53,10-Year Treasury Yield (Daily)
DGS10,2023-04-28,3.44,10-Year Treasury Yield (Daily)
DGS10,2023-05-01,3.59,10-Year Treasury Yield (Daily)
DGS10,2023-05-02,3.44,10-Year Treasury Yield (Daily)
DGS10,2023-05-03,3.38,10-Year Treasury Yield (Daily)
DGS10,2023-05-04,3.37,10-Year Treasury Yield (Daily)
DGS10,2023-05-05,3.44,10-Year Treasury Yield (Daily)
DGS10,2023-05-08,3.52,10-Year Treasury Yield (Daily)
DGS10,2023-05-09,3.53,10-Year Treasury Yield (Daily)
DGS10,2023-05-10,3.43,10-Year Treasury Yield (Daily)
DGS10,2023-05-11,3.39,10-Year Treasury Yield (Daily)
DGS10,2023-05-12,3.46,10-Year Treasury Yield (Daily)
DGS10,2023-05-15,3.5,10-Year Treasury Yield (Daily)
DGS10,2023-05-16,3.54,10-Year Treasury Yield (Daily)
DGS10,2023-05-17,3.57,10-Year Treasury Yield (Daily)
DGS10,2023-05-18,3.65,10-Year Treasury Yield (Daily)
DGS10,2023-05-19,3.7,10-Year Treasury Yield (Daily)
DGS10,2023-05-22,3.72,10-Year Treasury Yield (Daily)
DGS10,2023-05-23,3.7,10-Year Treasury Yield (Daily)
DGS10,2023-05-24,3.73,10-Year Treasury Yield (Daily)
DGS10,2023-05-25,3.83,10-Year Treasury Yield (Daily)
DGS10,2023-05-26,3.8,10-Year Treasury Yield (Daily)
DGS10,2023-05-30,3.69,10-Year Treasury Yield (Daily)
DGS10,2023-05-31,3.64,10-Year Treasury Yield (Daily)
DGS10,2023-06-01,3.61,10-Year Treasury Yield (Daily)
DGS10,2023-06-02,3.69,10-Year Treasury Yield (Daily)
DGS10,2023-06-05,3.69,10-Year Treasury Yield (Daily)
DGS10,2023-06-06,3.7,10-Year Treasury Yield (Daily)
DGS10,2023-06-07,3.79,10-Year Treasury Yield (Daily)
DGS10,2023-06-08,3.73,10-Year Treasury Yield (Daily)
DGS10,2023-06-09,3.75,10-Year Treasury Yield (Daily)
DGS10,2023-06-12,3.73,10-Year Treasury Yield (Daily)
DGS10,2023-06-13,3.84,10-Year Treasury Yield (Daily)
DGS10,2023-06-14,3.83,10-Year Treasury Yield (Daily)
DGS10,2023-06-15,3.72,10-Year Treasury Yield (Daily)
DGS10,2023-06-16,3.77,10-Year Treasury Yield (Daily)
DGS10,2023-06-20,3.74,10-Year Treasury Yield (Daily)
DGS10,2023-06-21,3.72,10-Year Treasury Yield (Daily)
DGS10,2023-06-22,3.8,10-Year Treasury Yield (Daily)
DGS10,2023-06-23,3.74,10-Year Treasury Yield (Daily)
DGS10,2023-06-26,3.72,10-Year Treasury Yield (Daily)
DGS10,2023-06-27,3.77,10-Year Treasury Yield (Daily)
DGS10,2023-06-28,3.71,10-Year Treasury Yield (Daily)
DGS10,2023-06-29,3.85,10-Year Treasury Yield (Daily)
DGS10,2023-06-30,3.81,10-Year Treasury Yield (Daily)
DGS10,2023-07-03,3.86,10-Year Treasury Yield (Daily)
DGS10,2023-07-05,3.95,10-Year Treasury Yield (Daily)
DGS10,2023-07-06,4.05,10-Year Treasury Yield (Daily)
DGS10,2023-07-07,4.06,10-Year Treasury Yield (Daily)
DGS10,2023-07-10,4.01,10-Year Treasury Yield (Daily)
DGS10,2023-07-11,3.99,10-Year Treasury Yield (Daily)
DGS10,2023-07-12,3.86,10-Year Treasury Yield (Daily)
DGS10,2023-07-13,3.76,10-Year Treasury Yield (Daily)
DGS10,2023-07-14,3.83,10-Year Treasury Yield (Daily)
DGS10,2023-07-17,3.81,10-Year Treasury Yield (Daily)
DGS10,2023-07-18,3.8,10-Year Treasury Yield (Daily)
DGS10,2023-07-19,3.75,10-Year Treasury Yield (Daily)
DGS10,2023-07-20,3.85,10-Year Treasury Yield (Daily)
DGS10,2023-07-21,3.84,10-Year Treasury Yield (Daily)
DGS10,2023-07-24,3.86,10-Year Treasury Yield (Daily)
DGS10,2023-07-25,3.91,10-Year Treasury Yield (Daily)
DGS10,2023-07-26,3.86,10-Year Treasury Yield (Daily)
DGS10,2023-07-27,4.01,10-Year Treasury Yield (Daily)
DGS10,2023-07-28,3.96,10-Year Treasury Yield (Daily)
DGS10,2023-07-31,3.97,10-Year Treasury Yield (Daily)
DGS10,2023-08-01,4.05,10-Year Treasury Yield (Daily)
DGS10,2023-08-02,4.08,10-Year Treasury Yield (Daily)
DGS10,2023-08-03,4.2,10-Year Treasury Yield (Daily)
DGS10,2023-08-04,4.05,10-Year Treasury Yield (Daily)
DGS10,2023-08-07,4.09,10-Year Treasury Yield (Daily)
DGS10,2023-08-08,4.02,10-Year Treasury Yield (Daily)
DGS10,2023-08-09,4.0,10-Year Treasury Yield (Daily)
DGS10,2023-08-10,4.09,10-Year Treasury Yield (Daily)
DGS10,2023-08-11,4.16,10-Year Treasury Yield (Daily)
DGS10,2023-08-14,4.19,10-Year Treasury Yield (Daily)
DGS10,2023-08-15,4.21,10-Year Treasury Yield (Daily)
DGS10,2023-08-16,4.28,10-Year Treasury Yield (Daily)
DGS10,2023-08-17,4.3,10-Year Treasury Yield (Daily)
DGS10,2023-08-18,4.26,10-Year Treasury Yield (Daily)
DGS10,2023-08-21,4.34,10-Year Treasury Yield (Daily)
DGS10,2023-08-22,4.34,10-Year Treasury Yield (Daily)
DGS10,2023-08-23,4.19,10-Year Treasury Yield (Daily)
DGS10,2023-08-24,4.23,10-Year Treasury Yield (Daily)
DGS10,2023-08-25,4.25,10-Year Treasury Yield (Daily)
DGS10,2023-08-28,4.2,10-Year Treasury Yield (Daily)
DGS10,2023-08-29,4.12,10-Year Treasury Yield (Daily)
DGS10,2023-08-30,4.12,10-Year Treasury Yield (Daily)
DGS10,2023-08-31,4.09,10-Year Treasury Yield (Daily)
DGS10,2023-09-01,4.18,10-Year Treasury Yield (Daily)
DGS10,2023-09-05,4.27,10-Year Treasury Yield (Daily)
DGS10,2023-09-06,4.3,10-Year Treasury Yield (Daily)
DGS10,2023-09-07,4.27,10-Year Treasury Yield (Daily)
DGS10,2023-09-08,4.26,10-Year Treasury Yield (Daily)
DGS10,2023-09-11,4.29,10-Year Treasury Yield (Daily)
DGS10,2023-09-12,4.27,10-Year Treasury Yield (Daily)
DGS10,2023-09-13,4.25,10-Year Treasury Yield (Daily)
DGS10,2023-09-14,4.29,10-Year Treasury Yield (Daily)
DGS10,2023-09-15,4.33,10-Year Treasury Yield (Daily)
DGS10,2023-09-18,4.32,10-Year Treasury Yield (Daily)
DGS10,2023-09-19,4.37,10-Year Treasury Yield (Daily)
DGS10,2023-09-20,4.35,10-Year Treasury Yield (Daily)
DGS10,2023-09-21,4.49,10-Year Treasury Yield (Daily)
DGS10,2023-09-22,4.44,10-Year Treasury Yield (Daily)
DGS10,2023-09-25,4.55,10-Year Treasury Yield (Daily)
DGS10,2023-09-26,4.56,10-Year Treasury Yield (Daily)
DGS10,2023-09-27,4.61,10-Year Treasury Yield (Daily)
DGS10,2023-09-28,4.59,10-Year Treasury Yield (Daily)
DGS10,2023-09-29,4.59,10-Year Treasury Yield (Daily)
DGS10,2023-10-02,4.69,10-Year Treasury Yield (Daily)
DGS10,2023-10-03,4.81,10-Year Treasury Yield (Daily)
DGS10,2023-10-04,4.73,10-Year Treasury Yield (Daily)
DGS10,2023-10-05,4.72,10-Year Treasury Yield (Daily)
DGS10,2023-10-06,4.78,10-Year Treasury Yield (Daily)
DGS10,2023-10-10,4.66,10-Year Treasury Yield (Daily)
DGS10,2023-10-11,4.58,10-Year Treasury Yield (Daily)
DGS10,2023-10-12,4.7,10-Year Treasury Yield (Daily)
DGS10,2023-10-13,4.63,10-Year Treasury Yield (Daily)
DGS10,2023-10-16,4.71,10-Year Treasury Yield (Daily)
DGS10,2023-10-17,4.83,10-Year Treasury Yield (Daily)
DGS10,2023-10-18,4.91,10-Year Treasury Yield (Daily)
DGS10,2023-10-19,4.98,10-Year Treasury Yield (Daily)
DGS10,2023-10-20,4.93,10-Year Treasury Yield (Daily)
DGS10,2023-10-23,4.86,10-Year Treasury Yield (Daily)
DGS10,2023-10-24,4.83,10-Year Treasury Yield (Daily)
DGS10,2023-10-25,4.95,10-Year Treasury Yield (Daily)
DGS10,2023-10-26,4.86,10-Year Treasury Yield (Daily)
DGS10,2023-10-27,4.84,10-Year Treasury Yield (Daily)
DGS10,2023-10-30,4.88,10-Year Treasury Yield (Daily)
DGS10,2023-10-31,4.88,10-Year Treasury Yield (Daily)
DGS10,2023-11-01,4.77,10-Year Treasury Yield (Daily)
DGS10,2023-11-02,4.67,10-Year Treasury Yield (Daily)
DGS10,2023-11-03,4.57,10-Year Treasury Yield (Daily)
DGS10,2023-11-06,4.67,10-Year Treasury Yield (Daily)
DGS10,2023-11-07,4.58,10-Year Treasury Yield (Daily)
DGS10,2023-11-08,4.49,10-Year Treasury Yield (Daily)
DGS10,2023-11-09,4.62,10-Year Treasury Yield (Daily)
DGS10,2023-11-10,4.61,10-Year Treasury Yield (Daily)
DGS10,2023-11-13,4.63,10-Year Treasury Yield (Daily)
DGS10,2023-11-14,4.44,10-Year Treasury Yield (Daily)
DGS10,2023-11-15,4.53,10-Year Treasury Yield (Daily)
DGS10,2023-11-16,4.45,10-Year Treasury Yield (Daily)
DGS10,2023-11-17,4.44,10-Year Treasury Yield (Daily)
DGS10,2023-11-20,4.42,10-Year Treasury Yield (Daily)
DGS10,2023-11-21,4.41,10-Year Treasury Yield (Daily)
DGS10,2023-11-22,4.42,10-Year Treasury Yield (Daily)
DGS10,2023-11-24,4.47,10-Year Treasury Yield (Daily)
DGS10,2023-11-27,4.39,10-Year Treasury Yield (Daily)
DGS10,2023-11-28,4.34,10-Year Treasury Yield (Daily)
DGS10,2023-11-29,4.27,10-Year Treasury Yield (Daily)
DGS10,2023-11-30,4.37,10-Year Treasury Yield (Daily)
DGS10,2023-12-01,4.22,10-Year Treasury Yield (Daily)
DGS10,2023-12-04,4.28,10-Year Treasury Yield (Daily)
DGS10,2023-12-05,4.18,10-Year Treasury Yield (Daily)
DGS10,2023-12-06,4.12,10-Year Treasury Yield (Daily)
DGS10,2023-12-07,4.14,10-Year Treasury Yield (Daily)
DGS10,2023-12-08,4.23,10-Year Treasury Yield (Daily)
DGS10,2023-12-11,4.23,10-Year Treasury Yield (Daily)
DGS10,2023-12-12,4.2,10-Year Treasury Yield (Daily)
DGS10,2023-12-13,4.04,10-Year Treasury Yield (Daily)
DGS10,2023-12-14,3.92,10-Year Treasury Yield (Daily)
DGS10,2023-12-15,3.91,10-Year Treasury Yield (Daily)
DGS10,2023-12-18,3.95,10-Year Treasury Yield (Daily)
DGS10,2023-12-19,3.93,10-Year Treasury Yield (Daily)
DGS10,2023-12-20,3.86,10-Year Treasury Yield (Daily)
DGS10,2023-12-21,3.89,10-Year Treasury Yield (Daily)
DGS10,2023-12-22,3.9,10-Year Treasury Yield (Daily)
DGS10,2023-12-26,3.89,10-Year Treasury Yield (Daily)
DGS10,2023-12-27,3.79,10-Year Treasury Yield (Daily)
DGS10,2023-12-28,3.84,10-Year Treasury Yield (Daily)
DGS10,2023-12-29,3.88,10-Year Treasury Yield (Daily)
DGS10,2024-01-02,3.95,10-Year Treasury Yield (Daily)
DGS10,2024-01-03,3.91,10-Year Treasury Yield (Daily)
DGS10,2024-01-04,3.99,10-Year Treasury Yield (Daily)
DGS10,2024-01-05,4.05,10-Year Treasury Yield (Daily)
DGS10,2024-01-08,4.01,10-Year Treasury Yield (Daily)
DGS10,2024-01-09,4.02,10-Year Treasury Yield (Daily)
DGS10,2024-01-10,4.04,10-Year Treasury Yield (Daily)
DGS10,2024-01-11,3.98,10-Year Treasury Yield (Daily)
DGS10,2024-01-12,3.96,10-Year Treasury Yield (Daily)
DGS10,2024-01-16,4.07,10-Year Treasury Yield (Daily)
DGS10,2024-01-17,4.1,10-Year Treasury Yield (Daily)
DGS10,2024-01-18,4.14,10-Year Treasury Yield (Daily)
DGS10,2024-01-19,4.15,10-Year Treasury Yield (Daily)
DGS10,2024-01-22,4.11,10-Year Treasury Yield (Daily)
DGS10,2024-01-23,4.14,10-Year Treasury Yield (Daily)
DGS10,2024-01-24,4.18,10-Year Treasury Yield (Daily)
DGS10,2024-01-25,4.14,10-Year Treasury Yield (Daily)
DGS10,2024-01-26,4.15,10-Year Treasury Yield (Daily)
DGS10,2024-01-29,4.08,10-Year Treasury Yield (Daily)
DGS10,2024-01-30,4.06,10-Year Treasury Yield (Daily)
DGS10,2024-01-31,3.99,10-Year Treasury Yield (Daily)
DGS10,2024-02-01,3.87,10-Year Treasury Yield (Daily)
DGS10,2024-02-02,4.03,10-Year Treasury Yield (Daily)
DGS10,2024-02-05,4.17,10-Year Treasury Yield (Daily)
DGS10,2024-02-06,4.09,10-Year Treasury Yield (Daily)
DGS10,2024-02-07,4.09,10-Year Treasury Yield (Daily)
DGS10,2024-02-08,4.15,10-Year Treasury Yield (Daily)
DGS10,2024-02-09,4.17,10-Year Treasury Yield (Daily)
DGS10,2024-02-12,4.17,10-Year Treasury Yield (Daily)
DGS10,2024-02-13,4.31,10-Year Treasury Yield (Daily)
DGS10,2024-02-14,4.27,10-Year Treasury Yield (Daily)
DGS10,2024-02-15,4.24,10-Year Treasury Yield (Daily)
DGS10,2024-02-16,4.3,10-Year Treasury Yield (Daily)
DGS10,2024-02-20,4.27,10-Year Treasury Yield (Daily)
DGS10,2024-02-21,4.32,10-Year Treasury Yield (Daily)
DGS10,2024-02-22,4.33,10-Year Treasury Yield (Daily)
DGS10,2024-02-23,4.26,10-Year Treasury Yield (Daily)
DGS10,2024-02-26,4.28,10-Year Treasury Yield (Daily)
DGS10,2024-02-27,4.31,10-Year Treasury Yield (Daily)
DGS10,2024-02-28,4.27,10-Year Treasury Yield (Daily)
DGS10,2024-02-29,4.25,10-Year Treasury Yield (Daily)
DGS10,2024-03-01,4.19,10-Year Treasury Yield (Daily)
DGS10,2024-03-04,4.22,10-Year Treasury Yield (Daily)
DGS10,2024-03-05,4.13,10-Year Treasury Yield (Daily)
DGS10,2024-03-06,4.11,10-Year Treasury Yield (Daily)
DGS10,2024-03-07,4.09,10-Year Treasury Yield (Daily)
DGS10,2024-03-08,4.09,10-Year Treasury Yield (Daily)
DGS10,2024-03-11,4.1,10-Year Treasury Yield (Daily)
DGS10,2024-03-12,4.16,10-Year Treasury Yield (Daily)
DGS10,2024-03-13,4.19,10-Year Treasury Yield (Daily)
DGS10,2024-03-14,4.29,10-Year Treasury Yield (Daily)
DGS10,2024-03-15,4.31,10-Year Treasury Yield (Daily)
DGS10,2024-03-18,4.34,10-Year Treasury Yield (Daily)
DGS10,2024-03-19,4.3,10-Year Treasury Yield (Daily)
DGS10,2024-03-20,4.27,10-Year Treasury Yield (Daily)
DGS10,2024-03-21,4.27,10-Year Treasury Yield (Daily)
DGS10,2024-03-22,4.22,10-Year Treasury Yield (Daily)
DGS10,2024-03-25,4.25,10-Year Treasury Yield (Daily)
DGS10,2024-03-26,4.24,10-Year Treasury Yield (Daily)
DGS10,2024-03-27,4.2,10-Year Treasury Yield (Daily)
DGS10,2024-03-28,4.2,10-Year Treasury Yield (Daily)
DGS10,2024-04-01,4.33,10-Year Treasury Yield (Daily)
DGS10,2024-04-02,4.36,10-Year Treasury Yield (Daily)
DGS10,2024-04-03,4.36,10-Year Treasury Yield (Daily)
DGS10,2024-04-04,4.31,10-Year Treasury Yield (Daily)
DGS10,2024-04-05,4.39,10-Year Treasury Yield (Daily)
DGS10,2024-04-08,4.42,10-Year Treasury Yield (Daily)
DGS10,2024-04-09,4.36,10-Year Treasury Yield (Daily)
DGS10,2024-04-10,4.55,10-Year Treasury Yield (Daily)
DGS10,2024-04-11,4.56,10-Year Treasury Yield (Daily)
DGS10,2024-04-12,4.5,10-Year Treasury Yield (Daily)
DGS10,2024-04-15,4.63,10-Year Treasury Yield (Daily)
DGS10,2024-04-16,4.67,10-Year Treasury Yield (Daily)
DGS10,2024-04-17,4.59,10-Year Treasury Yield (Daily)
DGS10,2024-04-18,4.64,10-Year Treasury Yield (Daily)
DGS10,2024-04-19,4.62,10-Year Treasury Yield (Daily)
DGS10,2024-04-22,4.62,10-Year Treasury Yield (Daily)
DGS10,2024-04-23,4.61,10-Year Treasury Yield (Daily)
DGS10,2024-04-24,4.65,10-Year Treasury Yield (Daily)
DGS10,2024-04-25,4.7,10-Year Treasury Yield (Daily)
DGS10,2024-04-26,4.67,10-Year Treasury Yield (Daily)
DGS10,2024-04-29,4.63,10-Year Treasury Yield (Daily)
DGS10,2024-04-30,4.69,10-Year Treasury Yield (Daily)
DGS10,2024-05-01,4.63,10-Year Treasury Yield (Daily)
DGS10,2024-05-02,4.58,10-Year Treasury Yield (Daily)
DGS10,2024-05-03,4.5,10-Year Treasury Yield (Daily)
DGS10,2024-05-06,4.49,10-Year Treasury Yield (Daily)
DGS10,2024-05-07,4.47,10-Year Treasury Yield (Daily)
DGS10,2024-05-08,4.48,10-Year Treasury Yield (Daily)
DGS10,2024-05-09,4.45,10-Year Treasury Yield (Daily)
DGS10,2024-05-10,4.5,10-Year Treasury Yield (Daily)
DGS10,2024-05-13,4.48,10-Year Treasury Yield (Daily)
DGS10,2024-05-14,4.45,10-Year Treasury Yield (Daily)
DGS10,2024-05-15,4.36,10-Year Treasury Yield (Daily)
DGS10,2024-05-16,4.38,10-Year Treasury Yield (Daily)
DGS10,2024-05-17,4.42,10-Year Treasury Yield (Daily)
DGS10,2024-05-20,4.44,10-Year Treasury Yield (Daily)
DGS10,2024-05-21,4.41,10-Year Treasury Yield (Daily)
DGS10,2024-05-22,4.43,10-Year Treasury Yield (Daily)
DGS10,2024-05-23,4.47,10-Year Treasury Yield (Daily)
DGS10,2024-05-24,4.46,10-Year Treasury Yield (Daily)
DGS10,2024-05-28,4.54,10-Year Treasury Yield (Daily)
DGS10,2024-05-29,4.61,10-Year Treasury Yield (Daily)
DGS10,2024-05-30,4.55,10-Year Treasury Yield (Daily)
DGS10,2024-05-31,4.51,10-Year Treasury Yield (Daily)
DGS10,2024-06-03,4.41,10-Year Treasury Yield (Daily)
DGS10,2024-06-04,4.33,10-Year Treasury Yield (Daily)
DGS10,2024-06-05,4.29,10-Year Treasury Yield (Daily)
DGS10,2024-06-06,4.28,10-Year Treasury Yield (Daily)
DGS10,2024-06-07,4.43,10-Year Treasury Yield (Daily)
DGS10,2024-06-10,4.47,10-Year Treasury Yield (Daily)
DGS10,2024-06-11,4.39,10-Year Treasury Yield (Daily)
DGS10,2024-06-12,4.31,10-Year Treasury Yield (Daily)
DGS10,2024-06-13,4.24,10-Year Treasury Yield (Daily)
DGS10,2024-06-14,4.2,10-Year Treasury Yield (Daily)
DGS10,2024-06-17,4.28,10-Year Treasury Yield (Daily)
DGS10,2024-06-18,4.22,10-Year Treasury Yield (Daily)
DGS10,2024-06-20,4.25,10-Year Treasury Yield (Daily)
DGS10,2024-06-21,4.25,10-Year Treasury Yield (Daily)
DGS10,2024-06-24,4.25,10-Year Treasury Yield (Daily)
DGS10,2024-06-25,4.23,10-Year Treasury Yield (Daily)
DGS10,2024-06-26,4.32,10-Year Treasury Yield (Daily)
DGS10,2024-06-27,4.29,10-Year Treasury Yield (Daily)
DGS10,2024-06-28,4.36,10-Year Treasury Yield (Daily)
DGS10,2024-07-01,4.48,10-Year Treasury Yield (Daily)
DGS10,2024-07-02,4.43,10-Year Treasury Yield (Daily)
DGS10,2024-07-03,4.36,10-Year Treasury Yield (Daily)
DGS10,2024-07-05,4.28,10-Year Treasury Yield (Daily)
DGS10,2024-07-08,4.28,10-Year Treasury Yield (Daily)
DGS10,2024-07-09,4.3,10-Year Treasury Yield (Daily)
DGS10,2024-07-10,4.28,10-Year Treasury Yield (Daily)
DGS10,2024-07-11,4.2,10-Year Treasury Yield (Daily)
DGS10,2024-07-12,4.18,10-Year Treasury Yield (Daily)
DGS10,2024-07-15,4.23,10-Year Treasury Yield (Daily)
DGS10,2024-07-16,4.17,10-Year Treasury Yield (Daily)
DGS10,2024-07-17,4.16,10-Year Treasury Yield (Daily)
DGS10,2024-07-18,4.2,10-Year Treasury Yield (Daily)
DGS10,2024-07-19,4.25,10-Year Treasury Yield (Daily)
DGS10,2024-07-22,4.26,10-Year Treasury Yield (Daily)
DGS10,2024-07-23,4.25,10-Year Treasury Yield (Daily)
DGS10,2024-07-24,4.28,10-Year Treasury Yield (Daily)
DGS10,2024-07-25,4.27,10-Year Treasury Yield (Daily)
DGS10,2024-07-26,4.2,10-Year Treasury Yield (Daily)
DGS10,2024-07-29,4.17,10-Year Treasury Yield (Daily)
DGS10,2024-07-30,4.15,10-Year Treasury Yield (Daily)
DGS10,2024-07-31,4.09,10-Year Treasury Yield (Daily)
DGS10,2024-08-01,3.99,10-Year Treasury Yield (Daily)
DGS10,2024-08-02,3.8,10-Year Treasury Yield (Daily)
DGS10,2024-08-05,3.78,10-Year Treasury Yield (Daily)
DGS10,2024-08-06,3.9,10-Year Treasury Yield (Daily)
DGS10,2024-08-07,3.96,10-Year Treasury Yield (Daily)
DGS10,2024-08-08,3.99,10-Year Treasury Yield (Daily)
DGS10,2024-08-09,3.94,10-Year Treasury Yield (Daily)
DGS10,2024-08-12,3.9,10-Year Treasury Yield (Daily)
DGS10,2024-08-13,3.85,10-Year Treasury Yield (Daily)
DGS10,2024-08-14,3.83,10-Year Treasury Yield (Daily)
DGS10,2024-08-15,3.92,10-Year Treasury Yield (Daily)
DGS10,2024-08-16,3.89,10-Year Treasury Yield (Daily)
DGS10,2024-08-19,3.86,10-Year Treasury Yield (Daily)
DGS10,2024-08-20,3.82,10-Year Treasury Yield (Daily)
DGS10,2024-08-21,3.79,10-Year Treasury Yield (Daily)
DGS10,2024-08-22,3.86,10-Year Treasury Yield (Daily)
DGS10,2024-08-23,3.81,10-Year Treasury Yield (Daily)
DGS10,2024-08-26,3.82,10-Year Treasury Yield (Daily)
DGS10,2024-08-27,3.83,10-Year Treasury Yield (Daily)
DGS10,2024-08-28,3.84,10-Year Treasury Yield (Daily)
DGS10,2024-08-29,3.87,10-Year Treasury Yield (Daily)
DGS10,2024-08-30,3.91,10-Year Treasury Yield (Daily)
DGS10,2024-09-03,3.84,10-Year Treasury Yield (Daily)
DGS10,2024-09-04,3.77,10-Year Treasury Yield (Daily)
DGS10,2024-09-05,3.73,10-Year Treasury Yield (Daily)
DGS10,2024-09-06,3.72,10-Year Treasury Yield (Daily)
DGS10,2024-09-09,3.7,10-Year Treasury Yield (Daily)
DGS10,2024-09-10,3.65,10-Year Treasury Yield (Daily)
DGS10,2024-09-11,3.65,10-Year Treasury Yield (Daily)
DGS10,2024-09-12,3.68,10-Year Treasury Yield (Daily)
DGS10,2024-09-13,3.66,10-Year Treasury Yield (Daily)
DGS10,2024-09-16,3.63,10-Year Treasury Yield (Daily)
DGS10,2024-09-17,3.65,10-Year Treasury Yield (Daily)
DGS10,2024-09-18,3.7,10-Year Treasury Yield (Daily)
DGS10,2024-09-19,3.73,10-Year Treasury Yield (Daily)
DGS10,2024-09-20,3.73,10-Year Treasury Yield (Daily)
DGS10,2024-09-23,3.75,10-Year Treasury Yield (Daily)
DGS10,2024-09-24,3.74,10-Year Treasury Yield (Daily)
DGS10,2024-09-25,3.79,10-Year Treasury Yield (Daily)
DGS10,2024-09-26,3.79,10-Year Treasury Yield (Daily)
DGS10,2024-09-27,3.75,10-Year Treasury Yield (Daily)
DGS10,2024-09-30,3.81,10-Year Treasury Yield (Daily)
DGS10,2024-10-01,3.74,10-Year Treasury Yield (Daily)
DGS10,2024-10-02,3.79,10-Year Treasury Yield (Daily)
DGS10,2024-10-03,3.85,10-Year Treasury Yield (Daily)
DGS10,2024-10-04,3.98,10-Year Treasury Yield (Daily)
DGS10,2024-10-07,4.03,10-Year Treasury Yield (Daily)
DGS10,2024-10-08,4.04,10-Year Treasury Yield (Daily)
DGS10,2024-10-09,4.06,10-Year Treasury Yield (Daily)
DGS10,2024-10-10,4.09,10-Year Treasury Yield (Daily)
DGS10,2024-10-11,4.08,10-Year Treasury Yield (Daily)
DGS10,2024-10-15,4.03,10-Year Treasury Yield (Daily)
DGS10,2024-10-16,4.02,10-Year Treasury Yield (Daily)
DGS10,2024-10-17,4.09,10-Year Treasury Yield (Daily)
DGS10,2024-10-18,4.08,10-Year Treasury Yield (Daily)
DGS10,2024-10-21,4.19,10-Year Treasury Yield (Daily)
DGS10,2024-10-22,4.2,10-Year Treasury Yield (Daily)
DGS10,2024-10-23,4.24,10-Year Treasury Yield (Daily)
DGS10,2024-10-24,4.21,10-Year Treasury Yield (Daily)
DGS10,2024-10-25,4.25,10-Year Treasury Yield (Daily)
DGS10,2024-10-28,4.28,10-Year Treasury Yield (Daily)
DGS10,2024-10-29,4.28,10-Year Treasury Yield (Daily)
DGS10,2024-10-30,4.29,10-Year Treasury Yield (Daily)
DGS10,2024-10-31,4.28,10-Year Treasury Yield (Daily)
DGS10,2024-11-01,4.37,10-Year Treasury Yield (Daily)
DGS10,2024-11-04,4.31,10-Year Treasury Yield (Daily)
DGS10,2024-11-05,4.26,10-Year Treasury Yield (Daily)
DGS10,2024-11-06,4.42,10-Year Treasury Yield (Daily)
DGS10,2024-11-07,4.31,10-Year Treasury Yield (Daily)
DGS10,2024-11-08,4.3,10-Year Treasury Yield (Daily)
DGS10,2024-11-12,4.43,10-Year Treasury Yield (Daily)
DGS10,2024-11-13,4.44,10-Year Treasury Yield (Daily)
DGS10,2024-11-14,4.43,10-Year Treasury Yield (Daily)
DGS10,2024-11-15,4.43,10-Year Treasury Yield (Daily)
DGS10,2024-11-18,4.42,10-Year Treasury Yield (Daily)
DGS10,2024-11-19,4.39,10-Year Treasury Yield (Daily)
DGS10,2024-11-20,4.41,10-Year Treasury Yield (Daily)
DGS10,2024-11-21,4.43,10-Year Treasury Yield (Daily)
DGS10,2024-11-22,4.41,10-Year Treasury Yield (Daily)
DGS10,2024-11-25,4.27,10-Year Treasury Yield (Daily)
DGS10,2024-11-26,4.3,10-Year Treasury Yield (Daily)
DGS10,2024-11-27,4.25,10-Year Treasury Yield (Daily)
DGS10,2024-11-29,4.18,10-Year Treasury Yield (Daily)
DGS10,2024-12-02,4.19,10-Year Treasury Yield (Daily)
DGS10,2024-12-03,4.23,10-Year Treasury Yield (Daily)
DGS10,2024-12-04,4.19,10-Year Treasury Yield (Daily)
DGS10,2024-12-05,4.17,10-Year Treasury Yield (Daily)
DGS10,2024-12-06,4.15,10-Year Treasury Yield (Daily)
DGS10,2024-12-09,4.2,10-Year Treasury Yield (Daily)
DGS10,2024-12-10,4.22,10-Year Treasury Yield (Daily)
DGS10,2024-12-11,4.26,10-Year Treasury Yield (Daily)
DGS10,2024-12-12,4.32,10-Year Treasury Yield (Daily)
DGS10,2024-12-13,4.4,10-Year Treasury Yield (Daily)
DGS10,2024-12-16,4.39,10-Year Treasury Yield (Daily)
DGS10,2024-12-17,4.4,10-Year Treasury Yield (Daily)
DGS10,2024-12-18,4.5,10-Year Treasury Yield (Daily)
DGS10,2024-12-19,4.57,10-Year Treasury Yield (Daily)
DGS10,2024-12-20,4.52,10-Year Treasury Yield (Daily)
DGS10,2024-12-23,4.59,10-Year Treasury Yield (Daily)
DGS10,2024-12-24,4.59,10-Year Treasury Yield (Daily)
DGS10,2024-12-26,4.58,10-Year Treasury Yield (Daily)
DGS10,2024-12-27,4.62,10-Year Treasury Yield (Daily)
DGS10,2024-12-30,4.55,10-Year Treasury Yield (Daily)
DGS10,2024-12-31,4.58,10-Year Treasury Yield (Daily)
DGS10,2025-01-02,4.57,10-Year Treasury Yield (Daily)
DGS10,2025-01-03,4.6,10-Year Treasury Yield (Daily)
DGS10,2025-01-06,4.62,10-Year Treasury Yield (Daily)
DGS10,2025-01-07,4.67,10-Year Treasury Yield (Daily)
DGS10,2025-01-08,4.67,10-Year Treasury Yield (Daily)
DGS10,2025-01-09,4.68,10-Year Treasury Yield (Daily)
DGS10,2025-01-10,4.77,10-Year Treasury Yield (Daily)
DGS10,2025-01-13,4.79,10-Year Treasury Yield (Daily)
DGS10,2025-01-14,4.78,10-Year Treasury Yield (Daily)
DGS10,2025-01-15,4.66,10-Year Treasury Yield (Daily)
DGS10,2025-01-16,4.61,10-Year Treasury Yield (Daily)
DGS10,2025-01-17,4.61,10-Year Treasury Yield (Daily)
DGS10,2025-01-21,4.57,10-Year Treasury Yield (Daily)
DGS10,2025-01-22,4.6,10-Year Treasury Yield (Daily)
DGS10,2025-01-23,4.65,10-Year Treasury Yield (Daily)
DGS10,2025-01-24,4.63,10-Year Treasury Yield (Daily)
DGS10,2025-01-27,4.53,10-Year Treasury Yield (Daily)
DGS10,2025-01-28,4.55,10-Year Treasury Yield (Daily)
DGS10,2025-01-29,4.55,10-Year Treasury Yield (Daily)
DGS10,2025-01-30,4.52,10-Year Treasury Yield (Daily)
DGS10,2025-01-31,4.58,10-Year Treasury Yield (Daily)
DGS10,2025-02-03,4.54,10-Year Treasury Yield (Daily)
DGS10,2025-02-04,4.52,10-Year Treasury Yield (Daily)
DGS10,2025-02-05,4.43,10-Year Treasury Yield (Daily)
DGS10,2025-02-06,4.45,10-Year Treasury Yield (Daily)
DGS10,2025-02-07,4.49,10-Year Treasury Yield (Daily)
DGS10,2025-02-10,4.51,10-Year Treasury Yield (Daily)
DGS10,2025-02-11,4.54,10-Year Treasury Yield (Daily)
DGS10,2025-02-12,4.62,10-Year Treasury Yield (Daily)
DGS10,2025-02-13,4.52,10-Year Treasury Yield (Daily)
DGS10,2025-02-14,4.47,10-Year Treasury Yield (Daily)
DGS10,2025-02-18,4.55,10-Year Treasury Yield (Daily)
DGS10,2025-02-19,4.53,10-Year Treasury Yield (Daily)
DGS10,2025-02-20,4.5,10-Year Treasury Yield (Daily)
DGS10,2025-02-21,4.42,10-Year Treasury Yield (Daily)
DGS10,2025-02-24,4.4,10-Year Treasury Yield (Daily)
DGS10,2025-02-25,4.3,10-Year Treasury Yield (Daily)
DGS10,2025-02-26,4.25,10-Year Treasury Yield (Daily)
DGS10,2025-02-27,4.29,10-Year Treasury Yield (Daily)
DGS10,2025-02-28,4.24,10-Year Treasury Yield (Daily)
DGS10,2025-03-03,4.16,10-Year Treasury Yield (Daily)
DGS10,2025-03-04,4.22,10-Year Treasury Yield (Daily)
DGS10,2025-03-05,4.28,10-Year Treasury Yield (Daily)
DGS10,2025-03-06,4.29,10-Year Treasury Yield (Daily)
DGS10,2025-03-07,4.32,10-Year Treasury Yield (Daily)
DGS10,2025-03-10,4.22,10-Year Treasury Yield (Daily)
DGS10,2025-03-11,4.28,10-Year Treasury Yield (Daily)
DGS10,2025-03-12,4.32,10-Year Treasury Yield (Daily)
DGS10,2025-03-13,4.27,10-Year Treasury Yield (Daily)
DGS10,2025-03-14,4.31,10-Year Treasury Yield (Daily)
DGS10,2025-03-17,4.31,10-Year Treasury Yield (Daily)
DGS10,2025-03-18,4.29,10-Year Treasury Yield (Daily)
DGS10,2025-03-19,4.25,10-Year Treasury Yield (Daily)
DGS10,2025-03-20,4.24,10-Year Treasury Yield (Daily)
DGS10,2025-03-21,4.25,10-Year Treasury Yield (Daily)
DGS10,2025-03-24,4.34,10-Year Treasury Yield (Daily)
DGS10,2025-03-25,4.31,10-Year Treasury Yield (Daily)
DGS10,2025-03-26,4.35,10-Year Treasury Yield (Daily)
DGS10,2025-03-27,4.38,10-Year Treasury Yield (Daily)
DGS10,2025-03-28,4.27,10-Year Treasury Yield (Daily)
DGS10,2025-03-31,4.23,10-Year Treasury Yield (Daily)
DGS10,2025-04-01,4.17,10-Year Treasury Yield (Daily)
DGS10,2025-04-02,4.2,10-Year Treasury Yield (Daily)
DGS10,2025-04-03,4.06,10-Year Treasury Yield (Daily)
DGS10,2025-04-04,4.01,10-Year Treasury Yield (Daily)
DGS10,2025-04-07,4.15,10-Year Treasury Yield (Daily)
DGS10,2025-04-08,4.26,10-Year Treasury Yield (Daily)
DGS10,2025-04-09,4.34,10-Year Treasury Yield (Daily)
DGS10,2025-04-10,4.4,10-Year Treasury Yield (Daily)
DGS10,2025-04-11,4.48,10-Year Treasury Yield (Daily)
DGS10,2025-04-14,4.38,10-Year Treasury Yield (Daily)
DGS10,2025-04-15,4.35,10-Year Treasury Yield (Daily)
DGS10,2025-04-16,4.29,10-Year Treasury Yield (Daily)
DGS10,2025-04-17,4.34,10-Year Treasury Yield (Daily)
DGS10,2025-04-21,4.42,10-Year Treasury Yield (Daily)
DGS10,2025-04-22,4.41,10-Year Treasury Yield (Daily)
DGS10,2025-04-23,4.4,10-Year Treasury Yield (Daily)
DGS10,2025-04-24,4.32,10-Year Treasury Yield (Daily)
DGS10,2025-04-25,4.29,10-Year Treasury Yield (Daily)
DGS10,2025-04-28,4.23,10-Year Treasury Yield (Daily)
DGS10,2025-04-29,4.19,10-Year Treasury Yield (Daily)
DGS10,2025-04-30,4.17,10-Year Treasury Yield (Daily)
DGS10,2025-05-01,4.25,10-Year Treasury Yield (Daily)
DGS10,2025-05-02,4.33,10-Year Treasury Yield (Daily)
DGS10,2025-05-05,4.36,10-Year Treasury Yield (Daily)
DGS10,2025-05-06,4.3,10-Year Treasury Yield (Daily)
DGS10,2025-05-07,4.26,10-Year Treasury Yield (Daily)
DGS10,2025-05-08,4.37,10-Year Treasury Yield (Daily)
DGS10,2025-05-09,4.37,10-Year Treasury Yield (Daily)
DGS10,2025-05-12,4.45,10-Year Treasury Yield (Daily)
DGS10,2025-05-13,4.49,10-Year Treasury Yield (Daily)
DGS10,2025-05-14,4.53,10-Year Treasury Yield (Daily)
DGS10,2025-05-15,4.45,10-Year Treasury Yield (Daily)
DGS10,2025-05-16,4.43,10-Year Treasury Yield (Daily)
DGS10,2025-05-19,4.46,10-Year Treasury Yield (Daily)
DGS10,2025-05-20,4.48,10-Year Treasury Yield (Daily)
DGS10,2025-05-21,4.58,10-Year Treasury Yield (Daily)
DGS10,2025-05-22,4.54,10-Year Treasury Yield (Daily)
DGS10,2025-05-23,4.51,10-Year Treasury Yield (Daily)
DGS10,2025-05-27,4.43,10-Year Treasury Yield (Daily)
DGS10,2025-05-28,4.47,10-Year Treasury Yield (Daily)
DGS10,2025-05-29,4.43,10-Year Treasury Yield (Daily)
DGS10,2025-05-30,4.41,10-Year Treasury Yield (Daily)
DGS10,2025-06-02,4.46,10-Year Treasury Yield (Daily)
DGS10,2025-06-03,4.46,10-Year Treasury Yield (Daily)
DGS10,2025-06-04,4.37,10-Year Treasury Yield (Daily)
DGS10,2025-06-05,4.4,10-Year Treasury Yield (Daily)
DGS10,2025-06-06,4.51,10-Year Treasury Yield (Daily)
DGS10,2025-06-09,4.49,10-Year Treasury Yield (Daily)
DGS10,2025-06-10,4.47,10-Year Treasury Yield (Daily)
DGS10,2025-06-11,4.41,10-Year Treasury Yield (Daily)
DGS10,2025-06-12,4.36,10-Year Treasury Yield (Daily)
DGS10,2025-06-13,4.41,10-Year Treasury Yield (Daily)
DGS10,2025-06-16,4.46,10-Year Treasury Yield (Daily)
DGS10,2025-06-17,4.39,10-Year Treasury Yield (Daily)
DGS10,2025-06-18,4.38,10-Year Treasury Yield (Daily)
DGS10,2025-06-20,4.38,10-Year Treasury Yield (Daily)
DGS10,2025-06-23,4.34,10-Year Treasury Yield (Daily)
DGS10,2025-06-24,4.3,10-Year Treasury Yield (Daily)
DGS10,2025-06-25,4.29,10-Year Treasury Yield (Daily)
DGS10,2025-06-26,4.26,10-Year Treasury Yield (Daily)
DGS10,2025-06-27,4.29,10-Year Treasury Yield (Daily)
DGS10,2025-06-30,4.24,10-Year Treasury Yield (Daily)
SP500,2020-01-02,3257.85,S&P 500 Index (Daily)
SP500,2020-01-03,3234.85,S&P 500 Index (Daily)
SP500,2020-01-06,3246.28,S&P 500 Index (Daily)
SP500,2020-01-07,3237.18,S&P 500 Index (Daily)
SP500,2020-01-08,3253.05,S&P 500 Index (Daily)
SP500,2020-01-09,3274.7,S&P 500 Index (Daily)
SP500,2020-01-10,3265.35,S&P 500 Index (Daily)
SP500,2020-01-13,3288.13,S&P 500 Index (Daily)
SP500,2020-01-14,3283.15,S&P 500 Index (Daily)
SP500,2020-01-15,3289.29,S&P 500 Index (Daily)
SP500,2020-01-16,3316.81,S&P 500 Index (Daily)
SP500,2020-01-17,3329.62,S&P 500 Index (Daily)
SP500,2020-01-21,3320.79,S&P 500 Index (Daily)
SP500,2020-01-22,3321.75,S&P 500 Index (Daily)
SP500,2020-01-23,3325.54,S&P 500 Index (Daily)
SP500,2020-01-24,3295.47,S&P 500 Index (Daily)
SP500,2020-01-27,3243.63,S&P 500 Index (Daily)
SP500,2020-01-28,3276.24,S&P 500 Index (Daily)
SP500,2020-01-29,3273.4,S&P 500 Index (Daily)
SP500,2020-01-30,3283.66,S&P 500 Index (Daily)
SP500,2020-01-31,3225.52,S&P 500 Index (Daily)
SP500,2020-02-03,3248.92,S&P 500 Index (Daily)
SP500,2020-02-04,3297.59,S&P 500 Index (Daily)
SP500,2020-02-05,3334.69,S&P 500 Index (Daily)
SP500,2020-02-06,3345.78,S&P 500 Index (Daily)
SP500,2020-02-07,3327.71,S&P 500 Index (Daily)
SP500,2020-02-10,3352.09,S&P 500 Index (Daily)
SP500,2020-02-11,3357.75,S&P 500 Index (Daily)
SP500,2020-02-12,3379.45,S&P 500 Index (Daily)
SP500,2020-02-13,3373.94,S&P 500 Index (Daily)
SP500,2020-02-14,3380.16,S&P 500 Index (Daily)
SP500,2020-02-18,3370.29,S&P 500 Index (Daily)
SP500,2020-02-19,3386.15,S&P 500 Index (Daily)
SP500,2020-02-20,3373.23,S&P 500 Index (Daily)
SP500,2020-02-21,3337.75,S&P 500 Index (Daily)
SP500,2020-02-24,3225.89,S&P 500 Index (Daily)
SP500,2020-02-25,3128.21,S&P 500 Index (Daily)
SP500,2020-02-26,3116.39,S&P 500 Index (Daily)
SP500,2020-02-27,2978.76,S&P 500 Index (Daily)
SP500,2020-02-28,2954.22,S&P 500 Index (Daily)
SP500,2020-03-02,3090.23,S&P 500 Index (Daily)
SP500,2020-03-03,3003.37,S&P 500 Index (Daily)
SP500,2020-03-04,3130.12,S&P 500 Index (Daily)
SP500,2020-03-05,3023.94,S&P 500 Index (Daily)
SP500,2020-03-06,2972.37,S&P 500 Index (Daily)
SP500,2020-03-09,2746.56,S&P 500 Index (Daily)
SP500,2020-03-10,2882.23,S&P 500 Index (Daily)
SP500,2020-03-11,2741.38,S&P 500 Index (Daily)
SP500,2020-03-12,2480.64,S&P 500 Index (Daily)
SP500,2020-03-13,2711.02,S&P 500 Index (Daily)
SP500,2020-03-16,2386.13,S&P 500 Index (Daily)
SP500,2020-03-17,2529.19,S&P 500 Index (Daily)
SP500,2020-03-18,2398.1,S&P 500 Index (Daily)
SP500,2020-03-19,2409.39,S&P 500 Index (Daily)
SP500,2020-03-20,2304.92,S&P 500 Index (Daily)
SP500,2020-03-23,2237.4,S&P 500 Index (Daily)
SP500,2020-03-24,2447.33,S&P 500 Index (Daily)
SP500,2020-03-25,2475.56,S&P 500 Index (Daily)
SP500,2020-03-26,2630.07,S&P 500 Index (Daily)
SP500,2020-03-27,2541.47,S&P 500 Index (Daily)
SP500,2020-03-30,2626.65,S&P 500 Index (Daily)
SP500,2020-03-31,2584.59,S&P 500 Index (Daily)
SP500,2020-04-01,2470.5,S&P 500 Index (Daily)
SP500,2020-04-02,2526.9,S&P 500 Index (Daily)
SP500,2020-04-03,2488.65,S&P 500 Index (Daily)
SP500,2020-04-06,2663.68,S&P 500 Index (Daily)
SP500,2020-04-07,2659.41,S&P 500 Index (Daily)
SP500,2020-04-08,2749.98,S&P 500 Index (Daily)
SP500,2020-04-09,2789.82,S&P 500 Index (Daily)
SP500,2020-04-13,2761.63,S&P 500 Index (Daily)
SP500,2020-04-14,2846.06,S&P 500 Index (Daily)
SP500,2020-04-15,2783.36,S&P 500 Index (Daily)
SP500,2020-04-16,2799.55,S&P 500 Index (Daily)
SP500,2020-04-17,2874.56,S&P 500 Index (Daily)
SP500,2020-04-20,2823.16,S&P 500 Index (Daily)
SP500,2020-04-21,2736.56,S&P 500 Index (Daily)
SP500,2020-04-22,2799.31,S&P 500 Index (Daily)
SP500,2020-04-23,2797.8,S&P 500 Index (Daily)
SP500,2020-04-24,2836.74,S&P 500 Index (Daily)
SP500,2020-04-27,2878.48,S&P 500 Index (Daily)
SP500,2020-04-28,2863.39,S&P 500 Index (Daily)
SP500,2020-04-29,2939.51,S&P 500 Index (Daily)
SP500,2020-04-30,2912.43,S&P 500 Index (Daily)
SP500,2020-05-01,2830.71,S&P 500 Index (Daily)
SP500,2020-05-04,2842.74,S&P 500 Index (Daily)
SP500,2020-05-05,2868.44,S&P 500 Index (Daily)
SP500,2020-05-06,2848.42,S&P 500 Index (Daily)
SP500,2020-05-07,2881.19,S&P 500 Index (Daily)
SP500,2020-05-08,2929.8,S&P 500 Index (Daily)
SP500,2020-05-11,2930.32,S&P 500 Index (Daily)
SP500,2020-05-12,2870.12,S&P 500 Index (Daily)
SP500,2020-05-13,2820.0,S&P 500 Index (Daily)
SP500,2020-05-14,2852.5,S&P 500 Index (Daily)
SP500,2020-05-15,2863.7,S&P 500 Index (Daily)
SP500,2020-05-18,2953.91,S&P 500 Index (Daily)
SP500,2020-05-19,2922.94,S&P 500 Index (Daily)
SP500,2020-05-20,2971.61,S&P 500 Index (Daily)
SP500,2020-05-21,2948.51,S&P 500 Index (Daily)
SP500,2020-05-22,2955.45,S&P 500 Index (Daily)
SP500,2020-05-26,2991.77,S&P 500 Index (Daily)
SP500,2020-05-27,3036.13,S&P 500 Index (Daily)
SP500,2020-05-28,3029.73,S&P 500 Index (Daily)
SP500,2020-05-29,3044.31,S&P 500 Index (Daily)
SP500,2020-06-01,3055.73,S&P 500 Index (Daily)
SP500,2020-06-02,3080.82,S&P 500 Index (Daily)
SP500,2020-06-03,3122.87,S&P 500 Index (Daily)
SP500,2020-06-04,3112.35,S&P 500 Index (Daily)
SP500,2020-06-05,3193.93,S&P 500 Index (Daily)
SP500,2020-06-08,3232.39,S&P 500 Index (Daily)
SP500,2020-06-09,3207.18,S&P 500 Index (Daily)
SP500,2020-06-10,3190.14,S&P 500 Index (Daily)
SP500,2020-06-11,3002.1,S&P 500 Index (Daily)
SP500,2020-06-12,3041.31,S&P 500 Index (Daily)
SP500,2020-06-15,3066.59,S&P 500 Index (Daily)
SP500,2020-06-16,3124.74,S&P 500 Index (Daily)
SP500,2020-06-17,3113.49,S&P 500 Index (Daily)
SP500,2020-06-18,3115.34,S&P 500 Index (Daily)
SP500,2020-06-19,3097.74,S&P 500 Index (Daily)
SP500,2020-06-22,3117.86,S&P 500 Index (Daily)
SP500,2020-06-23,3131.29,S&P 500 Index (Daily)
SP500,2020-06-24,3050.33,S&P 500 Index (Daily)
SP500,2020-06-25,3083.76,S&P 500 Index (Daily)
SP500,2020-06-26,3009.05,S&P 500 Index (Daily)
SP500,2020-06-29,3053.24,S&P 500 Index (Daily)
SP500,2020-06-30,3100.29,S&P 500 Index (Daily)
SP500,2020-07-01,3115.86,S&P 500 Index (Daily)
SP500,2020-07-02,3130.01,S&P 500 Index (Daily)
SP500,2020-07-06,3179.72,S&P 500 Index (Daily)
SP500,2020-07-07,3145.32,S&P 500 Index (Daily)
SP500,2020-07-08,3169.94,S&P 500 Index (Daily)
SP500,2020-07-09,3152.05,S&P 500 Index (Daily)
SP500,2020-07-10,3185.04,S&P 500 Index (Daily)
SP500,2020-07-13,3155.22,S&P 500 Index (Daily)
SP500,2020-07-14,3197.52,S&P 500 Index (Daily)
SP500,2020-07-15,3226.56,S&P 500 Index (Daily)
SP500,2020-07-16,3215.57,S&P 500 Index (Daily)
SP500,2020-07-17,3224.73,S&P 500 Index (Daily)
SP500,2020-07-20,3251.84,S&P 500 Index (Daily)
SP500,2020-07-21,3257.3,S&P 500 Index (Daily)
SP500,2020-07-22,3276.02,S&P 500 Index (Daily)
SP500,2020-07-23,3235.66,S&P 500 Index (Daily)
SP500,2020-07-24,3215.63,S&P 500 Index (Daily)
SP500,2020-07-27,3239.41,S&P 500 Index (Daily)
SP500,2020-07-28,3218.44,S&P 500 Index (Daily)
SP500,2020-07-29,3258.44,S&P 500 Index (Daily)
SP500,2020-07-30,3246.22,S&P 500 Index (Daily)
SP500,2020-07-31,3271.12,S&P 500 Index (Daily)
SP500,2020-08-03,3294.61,S&P 500 Index (Daily)
SP500,2020-08-04,3306.51,S&P 500 Index (Daily)
SP500,2020-08-05,3327.77,S&P 500 Index (Daily)
SP500,2020-08-06,3349.16,S&P 500 Index (Daily)
SP500,2020-08-07,3351.28,S&P 500 Index (Daily)
SP500,2020-08-10,3360.47,S&P 500 Index (Daily)
SP500,2020-08-11,3333.69,S&P 500 Index (Daily)
SP500,2020-08-12,3380.35,S&P 500 Index (Daily)
SP500,2020-08-13,3373.43,S&P 500 Index (Daily)
SP500,2020-08-14,3372.85,S&P 500 Index (Daily)
SP500,2020-08-17,3381.99,S&P 500 Index (Daily)
SP500,2020-08-18,3389.78,S&P 500 Index (Daily)
SP500,2020-08-19,3374.85,S&P 500 Index (Daily)
SP500,2020-08-20,3385.51,S&P 500 Index (Daily)
SP500,2020-08-21,3397.16,S&P 500 Index (Daily)
SP500,2020-08-24,3431.28,S&P 500 Index (Daily)
SP500,2020-08-25,3443.62,S&P 500 Index (Daily)
SP500,2020-08-26,3478.73,S&P 500 Index (Daily)
SP500,2020-08-27,3484.55,S&P 500 Index (Daily)
SP500,2020-08-28,3508.01,S&P 500 Index (Daily)
SP500,2020-08-31,3500.31,S&P 500 Index (Daily)
SP500,2020-09-01,3526.65,S&P 500 Index (Daily)
SP500,2020-09-02,3580.84,S&P 500 Index (Daily)
SP500,2020-09-03,3455.06,S&P 500 Index (Daily)
SP500,2020-09-04,3426.96,S&P 500 Index (Daily)
SP500,2020-09-08,3331.84,S&P 500 Index (Daily)
SP500,2020-09-09,3398.96,S&P 500 Index (Daily)
SP500,2020-09-10,3339.19,S&P 500 Index (Daily)
SP500,2020-09-11,3340.97,S&P 500 Index (Daily)
SP500,2020-09-14,3383.54,S&P 500 Index (Daily)
SP500,2020-09-15,3401.2,S&P 500 Index (Daily)
SP500,2020-09-16,3385.49,S&P 500 Index (Daily)
SP500,2020-09-17,3357.01,S&P 500 Index (Daily)
SP500,2020-09-18,3319.47,S&P 500 Index (Daily)
SP500,2020-09-21,3281.06,S&P 500 Index (Daily)
SP500,2020-09-22,3315.57,S&P 500 Index (Daily)
SP500,2020-09-23,3236.92,S&P 500 Index (Daily)
SP500,2020-09-24,3246.59,S&P 500 Index (Daily)
SP500,2020-09-25,3298.46,S&P 500 Index (Daily)
SP500,2020-09-28,3351.6,S&P 500 Index (Daily)
SP500,2020-09-29,3335.47,S&P 500 Index (Daily)
SP500,2020-09-30,3363.0,S&P 500 Index (Daily)
SP500,2020-10-01,3380.8,S&P 500 Index (Daily)
SP500,2020-10-02,3348.44,S&P 500 Index (Daily)
SP500,2020-10-05,3408.63,S&P 500 Index (Daily)
SP500,2020-10-06,3360.95,S&P 500 Index (Daily)
SP500,2020-10-07,3419.45,S&P 500 Index (Daily)
SP500,2020-10-08,3446.83,S&P 500 Index (Daily)
SP500,2020-10-09,3477.13,S&P 500 Index (Daily)
SP500,2020-10-12,3534.22,S&P 500 Index (Daily)
SP500,2020-10-13,3511.93,S&P 500 Index (Daily)
SP500,2020-10-14,3488.67,S&P 500 Index (Daily)
SP500,2020-10-15,3483.34,S&P 500 Index (Daily)
SP500,2020-10-16,3483.81,S&P 500 Index (Daily)
SP500,2020-10-19,3426.92,S&P 500 Index (Daily)
SP500,2020-10-20,3443.12,S&P 500 Index (Daily)
SP500,2020-10-21,3435.56,S&P 500 Index (Daily)
SP500,2020-10-22,3453.49,S&P 500 Index (Daily)
SP500,2020-10-23,3465.39,S&P 500 Index (Daily)
SP500,2020-10-26,3400.97,S&P 500 Index (Daily)
SP500,2020-10-27,3390.68,S&P 500 Index (Daily)
SP500,2020-10-28,3271.03,S&P 500 Index (Daily)
SP500,2020-10-29,3310.11,S&P 500 Index (Daily)
SP500,2020-10-30,3269.96,S&P 500 Index (Daily)
SP500,2020-11-02,3310.24,S&P 500 Index (Daily)
SP500,2020-11-03,3369.16,S&P 500 Index (Daily)
SP500,2020-11-04,3443.44,S&P 500 Index (Daily)
SP500,2020-11-05,3510.45,S&P 500 Index (Daily)
SP500,2020-11-06,3509.44,S&P 500 Index (Daily)
SP500,2020-11-09,3550.5,S&P 500 Index (Daily)
SP500,2020-11-10,3545.53,S&P 500 Index (Daily)
SP500,2020-11-11,3572.66,S&P 500 Index (Daily)
SP500,2020-11-12,3537.01,S&P 500 Index (Daily)
SP500,2020-11-13,3585.15,S&P 500 Index (Daily)
SP500,2020-11-16,3626.91,S&P 500 Index (Daily)
SP500,2020-11-17,3609.53,S&P 500 Index (Daily)
SP500,2020-11-18,3567.79,S&P 500 Index (Daily)
SP500,2020-11-19,3581.87,S&P 500 Index (Daily)
SP500,2020-11-20,3557.54,S&P 500 Index (Daily)
SP500,2020-11-23,3577.59,S&P 500 Index (Daily)
SP500,2020-11-24,3635.41,S&P 500 Index (Daily)
SP500,2020-11-25,3629.65,S&P 500 Index (Daily)
SP500,2020-11-27,3638.35,S&P 500 Index (Daily)
SP500,2020-11-30,3621.63,S&P 500 Index (Daily)
SP500,2020-12-01,3662.45,S&P 500 Index (Daily)
SP500,2020-12-02,3669.01,S&P 500 Index (Daily)
SP500,2020-12-03,3666.72,S&P 500 Index (Daily)
SP500,2020-12-04,3699.12,S&P 500 Index (Daily)
SP500,2020-12-07,3691.96,S&P 500 Index (Daily)
SP500,2020-12-08,3702.25,S&P 500 Index (Daily)
SP500,2020-12-09,3672.82,S&P 500 Index (Daily)
SP500,2020-12-10,3668.1,S&P 500 Index (Daily)
SP500,2020-12-11,3663.46,S&P 500 Index (Daily)
SP500,2020-12-14,3647.49,S&P 500 Index (Daily)
SP500,2020-12-15,3694.62,S&P 500 Index (Daily)
SP500,2020-12-16,3701.17,S&P 500 Index (Daily)
SP500,2020-12-17,3722.48,S&P 500 Index (Daily)
SP500,2020-12-18,3709.41,S&P 500 Index (Daily)
SP500,2020-12-21,3694.92,S&P 500 Index (Daily)
SP500,2020-12-22,3687.26,S&P 500 Index (Daily)
SP500,2020-12-23,3690.01,S&P 500 Index (Daily)
SP500,2020-12-24,3703.06,S&P 500 Index (Daily)
SP500,2020-12-28,3735.36,S&P 500 Index (Daily)
SP500,2020-12-29,3727.04,S&P 500 Index (Daily)
SP500,2020-12-30,3732.04,S&P 500 Index (Daily)
SP500,2020-12-31,3756.07,S&P 500 Index (Daily)
SP500,2021-01-04,3700.65,S&P 500 Index (Daily)
SP500,2021-01-05,3726.86,S&P 500 Index (Daily)
SP500,2021-01-06,3748.14,S&P 500 Index (Daily)
SP500,2021-01-07,3803.79,S&P 500 Index (Daily)
SP500,2021-01-08,3824.68,S&P 500 Index (Daily)
SP500,2021-01-11,3799.61,S&P 500 Index (Daily)
SP500,2021-01-12,3801.19,S&P 500 Index (Daily)
SP500,2021-01-13,3809.84,S&P 500 Index (Daily)
SP500,2021-01-14,3795.54,S&P 500 Index (Daily)
SP500,2021-01-15,3768.25,S&P 500 Index (Daily)
SP500,2021-01-19,3798.91,S&P 500 Index (Daily)
SP500,2021-01-20,3851.85,S&P 500 Index (Daily)
SP500,2021-01-21,3853.07,S&P 500 Index (Daily)
SP500,2021-01-22,3841.47,S&P 500 Index (Daily)
SP500,2021-01-25,3855.36,S&P 500 Index (Daily)
SP500,2021-01-26,3849.62,S&P 500 Index (Daily)
SP500,2021-01-27,3750.77,S&P 500 Index (Daily)
SP500,2021-01-28,3787.38,S&P 500 Index (Daily)
SP500,2021-01-29,3714.24,S&P 500 Index (Daily)
SP500,2021-02-01,3773.86,S&P 500 Index (Daily)
SP500,2021-02-02,3826.31,S&P 500 Index (Daily)
SP500,2021-02-03,3830.17,S&P 500 Index (Daily)
SP500,2021-02-04,3871.74,S&P 500 Index (Daily)
SP500,2021-02-05,3886.83,S&P 500 Index (Daily)
SP500,2021-02-08,3915.59,S&P 500 Index (Daily)
SP500,2021-02-09,3911.23,S&P 500 Index (Daily)
SP500,2021-02-10,3909.88,S&P 500 Index (Daily)
SP500,2021-02-11,3916.38,S&P 500 Index (Daily)
SP500,2021-02-12,3934.83,S&P 500 Index (Daily)
SP500,2021-02-16,3932.59,S&P 500 Index (Daily)
SP500,2021-02-17,3931.33,S&P 500 Index (Daily)
SP500,2021-02-18,3913.97,S&P 500 Index (Daily)
SP500,2021-02-19,3906.71,S&P 500 Index (Daily)
SP500,2021-02-22,3876.5,S&P 500 Index (Daily)
SP500,2021-02-23,3881.37,S&P 500 Index (Daily)
SP500,2021-02-24,3925.43,S&P 500 Index (Daily)
SP500,2021-02-25,3829.34,S&P 500 Index (Daily)
SP500,2021-02-26,3811.15,S&P 500 Index (Daily)
SP500,2021-03-01,3901.82,S&P 500 Index (Daily)
SP500,2021-03-02,3870.29,S&P 500 Index (Daily)
SP500,2021-03-03,3819.72,S&P 500 Index (Daily)
SP500,2021-03-04,3768.47,S&P 500 Index (Daily)
SP500,2021-03-05,3841.94,S&P 500 Index (Daily)
SP500,2021-03-08,3821.35,S&P 500 Index (Daily)
SP500,2021-03-09,3875.44,S&P 500 Index (Daily)
SP500,2021-03-10,3898.81,S&P 500 Index (Daily)
SP500,2021-03-11,3939.34,S&P 500 Index (Daily)
SP500,2021-03-12,3943.34,S&P 500 Index (Daily)
SP500,2021-03-15,3968.94,S&P 500 Index (Daily)
SP500,2021-03-16,3962.71,S&P 500 Index (Daily)
SP500,2021-03-17,3974.12,S&P 500 Index (Daily)
SP500,2021-03-18,3915.46,S&P 500 Index (Daily)
SP500,2021-03-19,3913.1,S&P 500 Index (Daily)
SP500,2021-03-22,3940.59,S&P 500 Index (Daily)
SP500,2021-03-23,3910.52,S&P 500 Index (Daily)
SP500,2021-03-24,3889.14,S&P 500 Index (Daily)
SP500,2021-03-25,3909.52,S&P 500 Index (Daily)
SP500,2021-03-26,3974.54,S&P 500 Index (Daily)
SP500,2021-03-29,3971.09,S&P 500 Index (Daily)
SP500,2021-03-30,3958.55,S&P 500 Index (Daily)
SP500,2021-03-31,3972.89,S&P 500 Index (Daily)
SP500,2021-04-01,4019.87,S&P 500 Index (Daily)
SP500,2021-04-05,4077.91,S&P 500 Index (Daily)
SP500,2021-04-06,4073.94,S&P 500 Index (Daily)
SP500,2021-04-07,4079.95,S&P 500 Index (Daily)
SP500,2021-04-08,4097.17,S&P 500 Index (Daily)
SP500,2021-04-09,4128.8,S&P 500 Index (Daily)
SP500,2021-04-12,4127.99,S&P 500 Index (Daily)
SP500,2021-04-13,4141.59,S&P 500 Index (Daily)
SP500,2021-04-14,4124.66,S&P 500 Index (Daily)
SP500,2021-04-15,4170.42,S&P 500 Index (Daily)
SP500,2021-04-16,4185.47,S&P 500 Index (Daily)
SP500,2021-04-19,4163.26,S&P 500 Index (Daily)
SP500,2021-04-20,4134.94,S&P 500 Index (Daily)
SP500,2021-04-21,4173.42,S&P 500 Index (Daily)
SP500,2021-04-22,4134.98,S&P 500 Index (Daily)
SP500,2021-04-23,4180.17,S&P 500 Index (Daily)
SP500,2021-04-26,4187.62,S&P 500 Index (Daily)
SP500,2021-04-27,4186.72,S&P 500 Index (Daily)
SP500,2021-04-28,4183.18,S&P 500 Index (Daily)
SP500,2021-04-29,4211.47,S&P 500 Index (Daily)
SP500,2021-04-30,4181.17,S&P 500 Index (Daily)
SP500,2021-05-03,4192.66,S&P 500 Index (Daily)
SP500,2021-05-04,4164.66,S&P 500 Index (Daily)
SP500,2021-05-05,4167.59,S&P 500 Index (Daily)
SP500,2021-05-06,4201.62,S&P 500 Index (Daily)
SP500,2021-05-07,4232.6,S&P 500 Index (Daily)
SP500,2021-05-10,4188.43,S&P 500 Index (Daily)
SP500,2021-05-11,4152.1,S&P 500 Index (Daily)
SP500,2021-05-12,4063.04,S&P 500 Index (Daily)
SP500,2021-05-13,4112.5,S&P 500 Index (Daily)
SP500,2021-05-14,4173.85,S&P 500 Index (Daily)
SP500,2021-05-17,4163.29,S&P 500 Index (Daily)
SP500,2021-05-18,4127.83,S&P 500 Index (Daily)
SP500,2021-05-19,4115.68,S&P 500 Index (Daily)
SP500,2021-05-20,4159.12,S&P 500 Index (Daily)
SP500,2021-05-21,4155.86,S&P 500 Index (Daily)
SP500,2021-05-24,4197.05,S&P 500 Index (Daily)
SP500,2021-05-25,4188.13,S&P 500 Index (Daily)
SP500,2021-05-26,4195.99,S&P 500 Index (Daily)
SP500,2021-05-27,4200.88,S&P 500 Index (Daily)
SP500,2021-05-28,4204.11,S&P 500 Index (Daily)
SP500,2021-06-01,4202.04,S&P 500 Index (Daily)
SP500,2021-06-02,4208.12,S&P 500 Index (Daily)
SP500,2021-06-03,4192.85,S&P 500 Index (Daily)
SP500,2021-06-04,4229.89,S&P 500 Index (Daily)
SP500,2021-06-07,4226.52,S&P 500 Index (Daily)
SP500,2021-06-08,4227.26,S&P 500 Index (Daily)
SP500,2021-06-09,4219.55,S&P 500 Index (Daily)
SP500,2021-06-10,4239.18,S&P 500 Index (Daily)
SP500,2021-06-11,4247.44,S&P 500 Index (Daily)
SP500,2021-06-14,4255.15,S&P 500 Index (Daily)
SP500,2021-06-15,4246.59,S&P 500 Index (Daily)
SP500,2021-06-16,4223.7,S&P 500 Index (Daily)
SP500,2021-06-17,4221.86,S&P 500 Index (Daily)
SP500,2021-06-18,4166.45,S&P 500 Index (Daily)
SP500,2021-06-21,4224.79,S&P 500 Index (Daily)
SP500,2021-06-22,4246.44,S&P 500 Index (Daily)
SP500,2021-06-23,4241.84,S&P 500 Index (Daily)
SP500,2021-06-24,4266.49,S&P 500 Index (Daily)
SP500,2021-06-25,4280.7,S&P 500 Index (Daily)
SP500,2021-06-28,4290.61,S&P 500 Index (Daily)
SP500,2021-06-29,4291.8,S&P 500 Index (Daily)
SP500,2021-06-30,4297.5,S&P 500 Index (Daily)
SP500,2021-07-01,4319.94,S&P 500 Index (Daily)
SP500,2021-07-02,4352.34,S&P 500 Index (Daily)
SP500,2021-07-06,4343.54,S&P 500 Index (Daily)
SP500,2021-07-07,4358.13,S&P 500 Index (Daily)
SP500,2021-07-08,4320.82,S&P 500 Index (Daily)
SP500,2021-07-09,4369.55,S&P 500 Index (Daily)
SP500,2021-07-12,4384.63,S&P 500 Index (Daily)
SP500,2021-07-13,4369.21,S&P 500 Index (Daily)
SP500,2021-07-14,4374.3,S&P 500 Index (Daily)
SP500,2021-07-15,4360.03,S&P 500 Index (Daily)
SP500,2021-07-16,4327.16,S&P 500 Index (Daily)
SP500,2021-07-19,4258.49,S&P 500 Index (Daily)
SP500,2021-07-20,4323.06,S&P 500 Index (Daily)
SP500,2021-07-21,4358.69,S&P 500 Index (Daily)
SP500,2021-07-22,4367.48,S&P 500 Index (Daily)
SP500,2021-07-23,4411.79,S&P 500 Index (Daily)
SP500,2021-07-26,4422.3,S&P 500 Index (Daily)
SP500,2021-07-27,4401.46,S&P 500 Index (Daily)
SP500,2021-07-28,4400.64,S&P 500 Index (Daily)
SP500,2021-07-29,4419.15,S&P 500 Index (Daily)
SP500,2021-07-30,4395.26,S&P 500 Index (Daily)
SP500,2021-08-02,4387.16,S&P 500 Index (Daily)
SP500,2021-08-03,4423.15,S&P 500 Index (Daily)
SP500,2021-08-04,4402.66,S&P 500 Index (Daily)
SP500,2021-08-05,4429.1,S&P 500 Index (Daily)
SP500,2021-08-06,4436.52,S&P 500 Index (Daily)
SP500,2021-08-09,4432.35,S&P 500 Index (Daily)
SP500,2021-08-10,4436.75,S&P 500 Index (Daily)
SP500,2021-08-11,4447.7,S&P 500 Index (Daily)
SP500,2021-08-12,4460.83,S&P 500 Index (Daily)
SP500,2021-08-13,4468.0,S&P 500 Index (Daily)
SP500,2021-08-16,4479.71,S&P 500 Index (Daily)
SP500,2021-08-17,4448.08,S&P 500 Index (Daily)
SP500,2021-08-18,4400.27,S&P 500 Index (Daily)
SP500,2021-08-19,4405.8,S&P 500 Index (Daily)
SP500,2021-08-20,4441.67,S&P 500 Index (Daily)
SP500,2021-08-23,4479.53,S&P 500 Index (Daily)
SP500,2021-08-24,4486.23,S&P 500 Index (Daily)
SP500,2021-08-25,4496.19,S&P 500 Index (Daily)
SP500,2021-08-26,4470.0,S&P 500 Index (Daily)
SP500,2021-08-27,4509.37,S&P 500 Index (Daily)
SP500,2021-08-30,4528.79,S&P 500 Index (Daily)
SP500,2021-08-31,4522.68,S&P 500 Index (Daily)
SP500,2021-09-01,4524.09,S&P 500 Index (Daily)
SP500,2021-09-02,4536.95,S&P 500 Index (Daily)
SP500,2021-09-03,4535.43,S&P 500 Index (Daily)
SP500,2021-09-07,4520.03,S&P 500 Index (Daily)
SP500,2021-09-08,4514.07,S&P 500 Index (Daily)
SP500,2021-09-09,4493.28,S&P 500 Index (Daily)
SP500,2021-09-10,4458.58,S&P 500 Index (Daily)
SP500,2021-09-13,4468.73,S&P 500 Index (Daily)
SP500,2021-09-14,4443.05,S&P 500 Index (Daily)
SP500,2021-09-15,4480.7,S&P 500 Index (Daily)
SP500,2021-09-16,4473.75,S&P 500 Index (Daily)
SP500,2021-09-17,4432.99,S&P 500 Index (Daily)
SP500,2021-09-20,4357.73,S&P 500 Index (Daily)
SP500,2021-09-21,4354.19,S&P 500 Index (Daily)
SP500,2021-09-22,4395.64,S&P 500 Index (Daily)
SP500,2021-09-23,4448.98,S&P 500 Index (Daily)
SP500,2021-09-24,4455.48,S&P 500 Index (Daily)
SP500,2021-09-27,4443.11,S&P 500 Index (Daily)
SP500,2021-09-28,4352.63,S&P 500 Index (Daily)
SP500,2021-09-29,4359.46,S&P 500 Index (Daily)
SP500,2021-09-30,4307.54,S&P 500 Index (Daily)
SP500,2021-10-01,4357.04,S&P 500 Index (Daily)
SP500,2021-10-04,4300.46,S&P 500 Index (Daily)
SP500,2021-10-05,4345.72,S&P 500 Index (Daily)
SP500,2021-10-06,4363.55,S&P 500 Index (Daily)
SP500,2021-10-07,4399.76,S&P 500 Index (Daily)
SP500,2021-10-08,4391.34,S&P 500 Index (Daily)
SP500,2021-10-11,4361.19,S&P 500 Index (Daily)
SP500,2021-10-12,4350.65,S&P 500 Index (Daily)
SP500,2021-10-13,4363.8,S&P 500 Index (Daily)
SP500,2021-10-14,4438.26,S&P 500 Index (Daily)
SP500,2021-10-15,4471.37,S&P 500 Index (Daily)
SP500,2021-10-18,4486.46,S&P 500 Index (Daily)
SP500,2021-10-19,4519.63,S&P 500 Index (Daily)
SP500,2021-10-20,4536.19,S&P 500 Index (Daily)
SP500,2021-10-21,4549.78,S&P 500 Index (Daily)
SP500,2021-10-22,4544.9,S&P 500 Index (Daily)
SP500,2021-10-25,4566.48,S&P 500 Index (Daily)
SP500,2021-10-26,4574.79,S&P 500 Index (Daily)
SP500,2021-10-27,4551.68,S&P 500 Index (Daily)
SP500,2021-10-28,4596.42,S&P 500 Index (Daily)
SP500,2021-10-29,4605.38,S&P 500 Index (Daily)
SP500,2021-11-01,4613.67,S&P 500 Index (Daily)
SP500,2021-11-02,4630.65,S&P 500 Index (Daily)
SP500,2021-11-03,4660.57,S&P 500 Index (Daily)
SP500,2021-11-04,4680.06,S&P 500 Index (Daily)
SP500,2021-11-05,4697.53,S&P 500 Index (Daily)
SP500,2021-11-08,4701.7,S&P 500 Index (Daily)
SP500,2021-11-09,4685.25,S&P 500 Index (Daily)
SP500,2021-11-10,4646.71,S&P 500 Index (Daily)
SP500,2021-11-11,4649.27,S&P 500 Index (Daily)
SP500,2021-11-12,4682.85,S&P 500 Index (Daily)
SP500,2021-11-15,4682.8,S&P 500 Index (Daily)
SP500,2021-11-16,4700.9,S&P 500 Index (Daily)
SP500,2021-11-17,4688.67,S&P 500 Index (Daily)
SP500,2021-11-18,4704.54,S&P 500 Index (Daily)
SP500,2021-11-19,4697.96,S&P 500 Index (Daily)
SP500,2021-11-22,4682.94,S&P 500 Index (Daily)
SP500,2021-11-23,4690.7,S&P 500 Index (Daily)
SP500,2021-11-24,4701.46,S&P 500 Index (Daily)
SP500,2021-11-26,4594.62,S&P 500 Index (Daily)
SP500,2021-11-29,4655.27,S&P 500 Index (Daily)
SP500,2021-11-30,4567.0,S&P 500 Index (Daily)
SP500,2021-12-01,4513.04,S&P 500 Index (Daily)
SP500,2021-12-02,4577.1,S&P 500 Index (Daily)
SP500,2021-12-03,4538.43,S&P 500 Index (Daily)
SP500,2021-12-06,4591.67,S&P 500 Index (Daily)
SP500,2021-12-07,4686.75,S&P 500 Index (Daily)
SP500,2021-12-08,4701.21,S&P 500 Index (Daily)
SP500,2021-12-09,4667.45,S&P 500 Index (Daily)
SP500,2021-12-10,4712.02,S&P 500 Index (Daily)
SP500,2021-12-13,4668.97,S&P 500 Index (Daily)
SP500,2021-12-14,4634.09,S&P 500 Index (Daily)
SP500,2021-12-15,4709.85,S&P 500 Index (Daily)
SP500,2021-12-16,4668.67,S&P 500 Index (Daily)
SP500,2021-12-17,4620.64,S&P 500 Index (Daily)
SP500,2021-12-20,4568.02,S&P 500 Index (Daily)
SP500,2021-12-21,4649.23,S&P 500 Index (Daily)
SP500,2021-12-22,4696.56,S&P 500 Index (Daily)
SP500,2021-12-23,4725.79,S&P 500 Index (Daily)
SP500,2021-12-27,4791.19,S&P 500 Index (Daily)
SP500,2021-12-28,4786.35,S&P 500 Index (Daily)
SP500,2021-12-29,4793.06,S&P 500 Index (Daily)
SP500,2021-12-30,4778.73,S&P 500 Index (Daily)
SP500,2021-12-31,4766.18,S&P 500 Index (Daily)
SP500,2022-01-03,4796.56,S&P 500 Index (Daily)
SP500,2022-01-04,4793.54,S&P 500 Index (Daily)
SP500,2022-01-05,4700.58,S&P 500 Index (Daily)
SP500,2022-01-06,4696.05,S&P 500 Index (Daily)
SP500,2022-01-07,4677.03,S&P 500 Index (Daily)
SP500,2022-01-10,4670.29,S&P 500 Index (Daily)
SP500,2022-01-11,4713.07,S&P 500 Index (Daily)
SP500,2022-01-12,4726.35,S&P 500 Index (Daily)
SP500,2022-01-13,4659.03,S&P 500 Index (Daily)
SP500,2022-01-14,4662.85,S&P 500 Index (Daily)
SP500,2022-01-18,4577.11,S&P 500 Index (Daily)
SP500,2022-01-19,4532.76,S&P 500 Index (Daily)
SP500,2022-01-20,4482.73,S&P 500 Index (Daily)
SP500,2022-01-21,4397.94,S&P 500 Index (Daily)
SP500,2022-01-24,4410.13,S&P 500 Index (Daily)
SP500,2022-01-25,4356.45,S&P 500 Index (Daily)
SP500,2022-01-26,4349.93,S&P 500 Index (Daily)
SP500,2022-01-27,4326.51,S&P 500 Index (Daily)
SP500,2022-01-28,4431.85,S&P 500 Index (Daily)
SP500,2022-01-31,4515.55,S&P 500 Index (Daily)
SP500,2022-02-01,4546.54,S&P 500 Index (Daily)
SP500,2022-02-02,4589.38,S&P 500 Index (Daily)
SP500,2022-02-03,4477.44,S&P 500 Index (Daily)
SP500,2022-02-04,4500.53,S&P 500 Index (Daily)
SP500,2022-02-07,4483.87,S&P 500 Index (Daily)
SP500,2022-02-08,4521.54,S&P 500 Index (Daily)
SP500,2022-02-09,4587.18,S&P 500 Index (Daily)
SP500,2022-02-10,4504.08,S&P 500 Index (Daily)
SP500,2022-02-11,4418.64,S&P 500 Index (Daily)
SP500,2022-02-14,4401.67,S&P 500 Index (Daily)
SP500,2022-02-15,4471.07,S&P 500 Index (Daily)
SP500,2022-02-16,4475.01,S&P 500 Index (Daily)
SP500,2022-02-17,4380.26,S&P 500 Index (Daily)
SP500,2022-02-18,4348.87,S&P 500 Index (Daily)
SP500,2022-02-22,4304.76,S&P 500 Index (Daily)
SP500,2022-02-23,4225.5,S&P 500 Index (Daily)
SP500,2022-02-24,4288.7,S&P 500 Index (Daily)
SP500,2022-02-25,4384.65,S&P 500 Index (Daily)
SP500,2022-02-28,4373.94,S&P 500 Index (Daily)
SP500,2022-03-01,4306.26,S&P 500 Index (Daily)
SP500,2022-03-02,4386.54,S&P 500 Index (Daily)
SP500,2022-03-03,4363.49,S&P 500 Index (Daily)
SP500,2022-03-04,4328.87,S&P 500 Index (Daily)
SP500,2022-03-07,4201.09,S&P 500 Index (Daily)
SP500,2022-03-08,4170.7,S&P 500 Index (Daily)
SP500,2022-03-09,4277.88,S&P 500 Index (Daily)
SP500,2022-03-10,4259.52,S&P 500 Index (Daily)
SP500,2022-03-11,4204.31,S&P 500 Index (Daily)
SP500,2022-03-14,4173.11,S&P 500 Index (Daily)
SP500,2022-03-15,4262.45,S&P 500 Index (Daily)
SP500,2022-03-16,4357.86,S&P 500 Index (Daily)
SP500,2022-03-17,4411.67,S&P 500 Index (Daily)
SP500,2022-03-18,4463.12,S&P 500 Index (Daily)
SP500,2022-03-21,4461.18,S&P 500 Index (Daily)
SP500,2022-03-22,4511.61,S&P 500 Index (Daily)
SP500,2022-03-23,4456.24,S&P 500 Index (Daily)
SP500,2022-03-24,4520.16,S&P 500 Index (Daily)
SP500,2022-03-25,4543.06,S&P 500 Index (Daily)
SP500,2022-03-28,4575.52,S&P 500 Index (Daily)
SP500,2022-03-29,4631.6,S&P 500 Index (Daily)
SP500,2022-03-30,4602.45,S&P 500 Index (Daily)
SP500,2022-03-31,4530.41,S&P 500 Index (Daily)
SP500,2022-04-01,4545.86,S&P 500 Index (Daily)
SP500,2022-04-04,4582.64,S&P 500 Index (Daily)
SP500,2022-04-05,4525.12,S&P 500 Index (Daily)
SP500,2022-04-06,4481.15,S&P 500 Index (Daily)
SP500,2022-04-07,4500.21,S&P 500 Index (Daily)
SP500,2022-04-08,4488.28,S&P 500 Index (Daily)
SP500,2022-04-11,4412.53,S&P 500 Index (Daily)
SP500,2022-04-12,4397.45,S&P 500 Index (Daily)
SP500,2022-04-13,4446.59,S&P 500 Index (Daily)
SP500,2022-04-14,4392.59,S&P 500 Index (Daily)
SP500,2022-04-18,4391.69,S&P 500 Index (Daily)
SP500,2022-04-19,4462.21,S&P 500 Index (Daily)
SP500,2022-04-20,4459.45,S&P 500 Index (Daily)
SP500,2022-04-21,4393.66,S&P 500 Index (Daily)
SP500,2022-04-22,4271.78,S&P 500 Index (Daily)
SP500,2022-04-25,4296.12,S&P 500 Index (Daily)
SP500,2022-04-26,4175.2,S&P 500 Index (Daily)
SP500,2022-04-27,4183.96,S&P 500 Index (Daily)
SP500,2022-04-28,4287.5,S&P 500 Index (Daily)
SP500,2022-04-29,4131.93,S&P 500 Index (Daily)
SP500,2022-05-02,4155.38,S&P 500 Index (Daily)
SP500,2022-05-03,4175.48,S&P 500 Index (Daily)
SP500,2022-05-04,4300.17,S&P 500 Index (Daily)
SP500,2022-05-05,4146.87,S&P 500 Index (Daily)
SP500,2022-05-06,4123.34,S&P 500 Index (Daily)
SP500,2022-05-09,3991.24,S&P 500 Index (Daily)
SP500,2022-05-10,4001.05,S&P 500 Index (Daily)
SP500,2022-05-11,3935.18,S&P 500 Index (Daily)
SP500,2022-05-12,3930.08,S&P 500 Index (Daily)
SP500,2022-05-13,4023.89,S&P 500 Index (Daily)
SP500,2022-05-16,4008.01,S&P 500 Index (Daily)
SP500,2022-05-17,4088.85,S&P 500 Index (Daily)
SP500,2022-05-18,3923.68,S&P 500 Index (Daily)
SP500,2022-05-19,3900.79,S&P 500 Index (Daily)
SP500,2022-05-20,3901.36,S&P 500 Index (Daily)
SP500,2022-05-23,3973.75,S&P 500 Index (Daily)
SP500,2022-05-24,3941.48,S&P 500 Index (Daily)
SP500,2022-05-25,3978.73,S&P 500 Index (Daily)
SP500,2022-05-26,4057.84,S&P 500 Index (Daily)
SP500,2022-05-27,4158.24,S&P 500 Index (Daily)
SP500,2022-05-31,4132.15,S&P 500 Index (Daily)
SP500,2022-06-01,4101.23,S&P 500 Index (Daily)
SP500,2022-06-02,4176.82,S&P 500 Index (Daily)
SP500,2022-06-03,4108.54,S&P 500 Index (Daily)
SP500,2022-06-06,4121.43,S&P 500 Index (Daily)
SP500,2022-06-07,4160.68,S&P 500 Index (Daily)
SP500,2022-06-08,4115.77,S&P 500 Index (Daily)
SP500,2022-06-09,4017.82,S&P 500 Index (Daily)
SP500,2022-06-10,3900.86,S&P 500 Index (Daily)
SP500,2022-06-13,3749.63,S&P 500 Index (Daily)
SP500,2022-06-14,3735.48,S&P 500 Index (Daily)
SP500,2022-06-15,3789.99,S&P 500 Index (Daily)
SP500,2022-06-16,3666.77,S&P 500 Index (Daily)
SP500,2022-06-17,3674.84,S&P 500 Index (Daily)
SP500,2022-06-21,3764.79,S&P 500 Index (Daily)
SP500,2022-06-22,3759.89,S&P 500 Index (Daily)
SP500,2022-06-23,3795.73,S&P 500 Index (Daily)
SP500,2022-06-24,3911.74,S&P 500 Index (Daily)
SP500,2022-06-27,3900.11,S&P 500 Index (Daily)
SP500,2022-06-28,3821.55,S&P 500 Index (Daily)
SP500,2022-06-29,3818.83,S&P 500 Index (Daily)
SP500,2022-06-30,3785.38,S&P 500 Index (Daily)
SP500,2022-07-01,3825.33,S&P 500 Index (Daily)
SP500,2022-07-05,3831.39,S&P 500 Index (Daily)
SP500,2022-07-06,3845.08,S&P 500 Index (Daily)
SP500,2022-07-07,3902.62,S&P 500 Index (Daily)
SP500,2022-07-08,3899.38,S&P 500 Index (Daily)
SP500,2022-07-11,3854.43,S&P 500 Index (Daily)
SP500,2022-07-12,3818.8,S&P 500 Index (Daily)
SP500,2022-07-13,3801.78,S&P 500 Index (Daily)
SP500,2022-07-14,3790.38,S&P 500 Index (Daily)
SP500,2022-07-15,3863.16,S&P 500 Index (Daily)
SP500,2022-07-18,3830.85,S&P 500 Index (Daily)
SP500,2022-07-19,3936.69,S&P 500 Index (Daily)
SP500,2022-07-20,3959.9,S&P 500 Index (Daily)
SP500,2022-07-21,3998.95,S&P 500 Index (Daily)
SP500,2022-07-22,3961.63,S&P 500 Index (Daily)
SP500,2022-07-25,3966.84,S&P 500 Index (Daily)
SP500,2022-07-26,3921.05,S&P 500 Index (Daily)
SP500,2022-07-27,4023.61,S&P 500 Index (Daily)
SP500,2022-07-28,4072.43,S&P 500 Index (Daily)
SP500,2022-07-29,4130.29,S&P 500 Index (Daily)
SP500,2022-08-01,4118.63,S&P 500 Index (Daily)
SP500,2022-08-02,4091.19,S&P 500 Index (Daily)
SP500,2022-08-03,4155.17,S&P 500 Index (Daily)
SP500,2022-08-04,4151.94,S&P 500 Index (Daily)
SP500,2022-08-05,4145.19,S&P 500 Index (Daily)
SP500,2022-08-08,4140.06,S&P 500 Index (Daily)
SP500,2022-08-09,4122.47,S&P 500 Index (Daily)
SP500,2022-08-10,4210.24,S&P 500 Index (Daily)
SP500,2022-08-11,4207.27,S&P 500 Index (Daily)
SP500,2022-08-12,4280.15,S&P 500 Index (Daily)
SP500,2022-08-15,4297.14,S&P 500 Index (Daily)
SP500,2022-08-16,4305.2,S&P 500 Index (Daily)
SP500,2022-08-17,4274.04,S&P 500 Index (Daily)
SP500,2022-08-18,4283.74,S&P 500 Index (Daily)
SP500,2022-08-19,4228.48,S&P 500 Index (Daily)
SP500,2022-08-22,4137.99,S&P 500 Index (Daily)
SP500,2022-08-23,4128.73,S&P 500 Index (Daily)
SP500,2022-08-24,4140.77,S&P 500 Index (Daily)
SP500,2022-08-25,4199.12,S&P 500 Index (Daily)
SP500,2022-08-26,4057.66,S&P 500 Index (Daily)
SP500,2022-08-29,4030.61,S&P 500 Index (Daily)
SP500,2022-08-30,3986.16,S&P 500 Index (Daily)
SP500,2022-08-31,3955.0,S&P 500 Index (Daily)
SP500,2022-09-01,3966.85,S&P 500 Index (Daily)
SP500,2022-09-02,3924.26,S&P 500 Index (Daily)
SP500,2022-09-06,3908.19,S&P 500 Index (Daily)
SP500,2022-09-07,3979.87,S&P 500 Index (Daily)
SP500,2022-09-08,4006.18,S&P 500 Index (Daily)
SP500,2022-09-09,4067.36,S&P 500 Index (Daily)
SP500,2022-09-12,4110.41,S&P 500 Index (Daily)
SP500,2022-09-13,3932.69,S&P 500 Index (Daily)
SP500,2022-09-14,3946.01,S&P 500 Index (Daily)
SP500,2022-09-15,3901.35,S&P 500 Index (Daily)
SP500,2022-09-16,3873.33,S&P 500 Index (Daily)
SP500,2022-09-19,3899.89,S&P 500 Index (Daily)
SP500,2022-09-20,3855.93,S&P 500 Index (Daily)
SP500,2022-09-21,3789.93,S&P 500 Index (Daily)
SP500,2022-09-22,3757.99,S&P 500 Index (Daily)
SP500,2022-09-23,3693.23,S&P 500 Index (Daily)
SP500,2022-09-26,3655.04,S&P 500 Index (Daily)
SP500,2022-09-27,3647.29,S&P 500 Index (Daily)
SP500,2022-09-28,3719.04,S&P 500 Index (Daily)
SP500,2022-09-29,3640.47,S&P 500 Index (Daily)
SP500,2022-09-30,3585.62,S&P 500 Index (Daily)
SP500,2022-10-03,3678.43,S&P 500 Index (Daily)
SP500,2022-10-04,3790.93,S&P 500 Index (Daily)
SP500,2022-10-05,3783.28,S&P 500 Index (Daily)
SP500,2022-10-06,3744.52,S&P 500 Index (Daily)
SP500,2022-10-07,3639.66,S&P 500 Index (Daily)
SP500,2022-10-10,3612.39,S&P 500 Index (Daily)
SP500,2022-10-11,3588.84,S&P 500 Index (Daily)
SP500,2022-10-12,3577.03,S&P 500 Index (Daily)
SP500,2022-10-13,3669.91,S&P 500 Index (Daily)
SP500,2022-10-14,3583.07,S&P 500 Index (Daily)
SP500,2022-10-17,3677.95,S&P 500 Index (Daily)
SP500,2022-10-18,3719.98,S&P 500 Index (Daily)
SP500,2022-10-19,3695.16,S&P 500 Index (Daily)
SP500,2022-10-20,3665.78,S&P 500 Index (Daily)
SP500,2022-10-21,3752.75,S&P 500 Index (Daily)
SP500,2022-10-24,3797.34,S&P 500 Index (Daily)
SP500,2022-10-25,3859.11,S&P 500 Index (Daily)
SP500,2022-10-26,3830.6,S&P 500 Index (Daily)
SP500,2022-10-27,3807.3,S&P 500 Index (Daily)
SP500,2022-10-28,3901.06,S&P 500 Index (Daily)
SP500,2022-10-31,3871.98,S&P 500 Index (Daily)
SP500,2022-11-01,3856.1,S&P 500 Index (Daily)
SP500,2022-11-02,3759.69,S&P 500 Index (Daily)
SP500,2022-11-03,3719.89,S&P 500 Index (Daily)
SP500,2022-11-04,3770.55,S&P 500 Index (Daily)
SP500,2022-11-07,3806.8,S&P 500 Index (Daily)
SP500,2022-11-08,3828.11,S&P 500 Index (Daily)
SP500,2022-11-09,3748.57,S&P 500 Index (Daily)
SP500,2022-11-10,3956.37,S&P 500 Index (Daily)
SP500,2022-11-11,3992.93,S&P 500 Index (Daily)
SP500,2022-11-14,3957.25,S&P 500 Index (Daily)
SP500,2022-11-15,3991.73,S&P 500 Index (Daily)
SP500,2022-11-16,3958.79,S&P 500 Index (Daily)
SP500,2022-11-17,3946.56,S&P 500 Index (Daily)
SP500,2022-11-18,3965.34,S&P 500 Index (Daily)
SP500,2022-11-21,3949.94,S&P 500 Index (Daily)
SP500,2022-11-22,4003.58,S&P 500 Index (Daily)
SP500,2022-11-23,4027.26,S&P 500 Index (Daily)
SP500,2022-11-25,4026.12,S&P 500 Index (Daily)
SP500,2022-11-28,3963.94,S&P 500 Index (Daily)
SP500,2022-11-29,3957.63,S&P 500 Index (Daily)
SP500,2022-11-30,4080.11,S&P 500 Index (Daily)
SP500,2022-12-01,4076.57,S&P 500 Index (Daily)
SP500,2022-12-02,4071.7,S&P 500 Index (Daily)
SP500,2022-12-05,3998.84,S&P 500 Index (Daily)
SP500,2022-12-06,3941.26,S&P 500 Index (Daily)
SP500,2022-12-07,3933.92,S&P 500 Index (Daily)
SP500,2022-12-08,3963.51,S&P 500 Index (Daily)
SP500,2022-12-09,3934.38,S&P 500 Index (Daily)
SP500,2022-12-12,3990.56,S&P 500 Index (Daily)
SP500,2022-12-13,4019.65,S&P 500 Index (Daily)
SP500,2022-12-14,3995.32,S&P 500 Index (Daily)
SP500,2022-12-15,3895.75,S&P 500 Index (Daily)
SP500,2022-12-16,3852.36,S&P 500 Index (Daily)
SP500,2022-12-19,3817.66,S&P 500 Index (Daily)
SP500,2022-12-20,3821.62,S&P 500 Index (Daily)
SP500,2022-12-21,3878.44,S&P 500 Index (Daily)
SP500,2022-12-22,3822.39,S&P 500 Index (Daily)
SP500,2022-12-23,3844.82,S&P 500 Index (Daily)
SP500,2022-12-27,3829.25,S&P 500 Index (Daily)
SP500,2022-12-28,3783.22,S&P 500 Index (Daily)
SP500,2022-12-29,3849.28,S&P 500 Index (Daily)
SP500,2022-12-30,3839.5,S&P 500 Index (Daily)
SP500,2023-01-03,3824.14,S&P 500 Index (Daily)
SP500,2023-01-04,3852.97,S&P 500 Index (Daily)
SP500,2023-01-05,3808.1,S&P 500 Index (Daily)
SP500,2023-01-06,3895.08,S&P 500 Index (Daily)
SP500,2023-01-09,3892.09,S&P 500 Index (Daily)
SP500,2023-01-10,3919.25,S&P 500 Index (Daily)
SP500,2023-01-11,3969.61,S&P 500 Index (Daily)
SP500,2023-01-12,3983.17,S&P 500 Index (Daily)
SP500,2023-01-13,3999.09,S&P 500 Index (Daily)
SP500,2023-01-17,3990.97,S&P 500 Index (Daily)
SP500,2023-01-18,3928.86,S&P 500 Index (Daily)
SP500,2023-01-19,3898.85,S&P 500 Index (Daily)
SP500,2023-01-20,3972.61,S&P 500 Index (Daily)
SP500,2023-01-23,4019.81,S&P 500 Index (Daily)
SP500,2023-01-24,4016.95,S&P 500 Index (Daily)
SP500,2023-01-25,4016.22,S&P 500 Index (Daily)
SP500,2023-01-26,4060.43,S&P 500 Index (Daily)
SP500,2023-01-27,4070.56,S&P 500 Index (Daily)
SP500,2023-01-30,4017.77,S&P 500 Index (Daily)
SP500,2023-01-31,4076.6,S&P 500 Index (Daily)
SP500,2023-02-01,4119.21,S&P 500 Index (Daily)
SP500,2023-02-02,4179.76,S&P 500 Index (Daily)
SP500,2023-02-03,4136.48,S&P 500 Index (Daily)
SP500,2023-02-06,4111.08,S&P 500 Index (Daily)
SP500,2023-02-07,4164.0,S&P 500 Index (Daily)
SP500,2023-02-08,4117.86,S&P 500 Index (Daily)
SP500,2023-02-09,4081.5,S&P 500 Index (Daily)
SP500,2023-02-10,4090.46,S&P 500 Index (Daily)
SP500,2023-02-13,4137.29,S&P 500 Index (Daily)
SP500,2023-02-14,4136.13,S&P 500 Index (Daily)
SP500,2023-02-15,4147.6,S&P 500 Index (Daily)
SP500,2023-02-16,4090.41,S&P 500 Index (Daily)
SP500,2023-02-17,4079.09,S&P 500 Index (Daily)
SP500,2023-02-21,3997.34,S&P 500 Index (Daily)
SP500,2023-02-22,3991.05,S&P 500 Index (Daily)
SP500,2023-02-23,4012.32,S&P 500 Index (Daily)
SP500,2023-02-24,3970.04,S&P 500 Index (Daily)
SP500,2023-02-27,3982.24,S&P 500 Index (Daily)
SP500,2023-02-28,3970.15,S&P 500 Index (Daily)
SP500,2023-03-01,3951.39,S&P 500 Index (Daily)
SP500,2023-03-02,3981.35,S&P 500 Index (Daily)
SP500,2023-03-03,4045.64,S&P 500 Index (Daily)
SP500,2023-03-06,4048.42,S&P 500 Index (Daily)
SP500,2023-03-07,3986.37,S&P 500 Index (Daily)
SP500,2023-03-08,3992.01,S&P 500 Index (Daily)
SP500,2023-03-09,3918.32,S&P 500 Index (Daily)
SP500,2023-03-10,3861.59,S&P 500 Index (Daily)
SP500,2023-03-13,3855.76,S&P 500 Index (Daily)
SP500,2023-03-14,3919.29,S&P 500 Index (Daily)
SP500,2023-03-15,3891.93,S&P 500 Index (Daily)
SP500,2023-03-16,3960.28,S&P 500 Index (Daily)
SP500,2023-03-17,3916.64,S&P 500 Index (Daily)
SP500,2023-03-20,3951.57,S&P 500 Index (Daily)
SP500,2023-03-21,4002.87,S&P 500 Index (Daily)
SP500,2023-03-22,3936.97,S&P 500 Index (Daily)
SP500,2023-03-23,3948.72,S&P 500 Index (Daily)
SP500,2023-03-24,3970.99,S&P 500 Index (Daily)
SP500,2023-03-27,3977.53,S&P 500 Index (Daily)
SP500,2023-03-28,3971.27,S&P 500 Index (Daily)
SP500,2023-03-29,4027.81,S&P 500 Index (Daily)
SP500,2023-03-30,4050.83,S&P 500 Index (Daily)
SP500,2023-03-31,4109.31,S&P 500 Index (Daily)
SP500,2023-04-03,4124.51,S&P 500 Index (Daily)
SP500,2023-04-04,4100.6,S&P 500 Index (Daily)
SP500,2023-04-05,4090.38,S&P 500 Index (Daily)
SP500,2023-04-06,4105.02,S&P 500 Index (Daily)
SP500,2023-04-10,4109.11,S&P 500 Index (Daily)
SP500,2023-04-11,4108.94,S&P 500 Index (Daily)
SP500,2023-04-12,4091.95,S&P 500 Index (Daily)
SP500,2023-04-13,4146.22,S&P 500 Index (Daily)
SP500,2023-04-14,4137.64,S&P 500 Index (Daily)
SP500,2023-04-17,4151.32,S&P 500 Index (Daily)
SP500,2023-04-18,4154.87,S&P 500 Index (Daily)
SP500,2023-04-19,4154.52,S&P 500 Index (Daily)
SP500,2023-04-20,4129.79,S&P 500 Index (Daily)
SP500,2023-04-21,4133.52,S&P 500 Index (Daily)
SP500,2023-04-24,4137.04,S&P 500 Index (Daily)
SP500,2023-04-25,4071.63,S&P 500 Index (Daily)
SP500,2023-04-26,4055.99,S&P 500 Index (Daily)
SP500,2023-04-27,4135.35,S&P 500 Index (Daily)
SP500,2023-04-28,4169.48,S&P 500 Index (Daily)
SP500,2023-05-01,4167.87,S&P 500 Index (Daily)
SP500,2023-05-02,4119.58,S&P 500 Index (Daily)
SP500,2023-05-03,4090.75,S&P 500 Index (Daily)
SP500,2023-05-04,4061.22,S&P 500 Index (Daily)
SP500,2023-05-05,4136.25,S&P 500 Index (Daily)
SP500,2023-05-08,4138.12,S&P 500 Index (Daily)
SP500,2023-05-09,4119.17,S&P 500 Index (Daily)
SP500,2023-05-10,4137.64,S&P 500 Index (Daily)
SP500,2023-05-11,4130.62,S&P 500 Index (Daily)
SP500,2023-05-12,4124.08,S&P 500 Index (Daily)
SP500,2023-05-15,4136.28,S&P 500 Index (Daily)
SP500,2023-05-16,4109.9,S&P 500 Index (Daily)
SP500,2023-05-17,4158.77,S&P 500 Index (Daily)
SP500,2023-05-18,4198.05,S&P 500 Index (Daily)
SP500,2023-05-19,4191.98,S&P 500 Index (Daily)
SP500,2023-05-22,4192.63,S&P 500 Index (Daily)
SP500,2023-05-23,4145.58,S&P 500 Index (Daily)
SP500,2023-05-24,4115.24,S&P 500 Index (Daily)
SP500,2023-05-25,4151.28,S&P 500 Index (Daily)
SP500,2023-05-26,4205.45,S&P 500 Index (Daily)
SP500,2023-05-30,4205.52,S&P 500 Index (Daily)
SP500,2023-05-31,4179.83,S&P 500 Index (Daily)
SP500,2023-06-01,4221.02,S&P 500 Index (Daily)
SP500,2023-06-02,4282.37,S&P 500 Index (Daily)
SP500,2023-06-05,4273.79,S&P 500 Index (Daily)
SP500,2023-06-06,4283.85,S&P 500 Index (Daily)
SP500,2023-06-07,4267.52,S&P 500 Index (Daily)
SP500,2023-06-08,4293.93,S&P 500 Index (Daily)
SP500,2023-06-09,4298.86,S&P 500 Index (Daily)
SP500,2023-06-12,4338.93,S&P 500 Index (Daily)
SP500,2023-06-13,4369.01,S&P 500 Index (Daily)
SP500,2023-06-14,4372.59,S&P 500 Index (Daily)
SP500,2023-06-15,4425.84,S&P 500 Index (Daily)
SP500,2023-06-16,4409.59,S&P 500 Index (Daily)
SP500,2023-06-20,4388.71,S&P 500 Index (Daily)
SP500,2023-06-21,4365.69,S&P 500 Index (Daily)
SP500,2023-06-22,4381.89,S&P 500 Index (Daily)
SP500,2023-06-23,4348.33,S&P 500 Index (Daily)
SP500,2023-06-26,4328.82,S&P 500 Index (Daily)
SP500,2023-06-27,4378.41,S&P 500 Index (Daily)
SP500,2023-06-28,4376.86,S&P 500 Index (Daily)
SP500,2023-06-29,4396.44,S&P 500 Index (Daily)
SP500,2023-06-30,4450.38,S&P 500 Index (Daily)
SP500,2023-07-03,4455.59,S&P 500 Index (Daily)
SP500,2023-07-05,4446.82,S&P 500 Index (Daily)
SP500,2023-07-06,4411.59,S&P 500 Index (Daily)
SP500,2023-07-07,4398.95,S&P 500 Index (Daily)
SP500,2023-07-10,4409.53,S&P 500 Index (Daily)
SP500,2023-07-11,4439.26,S&P 500 Index (Daily)
SP500,2023-07-12,4472.16,S&P 500 Index (Daily)
SP500,2023-07-13,4510.04,S&P 500 Index (Daily)
SP500,2023-07-14,4505.42,S&P 500 Index (Daily)
SP500,2023-07-17,4522.79,S&P 500 Index (Daily)
SP500,2023-07-18,4554.98,S&P 500 Index (Daily)
SP500,2023-07-19,4565.72,S&P 500 Index (Daily)
SP500,2023-07-20,4534.87,S&P 500 Index (Daily)
SP500,2023-07-21,4536.34,S&P 500 Index (Daily)
SP500,2023-07-24,4554.64,S&P 500 Index (Daily)
SP500,2023-07-25,4567.46,S&P 500 Index (Daily)
SP500,2023-07-26,4566.75,S&P 500 Index (Daily)
SP500,2023-07-27,4537.41,S&P 500 Index (Daily)
SP500,2023-07-28,4582.23,S&P 500 Index (Daily)
SP500,2023-07-31,4588.96,S&P 500 Index (Daily)
SP500,2023-08-01,4576.73,S&P 500 Index (Daily)
SP500,2023-08-02,4513.39,S&P 500 Index (Daily)
SP500,2023-08-03,4501.89,S&P 500 Index (Daily)
SP500,2023-08-04,4478.03,S&P 500 Index (Daily)
SP500,2023-08-07,4518.44,S&P 500 Index (Daily)
SP500,2023-08-08,4499.38,S&P 500 Index (Daily)
SP500,2023-08-09,4467.71,S&P 500 Index (Daily)
SP500,2023-08-10,4468.83,S&P 500 Index (Daily)
SP500,2023-08-11,4464.05,S&P 500 Index (Daily)
SP500,2023-08-14,4489.72,S&P 500 Index (Daily)
SP500,2023-08-15,4437.86,S&P 500 Index (Daily)
SP500,2023-08-16,4404.33,S&P 500 Index (Daily)
SP500,2023-08-17,4370.36,S&P 500 Index (Daily)
SP500,2023-08-18,4369.71,S&P 500 Index (Daily)
SP500,2023-08-21,4399.77,S&P 500 Index (Daily)
SP500,2023-08-22,4387.55,S&P 500 Index (Daily)
SP500,2023-08-23,4436.01,S&P 500 Index (Daily)
SP500,2023-08-24,4376.31,S&P 500 Index (Daily)
SP500,2023-08-25,4405.71,S&P 500 Index (Daily)
SP500,2023-08-28,4433.31,S&P 500 Index (Daily)
SP500,2023-08-29,4497.63,S&P 500 Index (Daily)
SP500,2023-08-30,4514.87,S&P 500 Index (Daily)
SP500,2023-08-31,4507.66,S&P 500 Index (Daily)
SP500,2023-09-01,4515.77,S&P 500 Index (Daily)
SP500,2023-09-05,4496.83,S&P 500 Index (Daily)
SP500,2023-09-06,4465.48,S&P 500 Index (Daily)
SP500,2023-09-07,4451.14,S&P 500 Index (Daily)
SP500,2023-09-08,4457.49,S&P 500 Index (Daily)
SP500,2023-09-11,4487.46,S&P 500 Index (Daily)
SP500,2023-09-12,4461.9,S&P 500 Index (Daily)
SP500,2023-09-13,4467.44,S&P 500 Index (Daily)
SP500,2023-09-14,4505.1,S&P 500 Index (Daily)
SP500,2023-09-15,4450.32,S&P 500 Index (Daily)
SP500,2023-09-18,4453.53,S&P 500 Index (Daily)
SP500,2023-09-19,4443.95,S&P 500 Index (Daily)
SP500,2023-09-20,4402.2,S&P 500 Index (Daily)
SP500,2023-09-21,4330.0,S&P 500 Index (Daily)
SP500,2023-09-22,4320.06,S&P 500 Index (Daily)
SP500,2023-09-25,4337.44,S&P 500 Index (Daily)
SP500,2023-09-26,4273.53,S&P 500 Index (Daily)
SP500,2023-09-27,4274.51,S&P 500 Index (Daily)
SP500,2023-09-28,4299.7,S&P 500 Index (Daily)
SP500,2023-09-29,4288.05,S&P 500 Index (Daily)
SP500,2023-10-02,4288.39,S&P 500 Index (Daily)
SP500,2023-10-03,4229.45,S&P 500 Index (Daily)
SP500,2023-10-04,4263.75,S&P 500 Index (Daily)
SP500,2023-10-05,4258.19,S&P 500 Index (Daily)
SP500,2023-10-06,4308.5,S&P 500 Index (Daily)
SP500,2023-10-09,4335.66,S&P 500 Index (Daily)
SP500,2023-10-10,4358.24,S&P 500 Index (Daily)
SP500,2023-10-11,4376.95,S&P 500 Index (Daily)
SP500,2023-10-12,4349.61,S&P 500 Index (Daily)
SP500,2023-10-13,4327.78,S&P 500 Index (Daily)
SP500,2023-10-16,4373.63,S&P 500 Index (Daily)
SP500,2023-10-17,4373.2,S&P 500 Index (Daily)
SP500,2023-10-18,4314.6,S&P 500 Index (Daily)
SP500,2023-10-19,4278.0,S&P 500 Index (Daily)
SP500,2023-10-20,4224.16,S&P 500 Index (Daily)
SP500,2023-10-23,4217.04,S&P 500 Index (Daily)
SP500,2023-10-24,4247.68,S&P 500 Index (Daily)
SP500,2023-10-25,4186.77,S&P 500 Index (Daily)
SP500,2023-10-26,4137.23,S&P 500 Index (Daily)
SP500,2023-10-27,4117.37,S&P 500 Index (Daily)
SP500,2023-10-30,4166.82,S&P 500 Index (Daily)
SP500,2023-10-31,4193.8,S&P 500 Index (Daily)
SP500,2023-11-01,4237.86,S&P 500 Index (Daily)
SP500,2023-11-02,4317.78,S&P 500 Index (Daily)
SP500,2023-11-03,4358.34,S&P 500 Index (Daily)
SP500,2023-11-06,4365.98,S&P 500 Index (Daily)
SP500,2023-11-07,4378.38,S&P 500 Index (Daily)
SP500,2023-11-08,4382.78,S&P 500 Index (Daily)
SP500,2023-11-09,4347.35,S&P 500 Index (Daily)
SP500,2023-11-10,4415.24,S&P 500 Index (Daily)
SP500,2023-11-13,4411.55,S&P 500 Index (Daily)
SP500,2023-11-14,4495.7,S&P 500 Index (Daily)
SP500,2023-11-15,4502.88,S&P 500 Index (Daily)
SP500,2023-11-16,4508.24,S&P 500 Index (Daily)
SP500,2023-11-17,4514.02,S&P 500 Index (Daily)
SP500,2023-11-20,4547.38,S&P 500 Index (Daily)
SP500,2023-11-21,4538.19,S&P 500 Index (Daily)
SP500,2023-11-22,4556.62,S&P 500 Index (Daily)
SP500,2023-11-24,4559.34,S&P 500 Index (Daily)
SP500,2023-11-27,4550.43,S&P 500 Index (Daily)
SP500,2023-11-28,4554.89,S&P 500 Index (Daily)
SP500,2023-11-29,4550.58,S&P 500 Index (Daily)
SP500,2023-11-30,4567.8,S&P 500 Index (Daily)
SP500,2023-12-01,4594.63,S&P 500 Index (Daily)
SP500,2023-12-04,4569.78,S&P 500 Index (Daily)
SP500,2023-12-05,4567.18,S&P 500 Index (Daily)
SP500,2023-12-06,4549.34,S&P 500 Index (Daily)
SP500,2023-12-07,4585.59,S&P 500 Index (Daily)
SP500,2023-12-08,4604.37,S&P 500 Index (Daily)
SP500,2023-12-11,4622.44,S&P 500 Index (Daily)
SP500,2023-12-12,4643.7,S&P 500 Index (Daily)
SP500,2023-12-13,4707.09,S&P 500 Index (Daily)
SP500,2023-12-14,4719.55,S&P 500 Index (Daily)
SP500,2023-12-15,4719.19,S&P 500 Index (Daily)
SP500,2023-12-18,4740.56,S&P 500 Index (Daily)
SP500,2023-12-19,4768.37,S&P 500 Index (Daily)
SP500,2023-12-20,4698.35,S&P 500 Index (Daily)
SP500,2023-12-21,4746.75,S&P 500 Index (Daily)
SP500,2023-12-22,4754.63,S&P 500 Index (Daily)
SP500,2023-12-26,4774.75,S&P 500 Index (Daily)
SP500,2023-12-27,4781.58,S&P 500 Index (Daily)
SP500,2023-12-28,4783.35,S&P 500 Index (Daily)
SP500,2023-12-29,4769.83,S&P 500 Index (Daily)
SP500,2024-01-02,4742.83,S&P 500 Index (Daily)
SP500,2024-01-03,4704.81,S&P 500 Index (Daily)
SP500,2024-01-04,4688.68,S&P 500 Index (Daily)
SP500,2024-01-05,4697.24,S&P 500 Index (Daily)
SP500,2024-01-08,4763.54,S&P 500 Index (Daily)
SP500,2024-01-09,4756.5,S&P 500 Index (Daily)
SP500,2024-01-10,4783.45,S&P 500 Index (Daily)
SP500,2024-01-11,4780.24,S&P 500 Index (Daily)
SP500,2024-01-12,4783.83,S&P 500 Index (Daily)
SP500,2024-01-16,4765.98,S&P 500 Index (Daily)
SP500,2024-01-17,4739.21,S&P 500 Index (Daily)
SP500,2024-01-18,4780.94,S&P 500 Index (Daily)
SP500,2024-01-19,4839.81,S&P 500 Index (Daily)
SP500,2024-01-22,4850.43,S&P 500 Index (Daily)
SP500,2024-01-23,4864.6,S&P 500 Index (Daily)
SP500,2024-01-24,4868.55,S&P 500 Index (Daily)
SP500,2024-01-25,4894.16,S&P 500 Index (Daily)
SP500,2024-01-26,4890.97,S&P 500 Index (Daily)
SP500,2024-01-29,4927.93,S&P 500 Index (Daily)
SP500,2024-01-30,4924.97,S&P 500 Index (Daily)
SP500,2024-01-31,4845.65,S&P 500 Index (Daily)
SP500,2024-02-01,4906.19,S&P 500 Index (Daily)
SP500,2024-02-02,4958.61,S&P 500 Index (Daily)
SP500,2024-02-05,4942.81,S&P 500 Index (Daily)
SP500,2024-02-06,4954.23,S&P 500 Index (Daily)
SP500,2024-02-07,4995.06,S&P 500 Index (Daily)
SP500,2024-02-08,4997.91,S&P 500 Index (Daily)
SP500,2024-02-09,5026.61,S&P 500 Index (Daily)
SP500,2024-02-12,5021.84,S&P 500 Index (Daily)
SP500,2024-02-13,4953.17,S&P 500 Index (Daily)
SP500,2024-02-14,5000.62,S&P 500 Index (Daily)
SP500,2024-02-15,5029.73,S&P 500 Index (Daily)
SP500,2024-02-16,5005.57,S&P 500 Index (Daily)
SP500,2024-02-20,4975.51,S&P 500 Index (Daily)
SP500,2024-02-21,4981.8,S&P 500 Index (Daily)
SP500,2024-02-22,5087.03,S&P 500 Index (Daily)
SP500,2024-02-23,5088.8,S&P 500 Index (Daily)
SP500,2024-02-26,5069.53,S&P 500 Index (Daily)
SP500,2024-02-27,5078.18,S&P 500 Index (Daily)
SP500,2024-02-28,5069.76,S&P 500 Index (Daily)
SP500,2024-02-29,5096.27,S&P 500 Index (Daily)
SP500,2024-03-01,5137.08,S&P 500 Index (Daily)
SP500,2024-03-04,5130.95,S&P 500 Index (Daily)
SP500,2024-03-05,5078.65,S&P 500 Index (Daily)
SP500,2024-03-06,5104.76,S&P 500 Index (Daily)
SP500,2024-03-07,5157.36,S&P 500 Index (Daily)
SP500,2024-03-08,5123.69,S&P 500 Index (Daily)
SP500,2024-03-11,5117.94,S&P 500 Index (Daily)
SP500,2024-03-12,5175.27,S&P 500 Index (Daily)
SP500,2024-03-13,5165.31,S&P 500 Index (Daily)
SP500,2024-03-14,5150.48,S&P 500 Index (Daily)
SP500,2024-03-15,5117.09,S&P 500 Index (Daily)
SP500,2024-03-18,5149.42,S&P 500 Index (Daily)
SP500,2024-03-19,5178.51,S&P 500 Index (Daily)
SP500,2024-03-20,5224.62,S&P 500 Index (Daily)
SP500,2024-03-21,5241.53,S&P 500 Index (Daily)
SP500,2024-03-22,5234.18,S&P 500 Index (Daily)
SP500,2024-03-25,5218.19,S&P 500 Index (Daily)
SP500,2024-03-26,5203.58,S&P 500 Index (Daily)
SP500,2024-03-27,5248.49,S&P 500 Index (Daily)
SP500,2024-03-28,5254.35,S&P 500 Index (Daily)
SP500,2024-04-01,5243.77,S&P 500 Index (Daily)
SP500,2024-04-02,5205.81,S&P 500 Index (Daily)
SP500,2024-04-03,5211.49,S&P 500 Index (Daily)
SP500,2024-04-04,5147.21,S&P 500 Index (Daily)
SP500,2024-04-05,5204.34,S&P 500 Index (Daily)
SP500,2024-04-08,5202.39,S&P 500 Index (Daily)
SP500,2024-04-09,5209.91,S&P 500 Index (Daily)
SP500,2024-04-10,5160.64,S&P 500 Index (Daily)
SP500,2024-04-11,5199.06,S&P 500 Index (Daily)
SP500,2024-04-12,5123.41,S&P 500 Index (Daily)
SP500,2024-04-15,5061.82,S&P 500 Index (Daily)
SP500,2024-04-16,5051.41,S&P 500 Index (Daily)
SP500,2024-04-17,5022.21,S&P 500 Index (Daily)
SP500,2024-04-18,5011.12,S&P 500 Index (Daily)
SP500,2024-04-19,4967.23,S&P 500 Index (Daily)
SP500,2024-04-22,5010.6,S&P 500 Index (Daily)
SP500,2024-04-23,5070.55,S&P 500 Index (Daily)
SP500,2024-04-24,5071.63,S&P 500 Index (Daily)
SP500,2024-04-25,5048.42,S&P 500 Index (Daily)
SP500,2024-04-26,5099.96,S&P 500 Index (Daily)
SP500,2024-04-29,5116.17,S&P 500 Index (Daily)
SP500,2024-04-30,5035.69,S&P 500 Index (Daily)
SP500,2024-05-01,5018.39,S&P 500 Index (Daily)
SP500,2024-05-02,5064.2,S&P 500 Index (Daily)
SP500,2024-05-03,5127.79,S&P 500 Index (Daily)
SP500,2024-05-06,5180.74,S&P 500 Index (Daily)
SP500,2024-05-07,5187.7,S&P 500 Index (Daily)
SP500,2024-05-08,5187.67,S&P 500 Index (Daily)
SP500,2024-05-09,5214.08,S&P 500 Index (Daily)
SP500,2024-05-10,5222.68,S&P 500 Index (Daily)
SP500,2024-05-13,5221.42,S&P 500 Index (Daily)
SP500,2024-05-14,5246.68,S&P 500 Index (Daily)
SP500,2024-05-15,5308.15,S&P 500 Index (Daily)
SP500,2024-05-16,5297.1,S&P 500 Index (Daily)
SP500,2024-05-17,5303.27,S&P 500 Index (Daily)
SP500,2024-05-20,5308.13,S&P 500 Index (Daily)
SP500,2024-05-21,5321.41,S&P 500 Index (Daily)
SP500,2024-05-22,5307.01,S&P 500 Index (Daily)
SP500,2024-05-23,5267.84,S&P 500 Index (Daily)
SP500,2024-05-24,5304.72,S&P 500 Index (Daily)
SP500,2024-05-28,5306.04,S&P 500 Index (Daily)
SP500,2024-05-29,5266.95,S&P 500 Index (Daily)
SP500,2024-05-30,5235.48,S&P 500 Index (Daily)
SP500,2024-05-31,5277.51,S&P 500 Index (Daily)
SP500,2024-06-03,5283.4,S&P 500 Index (Daily)
SP500,2024-06-04,5291.34,S&P 500 Index (Daily)
SP500,2024-06-05,5354.03,S&P 500 Index (Daily)
SP500,2024-06-06,5352.96,S&P 500 Index (Daily)
SP500,2024-06-07,5346.99,S&P 500 Index (Daily)
SP500,2024-06-10,5360.79,S&P 500 Index (Daily)
SP500,2024-06-11,5375.32,S&P 500 Index (Daily)
SP500,2024-06-12,5421.03,S&P 500 Index (Daily)
SP500,2024-06-13,5433.74,S&P 500 Index (Daily)
SP500,2024-06-14,5431.6,S&P 500 Index (Daily)
SP500,2024-06-17,5473.23,S&P 500 Index (Daily)
SP500,2024-06-18,5487.03,S&P 500 Index (Daily)
SP500,2024-06-20,5473.17,S&P 500 Index (Daily)
SP500,2024-06-21,5464.62,S&P 500 Index (Daily)
SP500,2024-06-24,5447.87,S&P 500 Index (Daily)
SP500,2024-06-25,5469.3,S&P 500 Index (Daily)
SP500,2024-06-26,5477.9,S&P 500 Index (Daily)
SP500,2024-06-27,5482.87,S&P 500 Index (Daily)
SP500,2024-06-28,5460.48,S&P 500 Index (Daily)
SP500,2024-07-01,5475.09,S&P 500 Index (Daily)
SP500,2024-07-02,5509.01,S&P 500 Index (Daily)
SP500,2024-07-03,5537.02,S&P 500 Index (Daily)
SP500,2024-07-05,5567.19,S&P 500 Index (Daily)
SP500,2024-07-08,5572.85,S&P 500 Index (Daily)
SP500,2024-07-09,5576.98,S&P 500 Index (Daily)
SP500,2024-07-10,5633.91,S&P 500 Index (Daily)
SP500,2024-07-11,5584.54,S&P 500 Index (Daily)
SP500,2024-07-12,5615.35,S&P 500 Index (Daily)
SP500,2024-07-15,5631.22,S&P 500 Index (Daily)
SP500,2024-07-16,5667.2,S&P 500 Index (Daily)
SP500,2024-07-17,5588.27,S&P 500 Index (Daily)
SP500,2024-07-18,5544.59,S&P 500 Index (Daily)
SP500,2024-07-19,5505.0,S&P 500 Index (Daily)
SP500,2024-07-22,5564.41,S&P 500 Index (Daily)
SP500,2024-07-23,5555.74,S&P 500 Index (Daily)
SP500,2024-07-24,5427.13,S&P 500 Index (Daily)
SP500,2024-07-25,5399.22,S&P 500 Index (Daily)
SP500,2024-07-26,5459.1,S&P 500 Index (Daily)
SP500,2024-07-29,5463.54,S&P 500 Index (Daily)
SP500,2024-07-30,5436.44,S&P 500 Index (Daily)
SP500,2024-07-31,5522.3,S&P 500 Index (Daily)
SP500,2024-08-01,5446.68,S&P 500 Index (Daily)
SP500,2024-08-02,5346.56,S&P 500 Index (Daily)
SP500,2024-08-05,5186.33,S&P 500 Index (Daily)
SP500,2024-08-06,5240.03,S&P 500 Index (Daily)
SP500,2024-08-07,5199.5,S&P 500 Index (Daily)
SP500,2024-08-08,5319.31,S&P 500 Index (Daily)
SP500,2024-08-09,5344.16,S&P 500 Index (Daily)
SP500,2024-08-12,5344.39,S&P 500 Index (Daily)
SP500,2024-08-13,5434.43,S&P 500 Index (Daily)
SP500,2024-08-14,5455.21,S&P 500 Index (Daily)
SP500,2024-08-15,5543.22,S&P 500 Index (Daily)
SP500,2024-08-16,5554.25,S&P 500 Index (Daily)
SP500,2024-08-19,5608.25,S&P 500 Index (Daily)
SP500,2024-08-20,5597.12,S&P 500 Index (Daily)
SP500,2024-08-21,5620.85,S&P 500 Index (Daily)
SP500,2024-08-22,5570.64,S&P 500 Index (Daily)
SP500,2024-08-23,5634.61,S&P 500 Index (Daily)
SP500,2024-08-26,5616.84,S&P 500 Index (Daily)
SP500,2024-08-27,5625.8,S&P 500 Index (Daily)
SP500,2024-08-28,5592.18,S&P 500 Index (Daily)
SP500,2024-08-29,5591.96,S&P 500 Index (Daily)
SP500,2024-08-30,5648.4,S&P 500 Index (Daily)
SP500,2024-09-03,5528.93,S&P 500 Index (Daily)
SP500,2024-09-04,5520.07,S&P 500 Index (Daily)
SP500,2024-09-05,5503.41,S&P 500 Index (Daily)
SP500,2024-09-06,5408.42,S&P 500 Index (Daily)
SP500,2024-09-09,5471.05,S&P 500 Index (Daily)
SP500,2024-09-10,5495.52,S&P 500 Index (Daily)
SP500,2024-09-11,5554.13,S&P 500 Index (Daily)
SP500,2024-09-12,5595.76,S&P 500 Index (Daily)
SP500,2024-09-13,5626.02,S&P 500 Index (Daily)
SP500,2024-09-16,5633.09,S&P 500 Index (Daily)
SP500,2024-09-17,5634.58,S&P 500 Index (Daily)
SP500,2024-09-18,5618.26,S&P 500 Index (Daily)
SP500,2024-09-19,5713.64,S&P 500 Index (Daily)
SP500,2024-09-20,5702.55,S&P 500 Index (Daily)
SP500,2024-09-23,5718.57,S&P 500 Index (Daily)
SP500,2024-09-24,5732.93,S&P 500 Index (Daily)
SP500,2024-09-25,5722.26,S&P 500 Index (Daily)
SP500,2024-09-26,5745.37,S&P 500 Index (Daily)
SP500,2024-09-27,5738.17,S&P 500 Index (Daily)
SP500,2024-09-30,5762.48,S&P 500 Index (Daily)
SP500,2024-10-01,5708.75,S&P 500 Index (Daily)
SP500,2024-10-02,5709.54,S&P 500 Index (Daily)
SP500,2024-10-03,5699.94,S&P 500 Index (Daily)
SP500,2024-10-04,5751.07,S&P 500 Index (Daily)
SP500,2024-10-07,5695.94,S&P 500 Index (Daily)
SP500,2024-10-08,5751.13,S&P 500 Index (Daily)
SP500,2024-10-09,5792.04,S&P 500 Index (Daily)
SP500,2024-10-10,5780.05,S&P 500 Index (Daily)
SP500,2024-10-11,5815.03,S&P 500 Index (Daily)
SP500,2024-10-14,5859.85,S&P 500 Index (Daily)
SP500,2024-10-15,5815.26,S&P 500 Index (Daily)
SP500,2024-10-16,5842.47,S&P 500 Index (Daily)
SP500,2024-10-17,5841.47,S&P 500 Index (Daily)
SP500,2024-10-18,5864.67,S&P 500 Index (Daily)
SP500,2024-10-21,5853.98,S&P 500 Index (Daily)
SP500,2024-10-22,5851.2,S&P 500 Index (Daily)
SP500,2024-10-23,5797.42,S&P 500 Index (Daily)
SP500,2024-10-24,5809.86,S&P 500 Index (Daily)
SP500,2024-10-25,5808.12,S&P 500 Index (Daily)
SP500,2024-10-28,5823.52,S&P 500 Index (Daily)
SP500,2024-10-29,5832.92,S&P 500 Index (Daily)
SP500,2024-10-30,5813.67,S&P 500 Index (Daily)
SP500,2024-10-31,5705.45,S&P 500 Index (Daily)
SP500,2024-11-01,5728.8,S&P 500 Index (Daily)
SP500,2024-11-04,5712.69,S&P 500 Index (Daily)
SP500,2024-11-05,5782.76,S&P 500 Index (Daily)
SP500,2024-11-06,5929.04,S&P 500 Index (Daily)
SP500,2024-11-07,5973.1,S&P 500 Index (Daily)
SP500,2024-11-08,5995.54,S&P 500 Index (Daily)
SP500,2024-11-11,6001.35,S&P 500 Index (Daily)
SP500,2024-11-12,5983.99,S&P 500 Index (Daily)
SP500,2024-11-13,5985.38,S&P 500 Index (Daily)
SP500,2024-11-14,5949.17,S&P 500 Index (Daily)
SP500,2024-11-15,5870.62,S&P 500 Index (Daily)
SP500,2024-11-18,5893.62,S&P 500 Index (Daily)
SP500,2024-11-19,5916.98,S&P 500 Index (Daily)
SP500,2024-11-20,5917.11,S&P 500 Index (Daily)
SP500,2024-11-21,5948.71,S&P 500 Index (Daily)
SP500,2024-11-22,5969.34,S&P 500 Index (Daily)
SP500,2024-11-25,5987.37,S&P 500 Index (Daily)
SP500,2024-11-26,6021.63,S&P 500 Index (Daily)
SP500,2024-11-27,5998.74,S&P 500 Index (Daily)
SP500,2024-11-29,6032.38,S&P 500 Index (Daily)
SP500,2024-12-02,6047.15,S&P 500 Index (Daily)
SP500,2024-12-03,6049.88,S&P 500 Index (Daily)
SP500,2024-12-04,6086.49,S&P 500 Index (Daily)
SP500,2024-12-05,6075.11,S&P 500 Index (Daily)
SP500,2024-12-06,6090.27,S&P 500 Index (Daily)
SP500,2024-12-09,6052.85,S&P 500 Index (Daily)
SP500,2024-12-10,6034.91,S&P 500 Index (Daily)
SP500,2024-12-11,6084.19,S&P 500 Index (Daily)
SP500,2024-12-12,6051.25,S&P 500 Index (Daily)
SP500,2024-12-13,6051.09,S&P 500 Index (Daily)
SP500,2024-12-16,6074.08,S&P 500 Index (Daily)
SP500,2024-12-17,6050.61,S&P 500 Index (Daily)
SP500,2024-12-18,5872.16,S&P 500 Index (Daily)
SP500,2024-12-19,5867.08,S&P 500 Index (Daily)
SP500,2024-12-20,5930.85,S&P 500 Index (Daily)
SP500,2024-12-23,5974.07,S&P 500 Index (Daily)
SP500,2024-12-24,6040.04,S&P 500 Index (Daily)
SP500,2024-12-26,6037.59,S&P 500 Index (Daily)
SP500,2024-12-27,5970.84,S&P 500 Index (Daily)
SP500,2024-12-30,5906.94,S&P 500 Index (Daily)
SP500,2024-12-31,5881.63,S&P 500 Index (Daily)
SP500,2025-01-02,5868.55,S&P 500 Index (Daily)
SP500,2025-01-03,5942.47,S&P 500 Index (Daily)
SP500,2025-01-06,5975.38,S&P 500 Index (Daily)
SP500,2025-01-07,5909.03,S&P 500 Index (Daily)
SP500,2025-01-08,5918.25,S&P 500 Index (Daily)
SP500,2025-01-10,5827.04,S&P 500 Index (Daily)
SP500,2025-01-13,5836.22,S&P 500 Index (Daily)
SP500,2025-01-14,5842.91,S&P 500 Index (Daily)
SP500,2025-01-15,5949.91,S&P 500 Index (Daily)
SP500,2025-01-16,5937.34,S&P 500 Index (Daily)
SP500,2025-01-17,5996.66,S&P 500 Index (Daily)
SP500,2025-01-21,6049.24,S&P 500 Index (Daily)
SP500,2025-01-22,6086.37,S&P 500 Index (Daily)
SP500,2025-01-23,6118.71,S&P 500 Index (Daily)
SP500,2025-01-24,6101.24,S&P 500 Index (Daily)
SP500,2025-01-27,6012.28,S&P 500 Index (Daily)
SP500,2025-01-28,6067.7,S&P 500 Index (Daily)
SP500,2025-01-29,6039.31,S&P 500 Index (Daily)
SP500,2025-01-30,6071.17,S&P 500 Index (Daily)
SP500,2025-01-31,6040.53,S&P 500 Index (Daily)
SP500,2025-02-03,5994.57,S&P 500 Index (Daily)
SP500,2025-02-04,6037.88,S&P 500 Index (Daily)
SP500,2025-02-05,6061.48,S&P 500 Index (Daily)
SP500,2025-02-06,6083.57,S&P 500 Index (Daily)
SP500,2025-02-07,6025.99,S&P 500 Index (Daily)
SP500,2025-02-10,6066.44,S&P 500 Index (Daily)
SP500,2025-02-11,6068.5,S&P 500 Index (Daily)
SP500,2025-02-12,6051.97,S&P 500 Index (Daily)
SP500,2025-02-13,6115.07,S&P 500 Index (Daily)
SP500,2025-02-14,6114.63,S&P 500 Index (Daily)
SP500,2025-02-18,6129.58,S&P 500 Index (Daily)
SP500,2025-02-19,6144.15,S&P 500 Index (Daily)
SP500,2025-02-20,6117.52,S&P 500 Index (Daily)
SP500,2025-02-21,6013.13,S&P 500 Index (Daily)
SP500,2025-02-24,5983.25,S&P 500 Index (Daily)
SP500,2025-02-25,5955.25,S&P 500 Index (Daily)
SP500,2025-02-26,5956.06,S&P 500 Index (Daily)
SP500,2025-02-27,5861.57,S&P 500 Index (Daily)
SP500,2025-02-28,5954.5,S&P 500 Index (Daily)
SP500,2025-03-03,5849.72,S&P 500 Index (Daily)
SP500,2025-03-04,5778.15,S&P 500 Index (Daily)
SP500,2025-03-05,5842.63,S&P 500 Index (Daily)
SP500,2025-03-06,5738.52,S&P 500 Index (Daily)
SP500,2025-03-07,5770.2,S&P 500 Index (Daily)
SP500,2025-03-10,5614.56,S&P 500 Index (Daily)
SP500,2025-03-11,5572.07,S&P 500 Index (Daily)
SP500,2025-03-12,5599.3,S&P 500 Index (Daily)
SP500,2025-03-13,5521.52,S&P 500 Index (Daily)
SP500,2025-03-14,5638.94,S&P 500 Index (Daily)
SP500,2025-03-17,5675.12,S&P 500 Index (Daily)
SP500,2025-03-18,5614.66,S&P 500 Index (Daily)
SP500,2025-03-19,5675.29,S&P 500 Index (Daily)
SP500,2025-03-20,5662.89,S&P 500 Index (Daily)
SP500,2025-03-21,5667.56,S&P 500 Index (Daily)
SP500,2025-03-24,5767.57,S&P 500 Index (Daily)
SP500,2025-03-25,5776.65,S&P 500 Index (Daily)
SP500,2025-03-26,5712.2,S&P 500 Index (Daily)
SP500,2025-03-27,5693.31,S&P 500 Index (Daily)
SP500,2025-03-28,5580.94,S&P 500 Index (Daily)
SP500,2025-03-31,5611.85,S&P 500 Index (Daily)
SP500,2025-04-01,5633.07,S&P 500 Index (Daily)
SP500,2025-04-02,5670.97,S&P 500 Index (Daily)
SP500,2025-04-03,5396.52,S&P 500 Index (Daily)
SP500,2025-04-04,5074.08,S&P 500 Index (Daily)
SP500,2025-04-07,5062.25,S&P 500 Index (Daily)
SP500,2025-04-08,4982.77,S&P 500 Index (Daily)
SP500,2025-04-09,5456.9,S&P 500 Index (Daily)
SP500,2025-04-10,5268.05,S&P 500 Index (Daily)
SP500,2025-04-11,5363.36,S&P 500 Index (Daily)
SP500,2025-04-14,5405.97,S&P 500 Index (Daily)
SP500,2025-04-15,5396.63,S&P 500 Index (Daily)
SP500,2025-04-16,5275.7,S&P 500 Index (Daily)
SP500,2025-04-17,5282.7,S&P 500 Index (Daily)
SP500,2025-04-21,5158.2,S&P 500 Index (Daily)
SP500,2025-04-22,5287.76,S&P 500 Index (Daily)
SP500,2025-04-23,5375.86,S&P 500 Index (Daily)
SP500,2025-04-24,5484.77,S&P 500 Index (Daily)
SP500,2025-04-25,5525.21,S&P 500 Index (Daily)
SP500,2025-04-28,5528.75,S&P 500 Index (Daily)
SP500,2025-04-29,5560.83,S&P 500 Index (Daily)
SP500,2025-04-30,5569.06,S&P 500 Index (Daily)
SP500,2025-05-01,5604.14,S&P 500 Index (Daily)
SP500,2025-05-02,5686.67,S&P 500 Index (Daily)
SP500,2025-05-05,5650.38,S&P 500 Index (Daily)
SP500,2025-05-06,5606.91,S&P 500 Index (Daily)
SP500,2025-05-07,5631.28,S&P 500 Index (Daily)
SP500,2025-05-08,5663.94,S&P 500 Index (Daily)
SP500,2025-05-09,5659.91,S&P 500 Index (Daily)
SP500,2025-05-12,5844.19,S&P 500 Index (Daily)
SP500,2025-05-13,5886.55,S&P 500 Index (Daily)
SP500,2025-05-14,5892.58,S&P 500 Index (Daily)
SP500,2025-05-15,5916.93,S&P 500 Index (Daily)
SP500,2025-05-16,5958.38,S&P 500 Index (Daily)
SP500,2025-05-19,5963.6,S&P 500 Index (Daily)
SP500,2025-05-20,5940.46,S&P 500 Index (Daily)
SP500,2025-05-21,5844.61,S&P 500 Index (Daily)
SP500,2025-05-22,5842.01,S&P 500 Index (Daily)
SP500,2025-05-23,5802.82,S&P 500 Index (Daily)
SP500,2025-05-27,5921.54,S&P 500 Index (Daily)
SP500,2025-05-28,5888.55,S&P 500 Index (Daily)
SP500,2025-05-29,5912.17,S&P 500 Index (Daily)
SP500,2025-05-30,5911.69,S&P 500 Index (Daily)
SP500,2025-06-02,5935.94,S&P 500 Index (Daily)
SP500,2025-06-03,5970.37,S&P 500 Index (Daily)
SP500,2025-06-04,5970.81,S&P 500 Index (Daily)
SP500,2025-06-05,5939.3,S&P 500 Index (Daily)
SP500,2025-06-06,6000.36,S&P 500 Index (Daily)
SP500,2025-06-09,6005.88,S&P 500 Index (Daily)
SP500,2025-06-10,6038.81,S&P 500 Index (Daily)
SP500,2025-06-11,6022.24,S&P 500 Index (Daily)
SP500,2025-06-12,6045.26,S&P 500 Index (Daily)
SP500,2025-06-13,5976.97,S&P 500 Index (Daily)
SP500,2025-06-16,6033.11,S&P 500 Index (Daily)
SP500,2025-06-17,5982.72,S&P 500 Index (Daily)
SP500,2025-06-18,5980.87,S&P 500 Index (Daily)
SP500,2025-06-20,5967.84,S&P 500 Index (Daily)
SP500,2025-06-23,6025.17,S&P 500 Index (Daily)
SP500,2025-06-24,6092.18,S&P 500 Index (Daily)
SP500,2025-06-25,6092.16,S&P 500 Index (Daily)
SP500,2025-06-26,6141.02,S&P 500 Index (Daily)
SP500,2025-06-27,6173.07,S&P 500 Index (Daily)
SP500,2025-06-30,6204.95,S&P 500 Index (Daily)
VIXCLS,2020-01-02,12.47,CBOE Volatility Index VIX (Daily)
VIXCLS,2020-01-03,14.02,CBOE Volatility Index VIX (Daily)
VIXCLS,2020-01-06,13.85,CBOE Volatility Index VIX (Daily)
VIXCLS,2020-01-07,13.79,CBOE Volatility Index VIX (Daily)
VIXCLS,2020-01-08,13.45,CBOE Volatility Index VIX (Daily)
VIXCLS,2020-01-09,12.54,CBOE Volatility Index VIX (Daily)
VIXCLS,2020-01-10,12.56,CBOE Volatility Index VIX (Daily)
VIXCLS,2020-01-13,12.32,CBOE Volatility Index VIX (Daily)
VIXCLS,2020-01-14,12.39,CBOE Volatility Index VIX (Daily)
VIXCLS,2020-01-15,12.42,CBOE Volatility Index VIX (Daily)
VIXCLS,2020-01-16,12.32,CBOE Volatility Index VIX (Daily)
VIXCLS,2020-01-17,12.1,CBOE Volatility Index VIX (Daily)
VIXCLS,2020-01-21,12.85,CBOE Volatility Index VIX (Daily)
VIXCLS,2020-01-22,12.91,CBOE Volatility Index VIX (Daily)
VIXCLS,2020-01-23,12.98,CBOE Volatility Index VIX (Daily)
VIXCLS,2020-01-24,14.56,CBOE Volatility Index VIX (Daily)
VIXCLS,2020-01-27,18.23,CBOE Volatility Index VIX (Daily)
VIXCLS,2020-01-28,16.28,CBOE Volatility Index VIX (Daily)
VIXCLS,2020-01-29,16.39,CBOE Volatility Index VIX (Daily)
VIXCLS,2020-01-30,15.49,CBOE Volatility Index VIX (Daily)
VIXCLS,2020-01-31,18.84,CBOE Volatility Index VIX (Daily)
VIXCLS,2020-02-03,17.97,CBOE Volatility Index VIX (Daily)
VIXCLS,2020-02-04,16.05,CBOE Volatility Index VIX (Daily)
VIXCLS,2020-02-05,15.15,CBOE Volatility Index VIX (Daily)
VIXCLS,2020-02-06,14.96,CBOE Volatility Index VIX (Daily)
VIXCLS,2020-02-07,15.47,CBOE Volatility Index VIX (Daily)
VIXCLS,2020-02-10,15.04,CBOE Volatility Index VIX (Daily)
VIXCLS,2020-02-11,15.18,CBOE Volatility Index VIX (Daily)
VIXCLS,2020-02-12,13.74,CBOE Volatility Index VIX (Daily)
VIXCLS,2020-02-13,14.15,CBOE Volatility Index VIX (Daily)
VIXCLS,2020-02-14,13.68,CBOE Volatility Index VIX (Daily)
VIXCLS,2020-02-18,14.83,CBOE Volatility Index VIX (Daily)
VIXCLS,2020-02-19,14.38,CBOE Volatility Index VIX (Daily)
VIXCLS,2020-02-20,15.56,CBOE Volatility Index VIX (Daily)
VIXCLS,2020-02-21,17.08,CBOE Volatility Index VIX (Daily)
VIXCLS,2020-02-24,25.03,CBOE Volatility Index VIX (Daily)
VIXCLS,2020-02-25,27.85,CBOE Volatility Index VIX (Daily)
VIXCLS,2020-02-26,27.56,CBOE Volatility Index VIX (Daily)
VIXCLS,2020-02-27,39.16,CBOE Volatility Index VIX (Daily)
VIXCLS,2020-02-28,40.11,CBOE Volatility Index VIX (Daily)
VIXCLS,2020-03-02,33.42,CBOE Volatility Index VIX (Daily)
VIXCLS,2020-03-03,36.82,CBOE Volatility Index VIX (Daily)
VIXCLS,2020-03-04,31.99,CBOE Volatility Index VIX (Daily)
VIXCLS,2020-03-05,39.62,CBOE Volatility Index VIX (Daily)
VIXCLS,2020-03-06,41.94,CBOE Volatility Index VIX (Daily)
VIXCLS,2020-03-09,54.46,CBOE Volatility Index VIX (Daily)
VIXCLS,2020-03-10,47.3,CBOE Volatility Index VIX (Daily)
VIXCLS,2020-03-11,53.9,CBOE Volatility Index VIX (Daily)
VIXCLS,2020-03-12,75.47,CBOE Volatility Index VIX (Daily)
VIXCLS,2020-03-13,57.83,CBOE Volatility Index VIX (Daily)
VIXCLS,2020-03-16,82.69,CBOE Volatility Index VIX (Daily)
VIXCLS,2020-03-17,75.91,CBOE Volatility Index VIX (Daily)
VIXCLS,2020-03-18,76.45,CBOE Volatility Index VIX (Daily)
VIXCLS,2020-03-19,72.0,CBOE Volatility Index VIX (Daily)
VIXCLS,2020-03-20,66.04,CBOE Volatility Index VIX (Daily)
VIXCLS,2020-03-23,61.59,CBOE Volatility Index VIX (Daily)
VIXCLS,2020-03-24,61.67,CBOE Volatility Index VIX (Daily)
VIXCLS,2020-03-25,63.95,CBOE Volatility Index VIX (Daily)
VIXCLS,2020-03-26,61.0,CBOE Volatility Index VIX (Daily)
VIXCLS,2020-03-27,65.54,CBOE Volatility Index VIX (Daily)
VIXCLS,2020-03-30,57.08,CBOE Volatility Index VIX (Daily)
VIXCLS,2020-03-31,53.54,CBOE Volatility Index VIX (Daily)
VIXCLS,2020-04-01,57.06,CBOE Volatility Index VIX (Daily)
VIXCLS,2020-04-02,50.91,CBOE Volatility Index VIX (Daily)
VIXCLS,2020-04-03,46.8,CBOE Volatility Index VIX (Daily)
VIXCLS,2020-04-06,45.24,CBOE Volatility Index VIX (Daily)
VIXCLS,2020-04-07,46.7,CBOE Volatility Index VIX (Daily)
VIXCLS,2020-04-08,43.35,CBOE Volatility Index VIX (Daily)
VIXCLS,2020-04-09,41.67,CBOE Volatility Index VIX (Daily)
VIXCLS,2020-04-13,41.17,CBOE Volatility Index VIX (Daily)
VIXCLS,2020-04-14,37.76,CBOE Volatility Index VIX (Daily)
VIXCLS,2020-04-15,40.84,CBOE Volatility Index VIX (Daily)
VIXCLS,2020-04-16,40.11,CBOE Volatility Index VIX (Daily)
VIXCLS,2020-04-17,38.15,CBOE Volatility Index VIX (Daily)
VIXCLS,2020-04-20,43.83,CBOE Volatility Index VIX (Daily)
VIXCLS,2020-04-21,45.41,CBOE Volatility Index VIX (Daily)
VIXCLS,2020-04-22,41.98,CBOE Volatility Index VIX (Daily)
VIXCLS,2020-04-23,41.38,CBOE Volatility Index VIX (Daily)
VIXCLS,2020-04-24,35.93,CBOE Volatility Index VIX (Daily)
VIXCLS,2020-04-27,33.29,CBOE Volatility Index VIX (Daily)
VIXCLS,2020-04-28,33.57,CBOE Volatility Index VIX (Daily)
VIXCLS,2020-04-29,31.23,CBOE Volatility Index VIX (Daily)
VIXCLS,2020-04-30,34.15,CBOE Volatility Index VIX (Daily)
VIXCLS,2020-05-01,37.19,CBOE Volatility Index VIX (Daily)
VIXCLS,2020-05-04,35.97,CBOE Volatility Index VIX (Daily)
VIXCLS,2020-05-05,33.61,CBOE Volatility Index VIX (Daily)
VIXCLS,2020-05-06,34.12,CBOE Volatility Index VIX (Daily)
VIXCLS,2020-05-07,31.44,CBOE Volatility Index VIX (Daily)
VIXCLS,2020-05-08,27.98,CBOE Volatility Index VIX (Daily)
VIXCLS,2020-05-11,27.57,CBOE Volatility Index VIX (Daily)
VIXCLS,2020-05-12,33.04,CBOE Volatility Index VIX (Daily)
VIXCLS,2020-05-13,35.28,CBOE Volatility Index VIX (Daily)
VIXCLS,2020-05-14,32.61,CBOE Volatility Index VIX (Daily)
VIXCLS,2020-05-15,31.89,CBOE Volatility Index VIX (Daily)
VIXCLS,2020-05-18,29.3,CBOE Volatility Index VIX (Daily)
VIXCLS,2020-05-19,30.53,CBOE Volatility Index VIX (Daily)
VIXCLS,2020-05-20,27.99,CBOE Volatility Index VIX (Daily)
VIXCLS,2020-05-21,29.53,CBOE Volatility Index VIX (Daily)
VIXCLS,2020-05-22,28.16,CBOE Volatility Index VIX (Daily)
VIXCLS,2020-05-26,28.01,CBOE Volatility Index VIX (Daily)
VIXCLS,2020-05-27,27.62,CBOE Volatility Index VIX (Daily)
VIXCLS,2020-05-28,28.59,CBOE Volatility Index VIX (Daily)
VIXCLS,2020-05-29,27.51,CBOE Volatility Index VIX (Daily)
VIXCLS,2020-06-01,28.23,CBOE Volatility Index VIX (Daily)
VIXCLS,2020-06-02,26.84,CBOE Volatility Index VIX (Daily)
VIXCLS,2020-06-03,25.66,CBOE Volatility Index VIX (Daily)
VIXCLS,2020-06-04,25.81,CBOE Volatility Index VIX (Daily)
VIXCLS,2020-06-05,24.52,CBOE Volatility Index VIX (Daily)
VIXCLS,2020-06-08,25.81,CBOE Volatility Index VIX (Daily)
VIXCLS,2020-06-09,27.57,CBOE Volatility Index VIX (Daily)
VIXCLS,2020-06-10,27.57,CBOE Volatility Index VIX (Daily)
VIXCLS,2020-06-11,40.79,CBOE Volatility Index VIX (Daily)
VIXCLS,2020-06-12,36.09,CBOE Volatility Index VIX (Daily)
VIXCLS,2020-06-15,34.4,CBOE Volatility Index VIX (Daily)
VIXCLS,2020-06-16,33.67,CBOE Volatility Index VIX (Daily)
VIXCLS,2020-06-17,33.47,CBOE Volatility Index VIX (Daily)
VIXCLS,2020-06-18,32.94,CBOE Volatility Index VIX (Daily)
VIXCLS,2020-06-19,35.12,CBOE Volatility Index VIX (Daily)
VIXCLS,2020-06-22,31.77,CBOE Volatility Index VIX (Daily)
VIXCLS,2020-06-23,31.37,CBOE Volatility Index VIX (Daily)
VIXCLS,2020-06-24,33.84,CBOE Volatility Index VIX (Daily)
VIXCLS,2020-06-25,32.22,CBOE Volatility Index VIX (Daily)
VIXCLS,2020-06-26,34.73,CBOE Volatility Index VIX (Daily)
VIXCLS,2020-06-29,31.78,CBOE Volatility Index VIX (Daily)
VIXCLS,2020-06-30,30.43,CBOE Volatility Index VIX (Daily)
VIXCLS,2020-07-01,28.62,CBOE Volatility Index VIX (Daily)
VIXCLS,2020-07-02,27.68,CBOE Volatility Index VIX (Daily)
VIXCLS,2020-07-06,27.94,CBOE Volatility Index VIX (Daily)
VIXCLS,2020-07-07,29.43,CBOE Volatility Index VIX (Daily)
VIXCLS,2020-07-08,28.08,CBOE Volatility Index VIX (Daily)
VIXCLS,2020-07-09,29.26,CBOE Volatility Index VIX (Daily)
VIXCLS,2020-07-10,27.29,CBOE Volatility Index VIX (Daily)
VIXCLS,2020-07-13,32.19,CBOE Volatility Index VIX (Daily)
VIXCLS,2020-07-14,29.52,CBOE Volatility Index VIX (Daily)
VIXCLS,2020-07-15,27.76,CBOE Volatility Index VIX (Daily)
VIXCLS,2020-07-16,28.0,CBOE Volatility Index VIX (Daily)
VIXCLS,2020-07-17,25.68,CBOE Volatility Index VIX (Daily)
VIXCLS,2020-07-20,24.46,CBOE Volatility Index VIX (Daily)
VIXCLS,2020-07-21,24.84,CBOE Volatility Index VIX (Daily)
VIXCLS,2020-07-22,24.32,CBOE Volatility Index VIX (Daily)
VIXCLS,2020-07-23,26.08,CBOE Volatility Index VIX (Daily)
VIXCLS,2020-07-24,25.84,CBOE Volatility Index VIX (Daily)
VIXCLS,2020-07-27,24.74,CBOE Volatility Index VIX (Daily)
VIXCLS,2020-07-28,25.44,CBOE Volatility Index VIX (Daily)
VIXCLS,2020-07-29,24.1,CBOE Volatility Index VIX (Daily)
VIXCLS,2020-07-30,24.76,CBOE Volatility Index VIX (Daily)
VIXCLS,2020-07-31,24.46,CBOE Volatility Index VIX (Daily)
VIXCLS,2020-08-03,24.28,CBOE Volatility Index VIX (Daily)
VIXCLS,2020-08-04,23.76,CBOE Volatility Index VIX (Daily)
VIXCLS,2020-08-05,22.99,CBOE Volatility Index VIX (Daily)
VIXCLS,2020-08-06,22.65,CBOE Volatility Index VIX (Daily)
VIXCLS,2020-08-07,22.21,CBOE Volatility Index VIX (Daily)
VIXCLS,2020-08-10,22.13,CBOE Volatility Index VIX (Daily)
VIXCLS,2020-08-11,24.03,CBOE Volatility Index VIX (Daily)
VIXCLS,2020-08-12,22.28,CBOE Volatility Index VIX (Daily)
VIXCLS,2020-08-13,22.13,CBOE Volatility Index VIX (Daily)
VIXCLS,2020-08-14,22.05,CBOE Volatility Index VIX (Daily)
VIXCLS,2020-08-17,21.35,CBOE Volatility Index VIX (Daily)
VIXCLS,2020-08-18,21.51,CBOE Volatility Index VIX (Daily)
VIXCLS,2020-08-19,22.54,CBOE Volatility Index VIX (Daily)
VIXCLS,2020-08-20,22.72,CBOE Volatility Index VIX (Daily)
VIXCLS,2020-08-21,22.54,CBOE Volatility Index VIX (Daily)
VIXCLS,2020-08-24,22.37,CBOE Volatility Index VIX (Daily)
VIXCLS,2020-08-25,22.03,CBOE Volatility Index VIX (Daily)
VIXCLS,2020-08-26,23.27,CBOE Volatility Index VIX (Daily)
VIXCLS,2020-08-27,24.47,CBOE Volatility Index VIX (Daily)
VIXCLS,2020-08-28,22.96,CBOE Volatility Index VIX (Daily)
VIXCLS,2020-08-31,26.41,CBOE Volatility Index VIX (Daily)
VIXCLS,2020-09-01,26.12,CBOE Volatility Index VIX (Daily)
VIXCLS,2020-09-02,26.57,CBOE Volatility Index VIX (Daily)
VIXCLS,2020-09-03,33.6,CBOE Volatility Index VIX (Daily)
VIXCLS,2020-09-04,30.75,CBOE Volatility Index VIX (Daily)
VIXCLS,2020-09-08,31.46,CBOE Volatility Index VIX (Daily)
VIXCLS,2020-09-09,28.81,CBOE Volatility Index VIX (Daily)
VIXCLS,2020-09-10,29.71,CBOE Volatility Index VIX (Daily)
VIXCLS,2020-09-11,26.87,CBOE Volatility Index VIX (Daily)
VIXCLS,2020-09-14,25.85,CBOE Volatility Index VIX (Daily)
VIXCLS,2020-09-15,25.59,CBOE Volatility Index VIX (Daily)
VIXCLS,2020-09-16,26.04,CBOE Volatility Index VIX (Daily)
VIXCLS,2020-09-17,26.46,CBOE Volatility Index VIX (Daily)
VIXCLS,2020-09-18,25.83,CBOE Volatility Index VIX (Daily)
VIXCLS,2020-09-21,27.78,CBOE Volatility Index VIX (Daily)
VIXCLS,2020-09-22,26.86,CBOE Volatility Index VIX (Daily)
VIXCLS,2020-09-23,28.58,CBOE Volatility Index VIX (Daily)
VIXCLS,2020-09-24,28.51,CBOE Volatility Index VIX (Daily)
VIXCLS,2020-09-25,26.38,CBOE Volatility Index VIX (Daily)
VIXCLS,2020-09-28,26.19,CBOE Volatility Index VIX (Daily)
VIXCLS,2020-09-29,26.27,CBOE Volatility Index VIX (Daily)
VIXCLS,2020-09-30,26.37,CBOE Volatility Index VIX (Daily)
VIXCLS,2020-10-01,26.7,CBOE Volatility Index VIX (Daily)
VIXCLS,2020-10-02,27.63,CBOE Volatility Index VIX (Daily)
VIXCLS,2020-10-05,27.96,CBOE Volatility Index VIX (Daily)
VIXCLS,2020-10-06,29.48,CBOE Volatility Index VIX (Daily)
VIXCLS,2020-10-07,28.06,CBOE Volatility Index VIX (Daily)
VIXCLS,2020-10-08,26.36,CBOE Volatility Index VIX (Daily)
VIXCLS,2020-10-09,25.0,CBOE Volatility Index VIX (Daily)
VIXCLS,2020-10-12,25.07,CBOE Volatility Index VIX (Daily)
VIXCLS,2020-10-13,26.07,CBOE Volatility Index VIX (Daily)
VIXCLS,2020-10-14,26.4,CBOE Volatility Index VIX (Daily)
VIXCLS,2020-10-15,26.97,CBOE Volatility Index VIX (Daily)
VIXCLS,2020-10-16,27.41,CBOE Volatility Index VIX (Daily)
VIXCLS,2020-10-19,29.18,CBOE Volatility Index VIX (Daily)
VIXCLS,2020-10-20,29.35,CBOE Volatility Index VIX (Daily)
VIXCLS,2020-10-21,28.65,CBOE Volatility Index VIX (Daily)
VIXCLS,2020-10-22,28.11,CBOE Volatility Index VIX (Daily)
VIXCLS,2020-10-23,27.55,CBOE Volatility Index VIX (Daily)
VIXCLS,2020-10-26,32.46,CBOE Volatility Index VIX (Daily)
VIXCLS,2020-10-27,33.35,CBOE Volatility Index VIX (Daily)
VIXCLS,2020-10-28,40.28,CBOE Volatility Index VIX (Daily)
VIXCLS,2020-10-29,37.59,CBOE Volatility Index VIX (Daily)
VIXCLS,2020-10-30,38.02,CBOE Volatility Index VIX (Daily)
VIXCLS,2020-11-02,37.13,CBOE Volatility Index VIX (Daily)
VIXCLS,2020-11-03,35.55,CBOE Volatility Index VIX (Daily)
VIXCLS,2020-11-04,29.57,CBOE Volatility Index VIX (Daily)
VIXCLS,2020-11-05,27.58,CBOE Volatility Index VIX (Daily)
VIXCLS,2020-11-06,24.86,CBOE Volatility Index VIX (Daily)
VIXCLS,2020-11-09,25.75,CBOE Volatility Index VIX (Daily)
VIXCLS,2020-11-10,24.8,CBOE Volatility Index VIX (Daily)
VIXCLS,2020-11-11,23.45,CBOE Volatility Index VIX (Daily)
VIXCLS,2020-11-12,25.35,CBOE Volatility Index VIX (Daily)
VIXCLS,2020-11-13,23.1,CBOE Volatility Index VIX (Daily)
VIXCLS,2020-11-16,22.45,CBOE Volatility Index VIX (Daily)
VIXCLS,2020-11-17,22.71,CBOE Volatility Index VIX (Daily)
VIXCLS,2020-11-18,23.84,CBOE Volatility Index VIX (Daily)
VIXCLS,2020-11-19,23.11,CBOE Volatility Index VIX (Daily)
VIXCLS,2020-11-20,23.7,CBOE Volatility Index VIX (Daily)
VIXCLS,2020-11-23,22.66,CBOE Volatility Index VIX (Daily)
VIXCLS,2020-11-24,21.64,CBOE Volatility Index VIX (Daily)
VIXCLS,2020-11-25,21.25,CBOE Volatility Index VIX (Daily)
VIXCLS,2020-11-27,20.84,CBOE Volatility Index VIX (Daily)
VIXCLS,2020-11-30,20.57,CBOE Volatility Index VIX (Daily)
VIXCLS,2020-12-01,20.77,CBOE Volatility Index VIX (Daily)
VIXCLS,2020-12-02,21.17,CBOE Volatility Index VIX (Daily)
VIXCLS,2020-12-03,21.28,CBOE Volatility Index VIX (Daily)
VIXCLS,2020-12-04,20.79,CBOE Volatility Index VIX (Daily)
VIXCLS,2020-12-07,21.3,CBOE Volatility Index VIX (Daily)
VIXCLS,2020-12-08,20.68,CBOE Volatility Index VIX (Daily)
VIXCLS,2020-12-09,22.27,CBOE Volatility Index VIX (Daily)
VIXCLS,2020-12-10,22.52,CBOE Volatility Index VIX (Daily)
VIXCLS,2020-12-11,23.31,CBOE Volatility Index VIX (Daily)
VIXCLS,2020-12-14,24.72,CBOE Volatility Index VIX (Daily)
VIXCLS,2020-12-15,22.89,CBOE Volatility Index VIX (Daily)
VIXCLS,2020-12-16,22.5,CBOE Volatility Index VIX (Daily)
VIXCLS,2020-12-17,21.93,CBOE Volatility Index VIX (Daily)
VIXCLS,2020-12-18,21.57,CBOE Volatility Index VIX (Daily)
VIXCLS,2020-12-21,25.16,CBOE Volatility Index VIX (Daily)
VIXCLS,2020-12-22,24.23,CBOE Volatility Index VIX (Daily)
VIXCLS,2020-12-23,23.31,CBOE Volatility Index VIX (Daily)
VIXCLS,2020-12-24,21.53,CBOE Volatility Index VIX (Daily)
VIXCLS,2020-12-28,21.7,CBOE Volatility Index VIX (Daily)
VIXCLS,2020-12-29,23.08,CBOE Volatility Index VIX (Daily)
VIXCLS,2020-12-30,22.77,CBOE Volatility Index VIX (Daily)
VIXCLS,2020-12-31,22.75,CBOE Volatility Index VIX (Daily)
VIXCLS,2021-01-04,26.97,CBOE Volatility Index VIX (Daily)
VIXCLS,2021-01-05,25.34,CBOE Volatility Index VIX (Daily)
VIXCLS,2021-01-06,25.07,CBOE Volatility Index VIX (Daily)
VIXCLS,2021-01-07,22.37,CBOE Volatility Index VIX (Daily)
VIXCLS,2021-01-08,21.56,CBOE Volatility Index VIX (Daily)
VIXCLS,2021-01-11,24.08,CBOE Volatility Index VIX (Daily)
VIXCLS,2021-01-12,23.33,CBOE Volatility Index VIX (Daily)
VIXCLS,2021-01-13,22.21,CBOE Volatility Index VIX (Daily)
VIXCLS,2021-01-14,23.25,CBOE Volatility Index VIX (Daily)
VIXCLS,2021-01-15,24.34,CBOE Volatility Index VIX (Daily)
VIXCLS,2021-01-19,23.24,CBOE Volatility Index VIX (Daily)
VIXCLS,2021-01-20,21.58,CBOE Volatility Index VIX (Daily)
VIXCLS,2021-01-21,21.32,CBOE Volatility Index VIX (Daily)
VIXCLS,2021-01-22,21.91,CBOE Volatility Index VIX (Daily)
VIXCLS,2021-01-25,23.19,CBOE Volatility Index VIX (Daily)
VIXCLS,2021-01-26,23.02,CBOE Volatility Index VIX (Daily)
VIXCLS,2021-01-27,37.21,CBOE Volatility Index VIX (Daily)
VIXCLS,2021-01-28,30.21,CBOE Volatility Index VIX (Daily)
VIXCLS,2021-01-29,33.09,CBOE Volatility Index VIX (Daily)
VIXCLS,2021-02-01,30.24,CBOE Volatility Index VIX (Daily)
VIXCLS,2021-02-02,25.56,CBOE Volatility Index VIX (Daily)
VIXCLS,2021-02-03,22.91,CBOE Volatility Index VIX (Daily)
VIXCLS,2021-02-04,21.77,CBOE Volatility Index VIX (Daily)
VIXCLS,2021-02-05,20.87,CBOE Volatility Index VIX (Daily)
VIXCLS,2021-02-08,21.24,CBOE Volatility Index VIX (Daily)
VIXCLS,2021-02-09,21.63,CBOE Volatility Index VIX (Daily)
VIXCLS,2021-02-10,21.99,CBOE Volatility Index VIX (Daily)
VIXCLS,2021-02-11,21.25,CBOE Volatility Index VIX (Daily)
VIXCLS,2021-02-12,19.97,CBOE Volatility Index VIX (Daily)
VIXCLS,2021-02-16,21.46,CBOE Volatility Index VIX (Daily)
VIXCLS,2021-02-17,21.5,CBOE Volatility Index VIX (Daily)
VIXCLS,2021-02-18,22.49,CBOE Volatility Index VIX (Daily)
VIXCLS,2021-02-19,22.05,CBOE Volatility Index VIX (Daily)
VIXCLS,2021-02-22,23.45,CBOE Volatility Index VIX (Daily)
VIXCLS,2021-02-23,23.11,CBOE Volatility Index VIX (Daily)
VIXCLS,2021-02-24,21.34,CBOE Volatility Index VIX (Daily)
VIXCLS,2021-02-25,28.89,CBOE Volatility Index VIX (Daily)
VIXCLS,2021-02-26,27.95,CBOE Volatility Index VIX (Daily)
VIXCLS,2021-03-01,23.35,CBOE Volatility Index VIX (Daily)
VIXCLS,2021-03-02,24.1,CBOE Volatility Index VIX (Daily)
VIXCLS,2021-03-03,26.67,CBOE Volatility Index VIX (Daily)
VIXCLS,2021-03-04,28.57,CBOE Volatility Index VIX (Daily)
VIXCLS,2021-03-05,24.66,CBOE Volatility Index VIX (Daily)
VIXCLS,2021-03-08,25.47,CBOE Volatility Index VIX (Daily)
VIXCLS,2021-03-09,24.03,CBOE Volatility Index VIX (Daily)
VIXCLS,2021-03-10,22.56,CBOE Volatility Index VIX (Daily)
VIXCLS,2021-03-11,21.91,CBOE Volatility Index VIX (Daily)
VIXCLS,2021-03-12,20.69,CBOE Volatility Index VIX (Daily)
VIXCLS,2021-03-15,20.03,CBOE Volatility Index VIX (Daily)
VIXCLS,2021-03-16,19.79,CBOE Volatility Index VIX (Daily)
VIXCLS,2021-03-17,19.23,CBOE Volatility Index VIX (Daily)
VIXCLS,2021-03-18,21.58,CBOE Volatility Index VIX (Daily)
VIXCLS,2021-03-19,20.95,CBOE Volatility Index VIX (Daily)
VIXCLS,2021-03-22,18.88,CBOE Volatility Index VIX (Daily)
VIXCLS,2021-03-23,20.3,CBOE Volatility Index VIX (Daily)
VIXCLS,2021-03-24,21.2,CBOE Volatility Index VIX (Daily)
VIXCLS,2021-03-25,19.81,CBOE Volatility Index VIX (Daily)
VIXCLS,2021-03-26,18.86,CBOE Volatility Index VIX (Daily)
VIXCLS,2021-03-29,20.74,CBOE Volatility Index VIX (Daily)
VIXCLS,2021-03-30,19.61,CBOE Volatility Index VIX (Daily)
VIXCLS,2021-03-31,19.4,CBOE Volatility Index VIX (Daily)
VIXCLS,2021-04-01,17.33,CBOE Volatility Index VIX (Daily)
VIXCLS,2021-04-05,17.91,CBOE Volatility Index VIX (Daily)
VIXCLS,2021-04-06,18.12,CBOE Volatility Index VIX (Daily)
VIXCLS,2021-04-07,17.16,CBOE Volatility Index VIX (Daily)
VIXCLS,2021-04-08,16.95,CBOE Volatility Index VIX (Daily)
VIXCLS,2021-04-09,16.69,CBOE Volatility Index VIX (Daily)
VIXCLS,2021-04-12,16.91,CBOE Volatility Index VIX (Daily)
VIXCLS,2021-04-13,16.65,CBOE Volatility Index VIX (Daily)
VIXCLS,2021-04-14,16.99,CBOE Volatility Index VIX (Daily)
VIXCLS,2021-04-15,16.57,CBOE Volatility Index VIX (Daily)
VIXCLS,2021-04-16,16.25,CBOE Volatility Index VIX (Daily)
VIXCLS,2021-04-19,17.29,CBOE Volatility Index VIX (Daily)
VIXCLS,2021-04-20,18.68,CBOE Volatility Index VIX (Daily)
VIXCLS,2021-04-21,17.5,CBOE Volatility Index VIX (Daily)
VIXCLS,2021-04-22,18.71,CBOE Volatility Index VIX (Daily)
VIXCLS,2021-04-23,17.33,CBOE Volatility Index VIX (Daily)
VIXCLS,2021-04-26,17.64,CBOE Volatility Index VIX (Daily)
VIXCLS,2021-04-27,17.56,CBOE Volatility Index VIX (Daily)
VIXCLS,2021-04-28,17.28,CBOE Volatility Index VIX (Daily)
VIXCLS,2021-04-29,17.61,CBOE Volatility Index VIX (Daily)
VIXCLS,2021-04-30,18.61,CBOE Volatility Index VIX (Daily)
VIXCLS,2021-05-03,18.31,CBOE Volatility Index VIX (Daily)
VIXCLS,2021-05-04,19.48,CBOE Volatility Index VIX (Daily)
VIXCLS,2021-05-05,19.15,CBOE Volatility Index VIX (Daily)
VIXCLS,2021-05-06,18.39,CBOE Volatility Index VIX (Daily)
VIXCLS,2021-05-07,16.69,CBOE Volatility Index VIX (Daily)
VIXCLS,2021-05-10,19.66,CBOE Volatility Index VIX (Daily)
VIXCLS,2021-05-11,21.84,CBOE Volatility Index VIX (Daily)
VIXCLS,2021-05-12,27.59,CBOE Volatility Index VIX (Daily)
VIXCLS,2021-05-13,23.13,CBOE Volatility Index VIX (Daily)
VIXCLS,2021-05-14,18.81,CBOE Volatility Index VIX (Daily)
VIXCLS,2021-05-17,19.72,CBOE Volatility Index VIX (Daily)
VIXCLS,2021-05-18,21.34,CBOE Volatility Index VIX (Daily)
VIXCLS,2021-05-19,22.18,CBOE Volatility Index VIX (Daily)
VIXCLS,2021-05-20,20.67,CBOE Volatility Index VIX (Daily)
VIXCLS,2021-05-21,20.15,CBOE Volatility Index VIX (Daily)
VIXCLS,2021-05-24,18.4,CBOE Volatility Index VIX (Daily)
VIXCLS,2021-05-25,18.84,CBOE Volatility Index VIX (Daily)
VIXCLS,2021-05-26,17.36,CBOE Volatility Index VIX (Daily)
VIXCLS,2021-05-27,16.74,CBOE Volatility Index VIX (Daily)
VIXCLS,2021-05-28,16.76,CBOE Volatility Index VIX (Daily)
VIXCLS,2021-06-01,17.9,CBOE Volatility Index VIX (Daily)
VIXCLS,2021-06-02,17.48,CBOE Volatility Index VIX (Daily)
VIXCLS,2021-06-03,18.04,CBOE Volatility Index VIX (Daily)
VIXCLS,2021-06-04,16.42,CBOE Volatility Index VIX (Daily)
VIXCLS,2021-06-07,16.42,CBOE Volatility Index VIX (Daily)
VIXCLS,2021-06-08,17.07,CBOE Volatility Index VIX (Daily)
VIXCLS,2021-06-09,17.89,CBOE Volatility Index VIX (Daily)
VIXCLS,2021-06-10,16.1,CBOE Volatility Index VIX (Daily)
VIXCLS,2021-06-11,15.65,CBOE Volatility Index VIX (Daily)
VIXCLS,2021-06-14,16.39,CBOE Volatility Index VIX (Daily)
VIXCLS,2021-06-15,17.02,CBOE Volatility Index VIX (Daily)
VIXCLS,2021-06-16,18.15,CBOE Volatility Index VIX (Daily)
VIXCLS,2021-06-17,17.75,CBOE Volatility Index VIX (Daily)
VIXCLS,2021-06-18,20.7,CBOE Volatility Index VIX (Daily)
VIXCLS,2021-06-21,17.89,CBOE Volatility Index VIX (Daily)
VIXCLS,2021-06-22,16.66,CBOE Volatility Index VIX (Daily)
VIXCLS,2021-06-23,16.32,CBOE Volatility Index VIX (Daily)
VIXCLS,2021-06-24,15.97,CBOE Volatility Index VIX (Daily)
VIXCLS,2021-06-25,15.62,CBOE Volatility Index VIX (Daily)
VIXCLS,2021-06-28,15.76,CBOE Volatility Index VIX (Daily)
VIXCLS,2021-06-29,16.02,CBOE Volatility Index VIX (Daily)
VIXCLS,2021-06-30,15.83,CBOE Volatility Index VIX (Daily)
VIXCLS,2021-07-01,15.48,CBOE Volatility Index VIX (Daily)
VIXCLS,2021-07-02,15.07,CBOE Volatility Index VIX (Daily)
VIXCLS,2021-07-06,16.44,CBOE Volatility Index VIX (Daily)
VIXCLS,2021-07-07,16.2,CBOE Volatility Index VIX (Daily)
VIXCLS,2021-07-08,19.0,CBOE Volatility Index VIX (Daily)
VIXCLS,2021-07-09,16.18,CBOE Volatility Index VIX (Daily)
VIXCLS,2021-07-12,16.17,CBOE Volatility Index VIX (Daily)
VIXCLS,2021-07-13,17.12,CBOE Volatility Index VIX (Daily)
VIXCLS,2021-07-14,16.33,CBOE Volatility Index VIX (Daily)
VIXCLS,2021-07-15,17.01,CBOE Volatility Index VIX (Daily)
VIXCLS,2021-07-16,18.45,CBOE Volatility Index VIX (Daily)
VIXCLS,2021-07-19,22.5,CBOE Volatility Index VIX (Daily)
VIXCLS,2021-07-20,19.73,CBOE Volatility Index VIX (Daily)
VIXCLS,2021-07-21,17.91,CBOE Volatility Index VIX (Daily)
VIXCLS,2021-07-22,17.69,CBOE Volatility Index VIX (Daily)
VIXCLS,2021-07-23,17.2,CBOE Volatility Index VIX (Daily)
VIXCLS,2021-07-26,17.58,CBOE Volatility Index VIX (Daily)
VIXCLS,2021-07-27,19.36,CBOE Volatility Index VIX (Daily)
VIXCLS,2021-07-28,18.31,CBOE Volatility Index VIX (Daily)
VIXCLS,2021-07-29,17.7,CBOE Volatility Index VIX (Daily)
VIXCLS,2021-07-30,18.24,CBOE Volatility Index VIX (Daily)
VIXCLS,2021-08-02,19.46,CBOE Volatility Index VIX (Daily)
VIXCLS,2021-08-03,18.04,CBOE Volatility Index VIX (Daily)
VIXCLS,2021-08-04,17.97,CBOE Volatility Index VIX (Daily)
VIXCLS,2021-08-05,17.28,CBOE Volatility Index VIX (Daily)
VIXCLS,2021-08-06,16.15,CBOE Volatility Index VIX (Daily)
VIXCLS,2021-08-09,16.72,CBOE Volatility Index VIX (Daily)
VIXCLS,2021-08-10,16.79,CBOE Volatility Index VIX (Daily)
VIXCLS,2021-08-11,16.06,CBOE Volatility Index VIX (Daily)
VIXCLS,2021-08-12,15.59,CBOE Volatility Index VIX (Daily)
VIXCLS,2021-08-13,15.45,CBOE Volatility Index VIX (Daily)
VIXCLS,2021-08-16,16.12,CBOE Volatility Index VIX (Daily)
VIXCLS,2021-08-17,17.91,CBOE Volatility Index VIX (Daily)
VIXCLS,2021-08-18,21.57,CBOE Volatility Index VIX (Daily)
VIXCLS,2021-08-19,21.67,CBOE Volatility Index VIX (Daily)
VIXCLS,2021-08-20,18.56,CBOE Volatility Index VIX (Daily)
VIXCLS,2021-08-23,17.15,CBOE Volatility Index VIX (Daily)
VIXCLS,2021-08-24,17.22,CBOE Volatility Index VIX (Daily)
VIXCLS,2021-08-25,16.79,CBOE Volatility Index VIX (Daily)
VIXCLS,2021-08-26,18.84,CBOE Volatility Index VIX (Daily)
VIXCLS,2021-08-27,16.39,CBOE Volatility Index VIX (Daily)
VIXCLS,2021-08-30,16.19,CBOE Volatility Index VIX (Daily)
VIXCLS,2021-08-31,16.48,CBOE Volatility Index VIX (Daily)
VIXCLS,2021-09-01,16.11,CBOE Volatility Index VIX (Daily)
VIXCLS,2021-09-02,16.41,CBOE Volatility Index VIX (Daily)
VIXCLS,2021-09-03,16.41,CBOE Volatility Index VIX (Daily)
VIXCLS,2021-09-07,18.14,CBOE Volatility Index VIX (Daily)
VIXCLS,2021-09-08,17.96,CBOE Volatility Index VIX (Daily)
VIXCLS,2021-09-09,18.8,CBOE Volatility Index VIX (Daily)
VIXCLS,2021-09-10,20.95,CBOE Volatility Index VIX (Daily)
VIXCLS,2021-09-13,19.37,CBOE Volatility Index VIX (Daily)
VIXCLS,2021-09-14,19.46,CBOE Volatility Index VIX (Daily)
VIXCLS,2021-09-15,18.18,CBOE Volatility Index VIX (Daily)
VIXCLS,2021-09-16,18.69,CBOE Volatility Index VIX (Daily)
VIXCLS,2021-09-17,20.81,CBOE Volatility Index VIX (Daily)
VIXCLS,2021-09-20,25.71,CBOE Volatility Index VIX (Daily)
VIXCLS,2021-09-21,24.36,CBOE Volatility Index VIX (Daily)
VIXCLS,2021-09-22,20.87,CBOE Volatility Index VIX (Daily)
VIXCLS,2021-09-23,18.63,CBOE Volatility Index VIX (Daily)
VIXCLS,2021-09-24,17.75,CBOE Volatility Index VIX (Daily)
VIXCLS,2021-09-27,18.76,CBOE Volatility Index VIX (Daily)
VIXCLS,2021-09-28,23.25,CBOE Volatility Index VIX (Daily)
VIXCLS,2021-09-29,22.56,CBOE Volatility Index VIX (Daily)
VIXCLS,2021-09-30,23.14,CBOE Volatility Index VIX (Daily)
VIXCLS,2021-10-01,21.15,CBOE Volatility Index VIX (Daily)
VIXCLS,2021-10-04,22.96,CBOE Volatility Index VIX (Daily)
VIXCLS,2021-10-05,21.3,CBOE Volatility Index VIX (Daily)
VIXCLS,2021-10-06,21.0,CBOE Volatility Index VIX (Daily)
VIXCLS,2021-10-07,19.54,CBOE Volatility Index VIX (Daily)
VIXCLS,2021-10-08,18.77,CBOE Volatility Index VIX (Daily)
VIXCLS,2021-10-11,20.0,CBOE Volatility Index VIX (Daily)
VIXCLS,2021-10-12,19.85,CBOE Volatility Index VIX (Daily)
VIXCLS,2021-10-13,18.64,CBOE Volatility Index VIX (Daily)
VIXCLS,2021-10-14,16.86,CBOE Volatility Index VIX (Daily)
VIXCLS,2021-10-15,16.3,CBOE Volatility Index VIX (Daily)
VIXCLS,2021-10-18,16.31,CBOE Volatility Index VIX (Daily)
VIXCLS,2021-10-19,15.7,CBOE Volatility Index VIX (Daily)
VIXCLS,2021-10-20,15.49,CBOE Volatility Index VIX (Daily)
VIXCLS,2021-10-21,15.01,CBOE Volatility Index VIX (Daily)
VIXCLS,2021-10-22,15.43,CBOE Volatility Index VIX (Daily)
VIXCLS,2021-10-25,15.24,CBOE Volatility Index VIX (Daily)
VIXCLS,2021-10-26,15.98,CBOE Volatility Index VIX (Daily)
VIXCLS,2021-10-27,16.98,CBOE Volatility Index VIX (Daily)
VIXCLS,2021-10-28,16.53,CBOE Volatility Index VIX (Daily)
VIXCLS,2021-10-29,16.26,CBOE Volatility Index VIX (Daily)
VIXCLS,2021-11-01,16.41,CBOE Volatility Index VIX (Daily)
VIXCLS,2021-11-02,16.03,CBOE Volatility Index VIX (Daily)
VIXCLS,2021-11-03,15.1,CBOE Volatility Index VIX (Daily)
VIXCLS,2021-11-04,15.44,CBOE Volatility Index VIX (Daily)
VIXCLS,2021-11-05,16.48,CBOE Volatility Index VIX (Daily)
VIXCLS,2021-11-08,17.22,CBOE Volatility Index VIX (Daily)
VIXCLS,2021-11-09,17.78,CBOE Volatility Index VIX (Daily)
VIXCLS,2021-11-10,18.73,CBOE Volatility Index VIX (Daily)
VIXCLS,2021-11-11,17.66,CBOE Volatility Index VIX (Daily)
VIXCLS,2021-11-12,16.29,CBOE Volatility Index VIX (Daily)
VIXCLS,2021-11-15,16.49,CBOE Volatility Index VIX (Daily)
VIXCLS,2021-11-16,16.37,CBOE Volatility Index VIX (Daily)
VIXCLS,2021-11-17,17.11,CBOE Volatility Index VIX (Daily)
VIXCLS,2021-11-18,17.59,CBOE Volatility Index VIX (Daily)
VIXCLS,2021-11-19,17.91,CBOE Volatility Index VIX (Daily)
VIXCLS,2021-11-22,19.17,CBOE Volatility Index VIX (Daily)
VIXCLS,2021-11-23,19.38,CBOE Volatility Index VIX (Daily)
VIXCLS,2021-11-24,18.58,CBOE Volatility Index VIX (Daily)
VIXCLS,2021-11-26,28.62,CBOE Volatility Index VIX (Daily)
VIXCLS,2021-11-29,22.96,CBOE Volatility Index VIX (Daily)
VIXCLS,2021-11-30,27.19,CBOE Volatility Index VIX (Daily)
VIXCLS,2021-12-01,31.12,CBOE Volatility Index VIX (Daily)
VIXCLS,2021-12-02,27.95,CBOE Volatility Index VIX (Daily)
VIXCLS,2021-12-03,30.67,CBOE Volatility Index VIX (Daily)
VIXCLS,2021-12-06,27.18,CBOE Volatility Index VIX (Daily)
VIXCLS,2021-12-07,21.89,CBOE Volatility Index VIX (Daily)
VIXCLS,2021-12-08,19.9,CBOE Volatility Index VIX (Daily)
VIXCLS,2021-12-09,21.58,CBOE Volatility Index VIX (Daily)
VIXCLS,2021-12-10,18.69,CBOE Volatility Index VIX (Daily)
VIXCLS,2021-12-13,20.31,CBOE Volatility Index VIX (Daily)
VIXCLS,2021-12-14,21.89,CBOE Volatility Index VIX (Daily)
VIXCLS,2021-12-15,19.29,CBOE Volatility Index VIX (Daily)
VIXCLS,2021-12-16,20.57,CBOE Volatility Index VIX (Daily)
VIXCLS,2021-12-17,21.57,CBOE Volatility Index VIX (Daily)
VIXCLS,2021-12-20,22.87,CBOE Volatility Index VIX (Daily)
VIXCLS,2021-12-21,21.01,CBOE Volatility Index VIX (Daily)
VIXCLS,2021-12-22,18.63,CBOE Volatility Index VIX (Daily)
VIXCLS,2021-12-23,17.96,CBOE Volatility Index VIX (Daily)
VIXCLS,2021-12-27,17.68,CBOE Volatility Index VIX (Daily)
VIXCLS,2021-12-28,17.54,CBOE Volatility Index VIX (Daily)
VIXCLS,2021-12-29,16.95,CBOE Volatility Index VIX (Daily)
VIXCLS,2021-12-30,17.33,CBOE Volatility Index VIX (Daily)
VIXCLS,2021-12-31,17.22,CBOE Volatility Index VIX (Daily)
VIXCLS,2022-01-03,16.6,CBOE Volatility Index VIX (Daily)
VIXCLS,2022-01-04,16.91,CBOE Volatility Index VIX (Daily)
VIXCLS,2022-01-05,19.73,CBOE Volatility Index VIX (Daily)
VIXCLS,2022-01-06,19.61,CBOE Volatility Index VIX (Daily)
VIXCLS,2022-01-07,18.76,CBOE Volatility Index VIX (Daily)
VIXCLS,2022-01-10,19.4,CBOE Volatility Index VIX (Daily)
VIXCLS,2022-01-11,18.41,CBOE Volatility Index VIX (Daily)
VIXCLS,2022-01-12,17.62,CBOE Volatility Index VIX (Daily)
VIXCLS,2022-01-13,20.31,CBOE Volatility Index VIX (Daily)
VIXCLS,2022-01-14,19.19,CBOE Volatility Index VIX (Daily)
VIXCLS,2022-01-18,22.79,CBOE Volatility Index VIX (Daily)
VIXCLS,2022-01-19,23.85,CBOE Volatility Index VIX (Daily)
VIXCLS,2022-01-20,25.59,CBOE Volatility Index VIX (Daily)
VIXCLS,2022-01-21,28.85,CBOE Volatility Index VIX (Daily)
VIXCLS,2022-01-24,29.9,CBOE Volatility Index VIX (Daily)
VIXCLS,2022-01-25,31.16,CBOE Volatility Index VIX (Daily)
VIXCLS,2022-01-26,31.96,CBOE Volatility Index VIX (Daily)
VIXCLS,2022-01-27,30.49,CBOE Volatility Index VIX (Daily)
VIXCLS,2022-01-28,27.66,CBOE Volatility Index VIX (Daily)
VIXCLS,2022-01-31,24.83,CBOE Volatility Index VIX (Daily)
VIXCLS,2022-02-01,21.96,CBOE Volatility Index VIX (Daily)
VIXCLS,2022-02-02,22.09,CBOE Volatility Index VIX (Daily)
VIXCLS,2022-02-03,24.35,CBOE Volatility Index VIX (Daily)
VIXCLS,2022-02-04,23.22,CBOE Volatility Index VIX (Daily)
VIXCLS,2022-02-07,22.86,CBOE Volatility Index VIX (Daily)
VIXCLS,2022-02-08,21.44,CBOE Volatility Index VIX (Daily)
VIXCLS,2022-02-09,19.96,CBOE Volatility Index VIX (Daily)
VIXCLS,2022-02-10,23.91,CBOE Volatility Index VIX (Daily)
VIXCLS,2022-02-11,27.36,CBOE Volatility Index VIX (Daily)
VIXCLS,2022-02-14,28.33,CBOE Volatility Index VIX (Daily)
VIXCLS,2022-02-15,25.7,CBOE Volatility Index VIX (Daily)
VIXCLS,2022-02-16,24.29,CBOE Volatility Index VIX (Daily)
VIXCLS,2022-02-17,28.11,CBOE Volatility Index VIX (Daily)
VIXCLS,2022-02-18,27.75,CBOE Volatility Index VIX (Daily)
VIXCLS,2022-02-22,28.81,CBOE Volatility Index VIX (Daily)
VIXCLS,2022-02-23,31.02,CBOE Volatility Index VIX (Daily)
VIXCLS,2022-02-24,30.32,CBOE Volatility Index VIX (Daily)
VIXCLS,2022-02-25,27.59,CBOE Volatility Index VIX (Daily)
VIXCLS,2022-02-28,30.15,CBOE Volatility Index VIX (Daily)
VIXCLS,2022-03-01,33.32,CBOE Volatility Index VIX (Daily)
VIXCLS,2022-03-02,30.74,CBOE Volatility Index VIX (Daily)
VIXCLS,2022-03-03,30.48,CBOE Volatility Index VIX (Daily)
VIXCLS,2022-03-04,31.98,CBOE Volatility Index VIX (Daily)
VIXCLS,2022-03-07,36.45,CBOE Volatility Index VIX (Daily)
VIXCLS,2022-03-08,35.13,CBOE Volatility Index VIX (Daily)
VIXCLS,2022-03-09,32.45,CBOE Volatility Index VIX (Daily)
VIXCLS,2022-03-10,30.23,CBOE Volatility Index VIX (Daily)
VIXCLS,2022-03-11,30.75,CBOE Volatility Index VIX (Daily)
VIXCLS,2022-03-14,31.77,CBOE Volatility Index VIX (Daily)
VIXCLS,2022-03-15,29.83,CBOE Volatility Index VIX (Daily)
VIXCLS,2022-03-16,26.67,CBOE Volatility Index VIX (Daily)
VIXCLS,2022-03-17,25.67,CBOE Volatility Index VIX (Daily)
VIXCLS,2022-03-18,23.87,CBOE Volatility Index VIX (Daily)
VIXCLS,2022-03-21,23.53,CBOE Volatility Index VIX (Daily)
VIXCLS,2022-03-22,22.94,CBOE Volatility Index VIX (Daily)
VIXCLS,2022-03-23,23.57,CBOE Volatility Index VIX (Daily)
VIXCLS,2022-03-24,21.67,CBOE Volatility Index VIX (Daily)
VIXCLS,2022-03-25,20.81,CBOE Volatility Index VIX (Daily)
VIXCLS,2022-03-28,19.63,CBOE Volatility Index VIX (Daily)
VIXCLS,2022-03-29,18.9,CBOE Volatility Index VIX (Daily)
VIXCLS,2022-03-30,19.33,CBOE Volatility Index VIX (Daily)
VIXCLS,2022-03-31,20.56,CBOE Volatility Index VIX (Daily)
VIXCLS,2022-04-01,19.63,CBOE Volatility Index VIX (Daily)
VIXCLS,2022-04-04,18.57,CBOE Volatility Index VIX (Daily)
VIXCLS,2022-04-05,21.03,CBOE Volatility Index VIX (Daily)
VIXCLS,2022-04-06,22.1,CBOE Volatility Index VIX (Daily)
VIXCLS,2022-04-07,21.55,CBOE Volatility Index VIX (Daily)
VIXCLS,2022-04-08,21.16,CBOE Volatility Index VIX (Daily)
VIXCLS,2022-04-11,24.37,CBOE Volatility Index VIX (Daily)
VIXCLS,2022-04-12,24.26,CBOE Volatility Index VIX (Daily)
VIXCLS,2022-04-13,21.82,CBOE Volatility Index VIX (Daily)
VIXCLS,2022-04-14,22.7,CBOE Volatility Index VIX (Daily)
VIXCLS,2022-04-18,22.17,CBOE Volatility Index VIX (Daily)
VIXCLS,2022-04-19,21.37,CBOE Volatility Index VIX (Daily)
VIXCLS,2022-04-20,20.32,CBOE Volatility Index VIX (Daily)
VIXCLS,2022-04-21,22.68,CBOE Volatility Index VIX (Daily)
VIXCLS,2022-04-22,28.21,CBOE Volatility Index VIX (Daily)
VIXCLS,2022-04-25,27.02,CBOE Volatility Index VIX (Daily)
VIXCLS,2022-04-26,33.52,CBOE Volatility Index VIX (Daily)
VIXCLS,2022-04-27,31.6,CBOE Volatility Index VIX (Daily)
VIXCLS,2022-04-28,29.99,CBOE Volatility Index VIX (Daily)
VIXCLS,2022-04-29,33.4,CBOE Volatility Index VIX (Daily)
VIXCLS,2022-05-02,32.34,CBOE Volatility Index VIX (Daily)
VIXCLS,2022-05-03,29.25,CBOE Volatility Index VIX (Daily)
VIXCLS,2022-05-04,25.42,CBOE Volatility Index VIX (Daily)
VIXCLS,2022-05-05,31.2,CBOE Volatility Index VIX (Daily)
VIXCLS,2022-05-06,30.19,CBOE Volatility Index VIX (Daily)
VIXCLS,2022-05-09,34.75,CBOE Volatility Index VIX (Daily)
VIXCLS,2022-05-10,32.99,CBOE Volatility Index VIX (Daily)
VIXCLS,2022-05-11,32.56,CBOE Volatility Index VIX (Daily)
VIXCLS,2022-05-12,31.77,CBOE Volatility Index VIX (Daily)
VIXCLS,2022-05-13,28.87,CBOE Volatility Index VIX (Daily)
VIXCLS,2022-05-16,27.47,CBOE Volatility Index VIX (Daily)
VIXCLS,2022-05-17,26.1,CBOE Volatility Index VIX (Daily)
VIXCLS,2022-05-18,30.96,CBOE Volatility Index VIX (Daily)
VIXCLS,2022-05-19,29.35,CBOE Volatility Index VIX (Daily)
VIXCLS,2022-05-20,29.43,CBOE Volatility Index VIX (Daily)
VIXCLS,2022-05-23,28.48,CBOE Volatility Index VIX (Daily)
VIXCLS,2022-05-24,29.45,CBOE Volatility Index VIX (Daily)
VIXCLS,2022-05-25,28.37,CBOE Volatility Index VIX (Daily)
VIXCLS,2022-05-26,27.5,CBOE Volatility Index VIX (Daily)
VIXCLS,2022-05-27,25.72,CBOE Volatility Index VIX (Daily)
VIXCLS,2022-05-30,26.54,CBOE Volatility Index VIX (Daily)
VIXCLS,2022-05-31,26.19,CBOE Volatility Index VIX (Daily)
VIXCLS,2022-06-01,25.69,CBOE Volatility Index VIX (Daily)
VIXCLS,2022-06-02,24.72,CBOE Volatility Index VIX (Daily)
VIXCLS,2022-06-03,24.79,CBOE Volatility Index VIX (Daily)
VIXCLS,2022-06-06,25.07,CBOE Volatility Index VIX (Daily)
VIXCLS,2022-06-07,24.02,CBOE Volatility Index VIX (Daily)
VIXCLS,2022-06-08,23.96,CBOE Volatility Index VIX (Daily)
VIXCLS,2022-06-09,26.09,CBOE Volatility Index VIX (Daily)
VIXCLS,2022-06-10,27.75,CBOE Volatility Index VIX (Daily)
VIXCLS,2022-06-13,34.02,CBOE Volatility Index VIX (Daily)
VIXCLS,2022-06-14,32.69,CBOE Volatility Index VIX (Daily)
VIXCLS,2022-06-15,29.62,CBOE Volatility Index VIX (Daily)
VIXCLS,2022-06-16,32.95,CBOE Volatility Index VIX (Daily)
VIXCLS,2022-06-17,31.13,CBOE Volatility Index VIX (Daily)
VIXCLS,2022-06-20,31.03,CBOE Volatility Index VIX (Daily)
VIXCLS,2022-06-21,30.19,CBOE Volatility Index VIX (Daily)
VIXCLS,2022-06-22,28.95,CBOE Volatility Index VIX (Daily)
VIXCLS,2022-06-23,29.05,CBOE Volatility Index VIX (Daily)
VIXCLS,2022-06-24,27.23,CBOE Volatility Index VIX (Daily)
VIXCLS,2022-06-27,26.95,CBOE Volatility Index VIX (Daily)
VIXCLS,2022-06-28,28.36,CBOE Volatility Index VIX (Daily)
VIXCLS,2022-06-29,28.16,CBOE Volatility Index VIX (Daily)
VIXCLS,2022-06-30,28.71,CBOE Volatility Index VIX (Daily)
VIXCLS,2022-07-01,26.7,CBOE Volatility Index VIX (Daily)
VIXCLS,2022-07-04,27.53,CBOE Volatility Index VIX (Daily)
VIXCLS,2022-07-05,27.54,CBOE Volatility Index VIX (Daily)
VIXCLS,2022-07-06,26.73,CBOE Volatility Index VIX (Daily)
VIXCLS,2022-07-07,26.08,CBOE Volatility Index VIX (Daily)
VIXCLS,2022-07-08,24.64,CBOE Volatility Index VIX (Daily)
VIXCLS,2022-07-11,26.17,CBOE Volatility Index VIX (Daily)
VIXCLS,2022-07-12,27.29,CBOE Volatility Index VIX (Daily)
VIXCLS,2022-07-13,26.82,CBOE Volatility Index VIX (Daily)
VIXCLS,2022-07-14,26.4,CBOE Volatility Index VIX (Daily)
VIXCLS,2022-07-15,24.23,CBOE Volatility Index VIX (Daily)
VIXCLS,2022-07-18,25.3,CBOE Volatility Index VIX (Daily)
VIXCLS,2022-07-19,24.5,CBOE Volatility Index VIX (Daily)
VIXCLS,2022-07-20,23.88,CBOE Volatility Index VIX (Daily)
VIXCLS,2022-07-21,23.11,CBOE Volatility Index VIX (Daily)
VIXCLS,2022-07-22,23.03,CBOE Volatility Index VIX (Daily)
VIXCLS,2022-07-25,23.36,CBOE Volatility Index VIX (Daily)
VIXCLS,2022-07-26,24.69,CBOE Volatility Index VIX (Daily)
VIXCLS,2022-07-27,23.24,CBOE Volatility Index VIX (Daily)
VIXCLS,2022-07-28,22.33,CBOE Volatility Index VIX (Daily)
VIXCLS,2022-07-29,21.33,CBOE Volatility Index VIX (Daily)
VIXCLS,2022-08-01,22.84,CBOE Volatility Index VIX (Daily)
VIXCLS,2022-08-02,23.93,CBOE Volatility Index VIX (Daily)
VIXCLS,2022-08-03,21.95,CBOE Volatility Index VIX (Daily)
VIXCLS,2022-08-04,21.44,CBOE Volatility Index VIX (Daily)
VIXCLS,2022-08-05,21.15,CBOE Volatility Index VIX (Daily)
VIXCLS,2022-08-08,21.29,CBOE Volatility Index VIX (Daily)
VIXCLS,2022-08-09,21.77,CBOE Volatility Index VIX (Daily)
VIXCLS,2022-08-10,19.74,CBOE Volatility Index VIX (Daily)
VIXCLS,2022-08-11,20.2,CBOE Volatility Index VIX (Daily)
VIXCLS,2022-08-12,19.53,CBOE Volatility Index VIX (Daily)
VIXCLS,2022-08-15,19.95,CBOE Volatility Index VIX (Daily)
VIXCLS,2022-08-16,19.69,CBOE Volatility Index VIX (Daily)
VIXCLS,2022-08-17,19.9,CBOE Volatility Index VIX (Daily)
VIXCLS,2022-08-18,19.56,CBOE Volatility Index VIX (Daily)
VIXCLS,2022-08-19,20.6,CBOE Volatility Index VIX (Daily)
VIXCLS,2022-08-22,23.8,CBOE Volatility Index VIX (Daily)
VIXCLS,2022-08-23,24.11,CBOE Volatility Index VIX (Daily)
VIXCLS,2022-08-24,22.82,CBOE Volatility Index VIX (Daily)
VIXCLS,2022-08-25,21.78,CBOE Volatility Index VIX (Daily)
VIXCLS,2022-08-26,25.56,CBOE Volatility Index VIX (Daily)
VIXCLS,2022-08-29,26.21,CBOE Volatility Index VIX (Daily)
VIXCLS,2022-08-30,26.21,CBOE Volatility Index VIX (Daily)
VIXCLS,2022-08-31,25.87,CBOE Volatility Index VIX (Daily)
VIXCLS,2022-09-01,25.56,CBOE Volatility Index VIX (Daily)
VIXCLS,2022-09-02,25.47,CBOE Volatility Index VIX (Daily)
VIXCLS,2022-09-05,25.99,CBOE Volatility Index VIX (Daily)
VIXCLS,2022-09-06,26.91,CBOE Volatility Index VIX (Daily)
VIXCLS,2022-09-07,24.64,CBOE Volatility Index VIX (Daily)
VIXCLS,2022-09-08,23.61,CBOE Volatility Index VIX (Daily)
VIXCLS,2022-09-09,22.79,CBOE Volatility Index VIX (Daily)
VIXCLS,2022-09-12,23.87,CBOE Volatility Index VIX (Daily)
VIXCLS,2022-09-13,27.27,CBOE Volatility Index VIX (Daily)
VIXCLS,2022-09-14,26.16,CBOE Volatility Index VIX (Daily)
VIXCLS,2022-09-15,26.27,CBOE Volatility Index VIX (Daily)
VIXCLS,2022-09-16,26.3,CBOE Volatility Index VIX (Daily)
VIXCLS,2022-09-19,25.76,CBOE Volatility Index VIX (Daily)
VIXCLS,2022-09-20,27.16,CBOE Volatility Index VIX (Daily)
VIXCLS,2022-09-21,27.99,CBOE Volatility Index VIX (Daily)
VIXCLS,2022-09-22,27.35,CBOE Volatility Index VIX (Daily)
VIXCLS,2022-09-23,29.92,CBOE Volatility Index VIX (Daily)
VIXCLS,2022-09-26,32.26,CBOE Volatility Index VIX (Daily)
VIXCLS,2022-09-27,32.6,CBOE Volatility Index VIX (Daily)
VIXCLS,2022-09-28,30.18,CBOE Volatility Index VIX (Daily)
VIXCLS,2022-09-29,31.84,CBOE Volatility Index VIX (Daily)
VIXCLS,2022-09-30,31.62,CBOE Volatility Index VIX (Daily)
VIXCLS,2022-10-03,30.1,CBOE Volatility Index VIX (Daily)
VIXCLS,2022-10-04,29.07,CBOE Volatility Index VIX (Daily)
VIXCLS,2022-10-05,28.55,CBOE Volatility Index VIX (Daily)
VIXCLS,2022-10-06,30.52,CBOE Volatility Index VIX (Daily)
VIXCLS,2022-10-07,31.36,CBOE Volatility Index VIX (Daily)
VIXCLS,2022-10-10,32.45,CBOE Volatility Index VIX (Daily)
VIXCLS,2022-10-11,33.63,CBOE Volatility Index VIX (Daily)
VIXCLS,2022-10-12,33.57,CBOE Volatility Index VIX (Daily)
VIXCLS,2022-10-13,31.94,CBOE Volatility Index VIX (Daily)
VIXCLS,2022-10-14,32.02,CBOE Volatility Index VIX (Daily)
VIXCLS,2022-10-17,31.37,CBOE Volatility Index VIX (Daily)
VIXCLS,2022-10-18,30.5,CBOE Volatility Index VIX (Daily)
VIXCLS,2022-10-19,30.76,CBOE Volatility Index VIX (Daily)
VIXCLS,2022-10-20,29.98,CBOE Volatility Index VIX (Daily)
VIXCLS,2022-10-21,29.69,CBOE Volatility Index VIX (Daily)
VIXCLS,2022-10-24,29.85,CBOE Volatility Index VIX (Daily)
VIXCLS,2022-10-25,28.46,CBOE Volatility Index VIX (Daily)
VIXCLS,2022-10-26,27.28,CBOE Volatility Index VIX (Daily)
VIXCLS,2022-10-27,27.39,CBOE Volatility Index VIX (Daily)
VIXCLS,2022-10-28,25.75,CBOE Volatility Index VIX (Daily)
VIXCLS,2022-10-31,25.88,CBOE Volatility Index VIX (Daily)
VIXCLS,2022-11-01,25.81,CBOE Volatility Index VIX (Daily)
VIXCLS,2022-11-02,25.86,CBOE Volatility Index VIX (Daily)
VIXCLS,2022-11-03,25.3,CBOE Volatility Index VIX (Daily)
VIXCLS,2022-11-04,24.55,CBOE Volatility Index VIX (Daily)
VIXCLS,2022-11-07,24.35,CBOE Volatility Index VIX (Daily)
VIXCLS,2022-11-08,25.54,CBOE Volatility Index VIX (Daily)
VIXCLS,2022-11-09,26.09,CBOE Volatility Index VIX (Daily)
VIXCLS,2022-11-10,23.53,CBOE Volatility Index VIX (Daily)
VIXCLS,2022-11-11,22.52,CBOE Volatility Index VIX (Daily)
VIXCLS,2022-11-14,23.73,CBOE Volatility Index VIX (Daily)
VIXCLS,2022-11-15,24.54,CBOE Volatility Index VIX (Daily)
VIXCLS,2022-11-16,24.11,CBOE Volatility Index VIX (Daily)
VIXCLS,2022-11-17,23.93,CBOE Volatility Index VIX (Daily)
VIXCLS,2022-11-18,23.12,CBOE Volatility Index VIX (Daily)
VIXCLS,2022-11-21,22.36,CBOE Volatility Index VIX (Daily)
VIXCLS,2022-11-22,21.29,CBOE Volatility Index VIX (Daily)
VIXCLS,2022-11-23,20.35,CBOE Volatility Index VIX (Daily)
VIXCLS,2022-11-24,20.42,CBOE Volatility Index VIX (Daily)
VIXCLS,2022-11-25,20.5,CBOE Volatility Index VIX (Daily)
VIXCLS,2022-11-28,22.21,CBOE Volatility Index VIX (Daily)
VIXCLS,2022-11-29,21.89,CBOE Volatility Index VIX (Daily)
VIXCLS,2022-11-30,20.58,CBOE Volatility Index VIX (Daily)
VIXCLS,2022-12-01,19.84,CBOE Volatility Index VIX (Daily)
VIXCLS,2022-12-02,19.06,CBOE Volatility Index VIX (Daily)
VIXCLS,2022-12-05,20.75,CBOE Volatility Index VIX (Daily)
VIXCLS,2022-12-06,22.17,CBOE Volatility Index VIX (Daily)
VIXCLS,2022-12-07,22.68,CBOE Volatility Index VIX (Daily)
VIXCLS,2022-12-08,22.29,CBOE Volatility Index VIX (Daily)
VIXCLS,2022-12-09,22.83,CBOE Volatility Index VIX (Daily)
VIXCLS,2022-12-12,25.0,CBOE Volatility Index VIX (Daily)
VIXCLS,2022-12-13,22.55,CBOE Volatility Index VIX (Daily)
VIXCLS,2022-12-14,21.14,CBOE Volatility Index VIX (Daily)
VIXCLS,2022-12-15,22.83,CBOE Volatility Index VIX (Daily)
VIXCLS,2022-12-16,22.62,CBOE Volatility Index VIX (Daily)
VIXCLS,2022-12-19,22.42,CBOE Volatility Index VIX (Daily)
VIXCLS,2022-12-20,21.48,CBOE Volatility Index VIX (Daily)
VIXCLS,2022-12-21,20.07,CBOE Volatility Index VIX (Daily)
VIXCLS,2022-12-22,21.97,CBOE Volatility Index VIX (Daily)
VIXCLS,2022-12-23,20.87,CBOE Volatility Index VIX (Daily)
VIXCLS,2022-12-27,21.65,CBOE Volatility Index VIX (Daily)
VIXCLS,2022-12-28,22.14,CBOE Volatility Index VIX (Daily)
VIXCLS,2022-12-29,21.44,CBOE Volatility Index VIX (Daily)
VIXCLS,2022-12-30,21.67,CBOE Volatility Index VIX (Daily)
VIXCLS,2023-01-03,22.9,CBOE Volatility Index VIX (Daily)
VIXCLS,2023-01-04,22.01,CBOE Volatility Index VIX (Daily)
VIXCLS,2023-01-05,22.46,CBOE Volatility Index VIX (Daily)
VIXCLS,2023-01-06,21.13,CBOE Volatility Index VIX (Daily)
VIXCLS,2023-01-09,21.97,CBOE Volatility Index VIX (Daily)
VIXCLS,2023-01-10,20.58,CBOE Volatility Index VIX (Daily)
VIXCLS,2023-01-11,21.09,CBOE Volatility Index VIX (Daily)
VIXCLS,2023-01-12,18.83,CBOE Volatility Index VIX (Daily)
VIXCLS,2023-01-13,18.35,CBOE Volatility Index VIX (Daily)
VIXCLS,2023-01-16,19.49,CBOE Volatility Index VIX (Daily)
VIXCLS,2023-01-17,19.36,CBOE Volatility Index VIX (Daily)
VIXCLS,2023-01-18,20.34,CBOE Volatility Index VIX (Daily)
VIXCLS,2023-01-19,20.52,CBOE Volatility Index VIX (Daily)
VIXCLS,2023-01-20,19.85,CBOE Volatility Index VIX (Daily)
VIXCLS,2023-01-23,19.81,CBOE Volatility Index VIX (Daily)
VIXCLS,2023-01-24,19.2,CBOE Volatility Index VIX (Daily)
VIXCLS,2023-01-25,19.08,CBOE Volatility Index VIX (Daily)
VIXCLS,2023-01-26,18.73,CBOE Volatility Index VIX (Daily)
VIXCLS,2023-01-27,18.51,CBOE Volatility Index VIX (Daily)
VIXCLS,2023-01-30,19.94,CBOE Volatility Index VIX (Daily)
VIXCLS,2023-01-31,19.4,CBOE Volatility Index VIX (Daily)
VIXCLS,2023-02-01,17.87,CBOE Volatility Index VIX (Daily)
VIXCLS,2023-02-02,18.73,CBOE Volatility Index VIX (Daily)
VIXCLS,2023-02-03,18.33,CBOE Volatility Index VIX (Daily)
VIXCLS,2023-02-06,19.43,CBOE Volatility Index VIX (Daily)
VIXCLS,2023-02-07,18.66,CBOE Volatility Index VIX (Daily)
VIXCLS,2023-02-08,19.63,CBOE Volatility Index VIX (Daily)
VIXCLS,2023-02-09,20.71,CBOE Volatility Index VIX (Daily)
VIXCLS,2023-02-10,20.53,CBOE Volatility Index VIX (Daily)
VIXCLS,2023-02-13,20.34,CBOE Volatility Index VIX (Daily)
VIXCLS,2023-02-14,18.91,CBOE Volatility Index VIX (Daily)
VIXCLS,2023-02-15,18.23,CBOE Volatility Index VIX (Daily)
VIXCLS,2023-02-16,20.17,CBOE Volatility Index VIX (Daily)
VIXCLS,2023-02-17,20.02,CBOE Volatility Index VIX (Daily)
VIXCLS,2023-02-20,21.23,CBOE Volatility Index VIX (Daily)
VIXCLS,2023-02-21,22.87,CBOE Volatility Index VIX (Daily)
VIXCLS,2023-02-22,22.29,CBOE Volatility Index VIX (Daily)
VIXCLS,2023-02-23,21.14,CBOE Volatility Index VIX (Daily)
VIXCLS,2023-02-24,21.67,CBOE Volatility Index VIX (Daily)
VIXCLS,2023-02-27,20.95,CBOE Volatility Index VIX (Daily)
VIXCLS,2023-02-28,20.7,CBOE Volatility Index VIX (Daily)
VIXCLS,2023-03-01,20.58,CBOE Volatility Index VIX (Daily)
VIXCLS,2023-03-02,19.59,CBOE Volatility Index VIX (Daily)
VIXCLS,2023-03-03,18.49,CBOE Volatility Index VIX (Daily)
VIXCLS,2023-03-06,18.61,CBOE Volatility Index VIX (Daily)
VIXCLS,2023-03-07,19.59,CBOE Volatility Index VIX (Daily)
VIXCLS,2023-03-08,19.11,CBOE Volatility Index VIX (Daily)
VIXCLS,2023-03-09,22.61,CBOE Volatility Index VIX (Daily)
VIXCLS,2023-03-10,24.8,CBOE Volatility Index VIX (Daily)
VIXCLS,2023-03-13,26.52,CBOE Volatility Index VIX (Daily)
VIXCLS,2023-03-14,23.73,CBOE Volatility Index VIX (Daily)
VIXCLS,2023-03-15,26.14,CBOE Volatility Index VIX (Daily)
VIXCLS,2023-03-16,22.99,CBOE Volatility Index VIX (Daily)
VIXCLS,2023-03-17,25.51,CBOE Volatility Index VIX (Daily)
VIXCLS,2023-03-20,24.15,CBOE Volatility Index VIX (Daily)
VIXCLS,2023-03-21,21.38,CBOE Volatility Index VIX (Daily)
VIXCLS,2023-03-22,22.26,CBOE Volatility Index VIX (Daily)
VIXCLS,2023-03-23,22.61,CBOE Volatility Index VIX (Daily)
VIXCLS,2023-03-24,21.74,CBOE Volatility Index VIX (Daily)
VIXCLS,2023-03-27,20.6,CBOE Volatility Index VIX (Daily)
VIXCLS,2023-03-28,19.97,CBOE Volatility Index VIX (Daily)
VIXCLS,2023-03-29,19.12,CBOE Volatility Index VIX (Daily)
VIXCLS,2023-03-30,19.02,CBOE Volatility Index VIX (Daily)
VIXCLS,2023-03-31,18.7,CBOE Volatility Index VIX (Daily)
VIXCLS,2023-04-03,18.55,CBOE Volatility Index VIX (Daily)
VIXCLS,2023-04-04,19.0,CBOE Volatility Index VIX (Daily)
VIXCLS,2023-04-05,19.08,CBOE Volatility Index VIX (Daily)
VIXCLS,2023-04-06,18.4,CBOE Volatility Index VIX (Daily)
VIXCLS,2023-04-10,18.97,CBOE Volatility Index VIX (Daily)
VIXCLS,2023-04-11,19.1,CBOE Volatility Index VIX (Daily)
VIXCLS,2023-04-12,19.09,CBOE Volatility Index VIX (Daily)
VIXCLS,2023-04-13,17.8,CBOE Volatility Index VIX (Daily)
VIXCLS,2023-04-14,17.07,CBOE Volatility Index VIX (Daily)
VIXCLS,2023-04-17,16.95,CBOE Volatility Index VIX (Daily)
VIXCLS,2023-04-18,16.83,CBOE Volatility Index VIX (Daily)
VIXCLS,2023-04-19,16.46,CBOE Volatility Index VIX (Daily)
VIXCLS,2023-04-20,17.17,CBOE Volatility Index VIX (Daily)
VIXCLS,2023-04-21,16.77,CBOE Volatility Index VIX (Daily)
VIXCLS,2023-04-24,16.89,CBOE Volatility Index VIX (Daily)
VIXCLS,2023-04-25,18.76,CBOE Volatility Index VIX (Daily)
VIXCLS,2023-04-26,18.84,CBOE Volatility Index VIX (Daily)
VIXCLS,2023-04-27,17.03,CBOE Volatility Index VIX (Daily)
VIXCLS,2023-04-28,15.78,CBOE Volatility Index VIX (Daily)
VIXCLS,2023-05-01,16.08,CBOE Volatility Index VIX (Daily)
VIXCLS,2023-05-02,17.78,CBOE Volatility Index VIX (Daily)
VIXCLS,2023-05-03,18.34,CBOE Volatility Index VIX (Daily)
VIXCLS,2023-05-04,20.09,CBOE Volatility Index VIX (Daily)
VIXCLS,2023-05-05,17.19,CBOE Volatility Index VIX (Daily)
VIXCLS,2023-05-08,16.98,CBOE Volatility Index VIX (Daily)
VIXCLS,2023-05-09,17.71,CBOE Volatility Index VIX (Daily)
VIXCLS,2023-05-10,16.94,CBOE Volatility Index VIX (Daily)
VIXCLS,2023-05-11,16.93,CBOE Volatility Index VIX (Daily)
VIXCLS,2023-05-12,17.03,CBOE Volatility Index VIX (Daily)
VIXCLS,2023-05-15,17.12,CBOE Volatility Index VIX (Daily)
VIXCLS,2023-05-16,17.99,CBOE Volatility Index VIX (Daily)
VIXCLS,2023-05-17,16.87,CBOE Volatility Index VIX (Daily)
VIXCLS,2023-05-18,16.05,CBOE Volatility Index VIX (Daily)
VIXCLS,2023-05-19,16.81,CBOE Volatility Index VIX (Daily)
VIXCLS,2023-05-22,17.21,CBOE Volatility Index VIX (Daily)
VIXCLS,2023-05-23,18.53,CBOE Volatility Index VIX (Daily)
VIXCLS,2023-05-24,20.03,CBOE Volatility Index VIX (Daily)
VIXCLS,2023-05-25,19.14,CBOE Volatility Index VIX (Daily)
VIXCLS,2023-05-26,17.95,CBOE Volatility Index VIX (Daily)
VIXCLS,2023-05-29,17.46,CBOE Volatility Index VIX (Daily)
VIXCLS,2023-05-30,17.46,CBOE Volatility Index VIX (Daily)
VIXCLS,2023-05-31,17.94,CBOE Volatility Index VIX (Daily)
VIXCLS,2023-06-01,15.65,CBOE Volatility Index VIX (Daily)
VIXCLS,2023-06-02,14.6,CBOE Volatility Index VIX (Daily)
VIXCLS,2023-06-05,14.73,CBOE Volatility Index VIX (Daily)
VIXCLS,2023-06-06,13.96,CBOE Volatility Index VIX (Daily)
VIXCLS,2023-06-07,13.94,CBOE Volatility Index VIX (Daily)
VIXCLS,2023-06-08,13.65,CBOE Volatility Index VIX (Daily)
VIXCLS,2023-06-09,13.83,CBOE Volatility Index VIX (Daily)
VIXCLS,2023-06-12,15.01,CBOE Volatility Index VIX (Daily)
VIXCLS,2023-06-13,14.61,CBOE Volatility Index VIX (Daily)
VIXCLS,2023-06-14,13.88,CBOE Volatility Index VIX (Daily)
VIXCLS,2023-06-15,14.5,CBOE Volatility Index VIX (Daily)
VIXCLS,2023-06-16,13.54,CBOE Volatility Index VIX (Daily)
VIXCLS,2023-06-19,14.19,CBOE Volatility Index VIX (Daily)
VIXCLS,2023-06-20,13.88,CBOE Volatility Index VIX (Daily)
VIXCLS,2023-06-21,13.2,CBOE Volatility Index VIX (Daily)
VIXCLS,2023-06-22,12.91,CBOE Volatility Index VIX (Daily)
VIXCLS,2023-06-23,13.44,CBOE Volatility Index VIX (Daily)
VIXCLS,2023-06-26,14.25,CBOE Volatility Index VIX (Daily)
VIXCLS,2023-06-27,13.74,CBOE Volatility Index VIX (Daily)
VIXCLS,2023-06-28,13.43,CBOE Volatility Index VIX (Daily)
VIXCLS,2023-06-29,13.54,CBOE Volatility Index VIX (Daily)
VIXCLS,2023-06-30,13.59,CBOE Volatility Index VIX (Daily)
VIXCLS,2023-07-03,13.57,CBOE Volatility Index VIX (Daily)
VIXCLS,2023-07-04,13.7,CBOE Volatility Index VIX (Daily)
VIXCLS,2023-07-05,14.18,CBOE Volatility Index VIX (Daily)
VIXCLS,2023-07-06,15.44,CBOE Volatility Index VIX (Daily)
VIXCLS,2023-07-07,14.83,CBOE Volatility Index VIX (Daily)
VIXCLS,2023-07-10,15.07,CBOE Volatility Index VIX (Daily)
VIXCLS,2023-07-11,14.84,CBOE Volatility Index VIX (Daily)
VIXCLS,2023-07-12,13.54,CBOE Volatility Index VIX (Daily)
VIXCLS,2023-07-13,13.61,CBOE Volatility Index VIX (Daily)
VIXCLS,2023-07-14,13.34,CBOE Volatility Index VIX (Daily)
VIXCLS,2023-07-17,13.48,CBOE Volatility Index VIX (Daily)
VIXCLS,2023-07-18,13.3,CBOE Volatility Index VIX (Daily)
VIXCLS,2023-07-19,13.76,CBOE Volatility Index VIX (Daily)
VIXCLS,2023-07-20,13.99,CBOE Volatility Index VIX (Daily)
VIXCLS,2023-07-21,13.6,CBOE Volatility Index VIX (Daily)
VIXCLS,2023-07-24,13.91,CBOE Volatility Index VIX (Daily)
VIXCLS,2023-07-25,13.86,CBOE Volatility Index VIX (Daily)
VIXCLS,2023-07-26,13.19,CBOE Volatility Index VIX (Daily)
VIXCLS,2023-07-27,14.41,CBOE Volatility Index VIX (Daily)
VIXCLS,2023-07-28,13.33,CBOE Volatility Index VIX (Daily)
VIXCLS,2023-07-31,13.63,CBOE Volatility Index VIX (Daily)
VIXCLS,2023-08-01,13.93,CBOE Volatility Index VIX (Daily)
VIXCLS,2023-08-02,16.09,CBOE Volatility Index VIX (Daily)
VIXCLS,2023-08-03,15.92,CBOE Volatility Index VIX (Daily)
VIXCLS,2023-08-04,17.1,CBOE Volatility Index VIX (Daily)
VIXCLS,2023-08-07,15.77,CBOE Volatility Index VIX (Daily)
VIXCLS,2023-08-08,15.99,CBOE Volatility Index VIX (Daily)
VIXCLS,2023-08-09,15.96,CBOE Volatility Index VIX (Daily)
VIXCLS,2023-08-10,15.85,CBOE Volatility Index VIX (Daily)
VIXCLS,2023-08-11,14.84,CBOE Volatility Index VIX (Daily)
VIXCLS,2023-08-14,14.82,CBOE Volatility Index VIX (Daily)
VIXCLS,2023-08-15,16.46,CBOE Volatility Index VIX (Daily)
VIXCLS,2023-08-16,16.78,CBOE Volatility Index VIX (Daily)
VIXCLS,2023-08-17,17.89,CBOE Volatility Index VIX (Daily)
VIXCLS,2023-08-18,17.3,CBOE Volatility Index VIX (Daily)
VIXCLS,2023-08-21,17.13,CBOE Volatility Index VIX (Daily)
VIXCLS,2023-08-22,16.97,CBOE Volatility Index VIX (Daily)
VIXCLS,2023-08-23,15.98,CBOE Volatility Index VIX (Daily)
VIXCLS,2023-08-24,17.2,CBOE Volatility Index VIX (Daily)
VIXCLS,2023-08-25,15.68,CBOE Volatility Index VIX (Daily)
VIXCLS,2023-08-28,15.08,CBOE Volatility Index VIX (Daily)
VIXCLS,2023-08-29,14.45,CBOE Volatility Index VIX (Daily)
VIXCLS,2023-08-30,13.88,CBOE Volatility Index VIX (Daily)
VIXCLS,2023-08-31,13.57,CBOE Volatility Index VIX (Daily)
VIXCLS,2023-09-01,13.09,CBOE Volatility Index VIX (Daily)
VIXCLS,2023-09-04,13.82,CBOE Volatility Index VIX (Daily)
VIXCLS,2023-09-05,14.01,CBOE Volatility Index VIX (Daily)
VIXCLS,2023-09-06,14.45,CBOE Volatility Index VIX (Daily)
VIXCLS,2023-09-07,14.4,CBOE Volatility Index VIX (Daily)
VIXCLS,2023-09-08,13.84,CBOE Volatility Index VIX (Daily)
VIXCLS,2023-09-11,13.8,CBOE Volatility Index VIX (Daily)
VIXCLS,2023-09-12,14.23,CBOE Volatility Index VIX (Daily)
VIXCLS,2023-09-13,13.48,CBOE Volatility Index VIX (Daily)
VIXCLS,2023-09-14,12.82,CBOE Volatility Index VIX (Daily)
VIXCLS,2023-09-15,13.79,CBOE Volatility Index VIX (Daily)
VIXCLS,2023-09-18,14.0,CBOE Volatility Index VIX (Daily)
VIXCLS,2023-09-19,14.11,CBOE Volatility Index VIX (Daily)
VIXCLS,2023-09-20,15.14,CBOE Volatility Index VIX (Daily)
VIXCLS,2023-09-21,17.54,CBOE Volatility Index VIX (Daily)
VIXCLS,2023-09-22,17.2,CBOE Volatility Index VIX (Daily)
VIXCLS,2023-09-25,16.9,CBOE Volatility Index VIX (Daily)
VIXCLS,2023-09-26,18.94,CBOE Volatility Index VIX (Daily)
VIXCLS,2023-09-27,18.22,CBOE Volatility Index VIX (Daily)
VIXCLS,2023-09-28,17.34,CBOE Volatility Index VIX (Daily)
VIXCLS,2023-09-29,17.52,CBOE Volatility Index VIX (Daily)
VIXCLS,2023-10-02,17.61,CBOE Volatility Index VIX (Daily)
VIXCLS,2023-10-03,19.78,CBOE Volatility Index VIX (Daily)
VIXCLS,2023-10-04,18.58,CBOE Volatility Index VIX (Daily)
VIXCLS,2023-10-05,18.49,CBOE Volatility Index VIX (Daily)
VIXCLS,2023-10-06,17.45,CBOE Volatility Index VIX (Daily)
VIXCLS,2023-10-09,17.7,CBOE Volatility Index VIX (Daily)
VIXCLS,2023-10-10,17.03,CBOE Volatility Index VIX (Daily)
VIXCLS,2023-10-11,16.09,CBOE Volatility Index VIX (Daily)
VIXCLS,2023-10-12,16.69,CBOE Volatility Index VIX (Daily)
VIXCLS,2023-10-13,19.32,CBOE Volatility Index VIX (Daily)
VIXCLS,2023-10-16,17.21,CBOE Volatility Index VIX (Daily)
VIXCLS,2023-10-17,17.88,CBOE Volatility Index VIX (Daily)
VIXCLS,2023-10-18,19.22,CBOE Volatility Index VIX (Daily)
VIXCLS,2023-10-19,21.4,CBOE Volatility Index VIX (Daily)
VIXCLS,2023-10-20,21.71,CBOE Volatility Index VIX (Daily)
VIXCLS,2023-10-23,20.37,CBOE Volatility Index VIX (Daily)
VIXCLS,2023-10-24,18.97,CBOE Volatility Index VIX (Daily)
VIXCLS,2023-10-25,20.19,CBOE Volatility Index VIX (Daily)
VIXCLS,2023-10-26,20.68,CBOE Volatility Index VIX (Daily)
VIXCLS,2023-10-27,21.27,CBOE Volatility Index VIX (Daily)
VIXCLS,2023-10-30,19.75,CBOE Volatility Index VIX (Daily)
VIXCLS,2023-10-31,18.14,CBOE Volatility Index VIX (Daily)
VIXCLS,2023-11-01,16.87,CBOE Volatility Index VIX (Daily)
VIXCLS,2023-11-02,15.66,CBOE Volatility Index VIX (Daily)
VIXCLS,2023-11-03,14.91,CBOE Volatility Index VIX (Daily)
VIXCLS,2023-11-06,14.89,CBOE Volatility Index VIX (Daily)
VIXCLS,2023-11-07,14.81,CBOE Volatility Index VIX (Daily)
VIXCLS,2023-11-08,14.45,CBOE Volatility Index VIX (Daily)
VIXCLS,2023-11-09,15.29,CBOE Volatility Index VIX (Daily)
VIXCLS,2023-11-10,14.17,CBOE Volatility Index VIX (Daily)
VIXCLS,2023-11-13,14.76,CBOE Volatility Index VIX (Daily)
VIXCLS,2023-11-14,14.16,CBOE Volatility Index VIX (Daily)
VIXCLS,2023-11-15,14.18,CBOE Volatility Index VIX (Daily)
VIXCLS,2023-11-16,14.32,CBOE Volatility Index VIX (Daily)
VIXCLS,2023-11-17,13.8,CBOE Volatility Index VIX (Daily)
VIXCLS,2023-11-20,13.41,CBOE Volatility Index VIX (Daily)
VIXCLS,2023-11-21,13.35,CBOE Volatility Index VIX (Daily)
VIXCLS,2023-11-22,12.85,CBOE Volatility Index VIX (Daily)
VIXCLS,2023-11-23,12.8,CBOE Volatility Index VIX (Daily)
VIXCLS,2023-11-24,12.46,CBOE Volatility Index VIX (Daily)
VIXCLS,2023-11-27,12.69,CBOE Volatility Index VIX (Daily)
VIXCLS,2023-11-28,12.69,CBOE Volatility Index VIX (Daily)
VIXCLS,2023-11-29,12.98,CBOE Volatility Index VIX (Daily)
VIXCLS,2023-11-30,12.92,CBOE Volatility Index VIX (Daily)
VIXCLS,2023-12-01,12.63,CBOE Volatility Index VIX (Daily)
VIXCLS,2023-12-04,13.08,CBOE Volatility Index VIX (Daily)
VIXCLS,2023-12-05,12.85,CBOE Volatility Index VIX (Daily)
VIXCLS,2023-12-06,12.97,CBOE Volatility Index VIX (Daily)
VIXCLS,2023-12-07,13.06,CBOE Volatility Index VIX (Daily)
VIXCLS,2023-12-08,12.35,CBOE Volatility Index VIX (Daily)
VIXCLS,2023-12-11,12.63,CBOE Volatility Index VIX (Daily)
VIXCLS,2023-12-12,12.07,CBOE Volatility Index VIX (Daily)
VIXCLS,2023-12-13,12.19,CBOE Volatility Index VIX (Daily)
VIXCLS,2023-12-14,12.48,CBOE Volatility Index VIX (Daily)
VIXCLS,2023-12-15,12.28,CBOE Volatility Index VIX (Daily)
VIXCLS,2023-12-18,12.56,CBOE Volatility Index VIX (Daily)
VIXCLS,2023-12-19,12.53,CBOE Volatility Index VIX (Daily)
VIXCLS,2023-12-20,13.67,CBOE Volatility Index VIX (Daily)
VIXCLS,2023-12-21,13.65,CBOE Volatility Index VIX (Daily)
VIXCLS,2023-12-22,13.03,CBOE Volatility Index VIX (Daily)
VIXCLS,2023-12-26,12.99,CBOE Volatility Index VIX (Daily)
VIXCLS,2023-12-27,12.43,CBOE Volatility Index VIX (Daily)
VIXCLS,2023-12-28,12.47,CBOE Volatility Index VIX (Daily)
VIXCLS,2023-12-29,12.45,CBOE Volatility Index VIX (Daily)
VIXCLS,2024-01-02,13.2,CBOE Volatility Index VIX (Daily)
VIXCLS,2024-01-03,14.04,CBOE Volatility Index VIX (Daily)
VIXCLS,2024-01-04,14.13,CBOE Volatility Index VIX (Daily)
VIXCLS,2024-01-05,13.35,CBOE Volatility Index VIX (Daily)
VIXCLS,2024-01-08,13.08,CBOE Volatility Index VIX (Daily)
VIXCLS,2024-01-09,12.76,CBOE Volatility Index VIX (Daily)
VIXCLS,2024-01-10,12.69,CBOE Volatility Index VIX (Daily)
VIXCLS,2024-01-11,12.44,CBOE Volatility Index VIX (Daily)
VIXCLS,2024-01-12,12.7,CBOE Volatility Index VIX (Daily)
VIXCLS,2024-01-15,13.25,CBOE Volatility Index VIX (Daily)
VIXCLS,2024-01-16,13.84,CBOE Volatility Index VIX (Daily)
VIXCLS,2024-01-17,14.79,CBOE Volatility Index VIX (Daily)
VIXCLS,2024-01-18,14.13,CBOE Volatility Index VIX (Daily)
VIXCLS,2024-01-19,13.3,CBOE Volatility Index VIX (Daily)
VIXCLS,2024-01-22,13.19,CBOE Volatility Index VIX (Daily)
VIXCLS,2024-01-23,12.55,CBOE Volatility Index VIX (Daily)
VIXCLS,2024-01-24,13.14,CBOE Volatility Index VIX (Daily)
VIXCLS,2024-01-25,13.45,CBOE Volatility Index VIX (Daily)
VIXCLS,2024-01-26,13.26,CBOE Volatility Index VIX (Daily)
VIXCLS,2024-01-29,13.6,CBOE Volatility Index VIX (Daily)
VIXCLS,2024-01-30,13.31,CBOE Volatility Index VIX (Daily)
VIXCLS,2024-01-31,14.35,CBOE Volatility Index VIX (Daily)
VIXCLS,2024-02-01,13.88,CBOE Volatility Index VIX (Daily)
VIXCLS,2024-02-02,13.85,CBOE Volatility Index VIX (Daily)
VIXCLS,2024-02-05,13.67,CBOE Volatility Index VIX (Daily)
VIXCLS,2024-02-06,13.06,CBOE Volatility Index VIX (Daily)
VIXCLS,2024-02-07,12.83,CBOE Volatility Index VIX (Daily)
VIXCLS,2024-02-08,12.79,CBOE Volatility Index VIX (Daily)
VIXCLS,2024-02-09,12.93,CBOE Volatility Index VIX (Daily)
VIXCLS,2024-02-12,13.93,CBOE Volatility Index VIX (Daily)
VIXCLS,2024-02-13,15.85,CBOE Volatility Index VIX (Daily)
VIXCLS,2024-02-14,14.38,CBOE Volatility Index VIX (Daily)
VIXCLS,2024-02-15,14.01,CBOE Volatility Index VIX (Daily)
VIXCLS,2024-02-16,14.24,CBOE Volatility Index VIX (Daily)
VIXCLS,2024-02-19,14.71,CBOE Volatility Index VIX (Daily)
VIXCLS,2024-02-20,15.42,CBOE Volatility Index VIX (Daily)
VIXCLS,2024-02-21,15.34,CBOE Volatility Index VIX (Daily)
VIXCLS,2024-02-22,14.54,CBOE Volatility Index VIX (Daily)
VIXCLS,2024-02-23,13.75,CBOE Volatility Index VIX (Daily)
VIXCLS,2024-02-26,13.74,CBOE Volatility Index VIX (Daily)
VIXCLS,2024-02-27,13.43,CBOE Volatility Index VIX (Daily)
VIXCLS,2024-02-28,13.84,CBOE Volatility Index VIX (Daily)
VIXCLS,2024-02-29,13.4,CBOE Volatility Index VIX (Daily)
VIXCLS,2024-03-01,13.11,CBOE Volatility Index VIX (Daily)
VIXCLS,2024-03-04,13.49,CBOE Volatility Index VIX (Daily)
VIXCLS,2024-03-05,14.46,CBOE Volatility Index VIX (Daily)
VIXCLS,2024-03-06,14.5,CBOE Volatility Index VIX (Daily)
VIXCLS,2024-03-07,14.44,CBOE Volatility Index VIX (Daily)
VIXCLS,2024-03-08,14.74,CBOE Volatility Index VIX (Daily)
VIXCLS,2024-03-11,15.22,CBOE Volatility Index VIX (Daily)
VIXCLS,2024-03-12,13.84,CBOE Volatility Index VIX (Daily)
VIXCLS,2024-03-13,13.75,CBOE Volatility Index VIX (Daily)
VIXCLS,2024-03-14,14.4,CBOE Volatility Index VIX (Daily)
VIXCLS,2024-03-15,14.41,CBOE Volatility Index VIX (Daily)
VIXCLS,2024-03-18,14.33,CBOE Volatility Index VIX (Daily)
VIXCLS,2024-03-19,13.82,CBOE Volatility Index VIX (Daily)
VIXCLS,2024-03-20,13.04,CBOE Volatility Index VIX (Daily)
VIXCLS,2024-03-21,12.92,CBOE Volatility Index VIX (Daily)
VIXCLS,2024-03-22,13.06,CBOE Volatility Index VIX (Daily)
VIXCLS,2024-03-25,13.19,CBOE Volatility Index VIX (Daily)
VIXCLS,2024-03-26,13.24,CBOE Volatility Index VIX (Daily)
VIXCLS,2024-03-27,12.78,CBOE Volatility Index VIX (Daily)
VIXCLS,2024-03-28,13.01,CBOE Volatility Index VIX (Daily)
VIXCLS,2024-04-01,13.65,CBOE Volatility Index VIX (Daily)
VIXCLS,2024-04-02,14.61,CBOE Volatility Index VIX (Daily)
VIXCLS,2024-04-03,14.33,CBOE Volatility Index VIX (Daily)
VIXCLS,2024-04-04,16.35,CBOE Volatility Index VIX (Daily)
VIXCLS,2024-04-05,16.03,CBOE Volatility Index VIX (Daily)
VIXCLS,2024-04-08,15.19,CBOE Volatility Index VIX (Daily)
VIXCLS,2024-04-09,14.98,CBOE Volatility Index VIX (Daily)
VIXCLS,2024-04-10,15.8,CBOE Volatility Index VIX (Daily)
VIXCLS,2024-04-11,14.91,CBOE Volatility Index VIX (Daily)
VIXCLS,2024-04-12,17.31,CBOE Volatility Index VIX (Daily)
VIXCLS,2024-04-15,19.23,CBOE Volatility Index VIX (Daily)
VIXCLS,2024-04-16,18.4,CBOE Volatility Index VIX (Daily)
VIXCLS,2024-04-17,18.21,CBOE Volatility Index VIX (Daily)
VIXCLS,2024-04-18,18.0,CBOE Volatility Index VIX (Daily)
VIXCLS,2024-04-19,18.71,CBOE Volatility Index VIX (Daily)
VIXCLS,2024-04-22,16.94,CBOE Volatility Index VIX (Daily)
VIXCLS,2024-04-23,15.69,CBOE Volatility Index VIX (Daily)
VIXCLS,2024-04-24,15.97,CBOE Volatility Index VIX (Daily)
VIXCLS,2024-04-25,15.37,CBOE Volatility Index VIX (Daily)
VIXCLS,2024-04-26,15.03,CBOE Volatility Index VIX (Daily)
VIXCLS,2024-04-29,14.67,CBOE Volatility Index VIX (Daily)
VIXCLS,2024-04-30,15.65,CBOE Volatility Index VIX (Daily)
VIXCLS,2024-05-01,15.39,CBOE Volatility Index VIX (Daily)
VIXCLS,2024-05-02,14.68,CBOE Volatility Index VIX (Daily)
VIXCLS,2024-05-03,13.49,CBOE Volatility Index VIX (Daily)
VIXCLS,2024-05-06,13.49,CBOE Volatility Index VIX (Daily)
VIXCLS,2024-05-07,13.23,CBOE Volatility Index VIX (Daily)
VIXCLS,2024-05-08,13.0,CBOE Volatility Index VIX (Daily)
VIXCLS,2024-05-09,12.69,CBOE Volatility Index VIX (Daily)
VIXCLS,2024-05-10,12.55,CBOE Volatility Index VIX (Daily)
VIXCLS,2024-05-13,13.6,CBOE Volatility Index VIX (Daily)
VIXCLS,2024-05-14,13.42,CBOE Volatility Index VIX (Daily)
VIXCLS,2024-05-15,12.45,CBOE Volatility Index VIX (Daily)
VIXCLS,2024-05-16,12.42,CBOE Volatility Index VIX (Daily)
VIXCLS,2024-05-17,11.99,CBOE Volatility Index VIX (Daily)
VIXCLS,2024-05-20,12.15,CBOE Volatility Index VIX (Daily)
VIXCLS,2024-05-21,11.86,CBOE Volatility Index VIX (Daily)
VIXCLS,2024-05-22,12.29,CBOE Volatility Index VIX (Daily)
VIXCLS,2024-05-23,12.77,CBOE Volatility Index VIX (Daily)
VIXCLS,2024-05-24,11.93,CBOE Volatility Index VIX (Daily)
VIXCLS,2024-05-27,12.36,CBOE Volatility Index VIX (Daily)
VIXCLS,2024-05-28,12.92,CBOE Volatility Index VIX (Daily)
VIXCLS,2024-05-29,14.28,CBOE Volatility Index VIX (Daily)
VIXCLS,2024-05-30,14.47,CBOE Volatility Index VIX (Daily)
VIXCLS,2024-05-31,12.92,CBOE Volatility Index VIX (Daily)
VIXCLS,2024-06-03,13.11,CBOE Volatility Index VIX (Daily)
VIXCLS,2024-06-04,13.16,CBOE Volatility Index VIX (Daily)
VIXCLS,2024-06-05,12.63,CBOE Volatility Index VIX (Daily)
VIXCLS,2024-06-06,12.58,CBOE Volatility Index VIX (Daily)
VIXCLS,2024-06-07,12.22,CBOE Volatility Index VIX (Daily)
VIXCLS,2024-06-10,12.74,CBOE Volatility Index VIX (Daily)
VIXCLS,2024-06-11,12.85,CBOE Volatility Index VIX (Daily)
VIXCLS,2024-06-12,12.04,CBOE Volatility Index VIX (Daily)
VIXCLS,2024-06-13,11.94,CBOE Volatility Index VIX (Daily)
VIXCLS,2024-06-14,12.66,CBOE Volatility Index VIX (Daily)
VIXCLS,2024-06-17,12.75,CBOE Volatility Index VIX (Daily)
VIXCLS,2024-06-18,12.3,CBOE Volatility Index VIX (Daily)
VIXCLS,2024-06-19,12.48,CBOE Volatility Index VIX (Daily)
VIXCLS,2024-06-20,13.28,CBOE Volatility Index VIX (Daily)
VIXCLS,2024-06-21,13.2,CBOE Volatility Index VIX (Daily)
VIXCLS,2024-06-24,13.33,CBOE Volatility Index VIX (Daily)
VIXCLS,2024-06-25,12.84,CBOE Volatility Index VIX (Daily)
VIXCLS,2024-06-26,12.55,CBOE Volatility Index VIX (Daily)
VIXCLS,2024-06-27,12.24,CBOE Volatility Index VIX (Daily)
VIXCLS,2024-06-28,12.44,CBOE Volatility Index VIX (Daily)
VIXCLS,2024-07-01,12.22,CBOE Volatility Index VIX (Daily)
VIXCLS,2024-07-02,12.03,CBOE Volatility Index VIX (Daily)
VIXCLS,2024-07-03,12.09,CBOE Volatility Index VIX (Daily)
VIXCLS,2024-07-04,12.26,CBOE Volatility Index VIX (Daily)
VIXCLS,2024-07-05,12.48,CBOE Volatility Index VIX (Daily)
VIXCLS,2024-07-08,12.37,CBOE Volatility Index VIX (Daily)
VIXCLS,2024-07-09,12.51,CBOE Volatility Index VIX (Daily)
VIXCLS,2024-07-10,12.85,CBOE Volatility Index VIX (Daily)
VIXCLS,2024-07-11,12.92,CBOE Volatility Index VIX (Daily)
VIXCLS,2024-07-12,12.46,CBOE Volatility Index VIX (Daily)
VIXCLS,2024-07-15,13.12,CBOE Volatility Index VIX (Daily)
VIXCLS,2024-07-16,13.19,CBOE Volatility Index VIX (Daily)
VIXCLS,2024-07-17,14.48,CBOE Volatility Index VIX (Daily)
VIXCLS,2024-07-18,15.93,CBOE Volatility Index VIX (Daily)
VIXCLS,2024-07-19,16.52,CBOE Volatility Index VIX (Daily)
VIXCLS,2024-07-22,14.91,CBOE Volatility Index VIX (Daily)
VIXCLS,2024-07-23,14.72,CBOE Volatility Index VIX (Daily)
VIXCLS,2024-07-24,18.04,CBOE Volatility Index VIX (Daily)
VIXCLS,2024-07-25,18.46,CBOE Volatility Index VIX (Daily)
VIXCLS,2024-07-26,16.39,CBOE Volatility Index VIX (Daily)
VIXCLS,2024-07-29,16.6,CBOE Volatility Index VIX (Daily)
VIXCLS,2024-07-30,17.69,CBOE Volatility Index VIX (Daily)
VIXCLS,2024-07-31,16.36,CBOE Volatility Index VIX (Daily)
VIXCLS,2024-08-01,18.59,CBOE Volatility Index VIX (Daily)
VIXCLS,2024-08-02,23.39,CBOE Volatility Index VIX (Daily)
VIXCLS,2024-08-05,38.57,CBOE Volatility Index VIX (Daily)
VIXCLS,2024-08-06,27.71,CBOE Volatility Index VIX (Daily)
VIXCLS,2024-08-07,27.85,CBOE Volatility Index VIX (Daily)
VIXCLS,2024-08-08,23.79,CBOE Volatility Index VIX (Daily)
VIXCLS,2024-08-09,20.37,CBOE Volatility Index VIX (Daily)
VIXCLS,2024-08-12,20.71,CBOE Volatility Index VIX (Daily)
VIXCLS,2024-08-13,18.12,CBOE Volatility Index VIX (Daily)
VIXCLS,2024-08-14,16.19,CBOE Volatility Index VIX (Daily)
VIXCLS,2024-08-15,15.23,CBOE Volatility Index VIX (Daily)
VIXCLS,2024-08-16,14.8,CBOE Volatility Index VIX (Daily)
VIXCLS,2024-08-19,14.65,CBOE Volatility Index VIX (Daily)
VIXCLS,2024-08-20,15.88,CBOE Volatility Index VIX (Daily)
VIXCLS,2024-08-21,16.27,CBOE Volatility Index VIX (Daily)
VIXCLS,2024-08-22,17.55,CBOE Volatility Index VIX (Daily)
VIXCLS,2024-08-23,15.86,CBOE Volatility Index VIX (Daily)
VIXCLS,2024-08-26,16.15,CBOE Volatility Index VIX (Daily)
VIXCLS,2024-08-27,15.43,CBOE Volatility Index VIX (Daily)
VIXCLS,2024-08-28,17.11,CBOE Volatility Index VIX (Daily)
VIXCLS,2024-08-29,15.65,CBOE Volatility Index VIX (Daily)
VIXCLS,2024-08-30,15.0,CBOE Volatility Index VIX (Daily)
VIXCLS,2024-09-02,15.55,CBOE Volatility Index VIX (Daily)
VIXCLS,2024-09-03,20.72,CBOE Volatility Index VIX (Daily)
VIXCLS,2024-09-04,21.32,CBOE Volatility Index VIX (Daily)
VIXCLS,2024-09-05,19.9,CBOE Volatility Index VIX (Daily)
VIXCLS,2024-09-06,22.38,CBOE Volatility Index VIX (Daily)
VIXCLS,2024-09-09,19.45,CBOE Volatility Index VIX (Daily)
VIXCLS,2024-09-10,19.08,CBOE Volatility Index VIX (Daily)
VIXCLS,2024-09-11,17.69,CBOE Volatility Index VIX (Daily)
VIXCLS,2024-09-12,17.07,CBOE Volatility Index VIX (Daily)
VIXCLS,2024-09-13,16.56,CBOE Volatility Index VIX (Daily)
VIXCLS,2024-09-16,17.14,CBOE Volatility Index VIX (Daily)
VIXCLS,2024-09-17,17.61,CBOE Volatility Index VIX (Daily)
VIXCLS,2024-09-18,18.23,CBOE Volatility Index VIX (Daily)
VIXCLS,2024-09-19,16.33,CBOE Volatility Index VIX (Daily)
VIXCLS,2024-09-20,16.15,CBOE Volatility Index VIX (Daily)
VIXCLS,2024-09-23,15.89,CBOE Volatility Index VIX (Daily)
VIXCLS,2024-09-24,15.39,CBOE Volatility Index VIX (Daily)
VIXCLS,2024-09-25,15.41,CBOE Volatility Index VIX (Daily)
VIXCLS,2024-09-26,15.37,CBOE Volatility Index VIX (Daily)
VIXCLS,2024-09-27,16.96,CBOE Volatility Index VIX (Daily)
VIXCLS,2024-09-30,16.73,CBOE Volatility Index VIX (Daily)
VIXCLS,2024-10-01,19.26,CBOE Volatility Index VIX (Daily)
VIXCLS,2024-10-02,18.9,CBOE Volatility Index VIX (Daily)
VIXCLS,2024-10-03,20.49,CBOE Volatility Index VIX (Daily)
VIXCLS,2024-10-04,19.21,CBOE Volatility Index VIX (Daily)
VIXCLS,2024-10-07,22.64,CBOE Volatility Index VIX (Daily)
VIXCLS,2024-10-08,21.42,CBOE Volatility Index VIX (Daily)
VIXCLS,2024-10-09,20.86,CBOE Volatility Index VIX (Daily)
VIXCLS,2024-10-10,20.93,CBOE Volatility Index VIX (Daily)
VIXCLS,2024-10-11,20.46,CBOE Volatility Index VIX (Daily)
VIXCLS,2024-10-14,19.7,CBOE Volatility Index VIX (Daily)
VIXCLS,2024-10-15,20.64,CBOE Volatility Index VIX (Daily)
VIXCLS,2024-10-16,19.58,CBOE Volatility Index VIX (Daily)
VIXCLS,2024-10-17,19.11,CBOE Volatility Index VIX (Daily)
VIXCLS,2024-10-18,18.03,CBOE Volatility Index VIX (Daily)
VIXCLS,2024-10-21,18.37,CBOE Volatility Index VIX (Daily)
VIXCLS,2024-10-22,18.2,CBOE Volatility Index VIX (Daily)
VIXCLS,2024-10-23,19.24,CBOE Volatility Index VIX (Daily)
VIXCLS,2024-10-24,19.08,CBOE Volatility Index VIX (Daily)
VIXCLS,2024-10-25,20.33,CBOE Volatility Index VIX (Daily)
VIXCLS,2024-10-28,19.8,CBOE Volatility Index VIX (Daily)
VIXCLS,2024-10-29,19.34,CBOE Volatility Index VIX (Daily)
VIXCLS,2024-10-30,20.35,CBOE Volatility Index VIX (Daily)
VIXCLS,2024-10-31,23.16,CBOE Volatility Index VIX (Daily)
VIXCLS,2024-11-01,21.88,CBOE Volatility Index VIX (Daily)
VIXCLS,2024-11-04,21.98,CBOE Volatility Index VIX (Daily)
VIXCLS,2024-11-05,20.49,CBOE Volatility Index VIX (Daily)
VIXCLS,2024-11-06,16.27,CBOE Volatility Index VIX (Daily)
VIXCLS,2024-11-07,15.2,CBOE Volatility Index VIX (Daily)
VIXCLS,2024-11-08,14.94,CBOE Volatility Index VIX (Daily)
VIXCLS,2024-11-11,14.97,CBOE Volatility Index VIX (Daily)
VIXCLS,2024-11-12,14.71,CBOE Volatility Index VIX (Daily)
VIXCLS,2024-11-13,14.02,CBOE Volatility Index VIX (Daily)
VIXCLS,2024-11-14,14.31,CBOE Volatility Index VIX (Daily)
VIXCLS,2024-11-15,16.14,CBOE Volatility Index VIX (Daily)
VIXCLS,2024-11-18,15.58,CBOE Volatility Index VIX (Daily)
VIXCLS,2024-11-19,16.35,CBOE Volatility Index VIX (Daily)
VIXCLS,2024-11-20,17.16,CBOE Volatility Index VIX (Daily)
VIXCLS,2024-11-21,16.87,CBOE Volatility Index VIX (Daily)
VIXCLS,2024-11-22,15.24,CBOE Volatility Index VIX (Daily)
VIXCLS,2024-11-25,14.6,CBOE Volatility Index VIX (Daily)
VIXCLS,2024-11-26,14.1,CBOE Volatility Index VIX (Daily)
VIXCLS,2024-11-27,14.1,CBOE Volatility Index VIX (Daily)
VIXCLS,2024-11-28,13.9,CBOE Volatility Index VIX (Daily)
VIXCLS,2024-11-29,13.51,CBOE Volatility Index VIX (Daily)
VIXCLS,2024-12-02,13.34,CBOE Volatility Index VIX (Daily)
VIXCLS,2024-12-03,13.3,CBOE Volatility Index VIX (Daily)
VIXCLS,2024-12-04,13.45,CBOE Volatility Index VIX (Daily)
VIXCLS,2024-12-05,13.54,CBOE Volatility Index VIX (Daily)
VIXCLS,2024-12-06,12.77,CBOE Volatility Index VIX (Daily)
VIXCLS,2024-12-09,14.19,CBOE Volatility Index VIX (Daily)
VIXCLS,2024-12-10,14.18,CBOE Volatility Index VIX (Daily)
VIXCLS,2024-12-11,13.58,CBOE Volatility Index VIX (Daily)
VIXCLS,2024-12-12,13.92,CBOE Volatility Index VIX (Daily)
VIXCLS,2024-12-13,13.81,CBOE Volatility Index VIX (Daily)
VIXCLS,2024-12-16,14.69,CBOE Volatility Index VIX (Daily)
VIXCLS,2024-12-17,15.87,CBOE Volatility Index VIX (Daily)
VIXCLS,2024-12-18,27.62,CBOE Volatility Index VIX (Daily)
VIXCLS,2024-12-19,24.09,CBOE Volatility Index VIX (Daily)
VIXCLS,2024-12-20,18.36,CBOE Volatility Index VIX (Daily)
VIXCLS,2024-12-23,16.78,CBOE Volatility Index VIX (Daily)
VIXCLS,2024-12-24,14.27,CBOE Volatility Index VIX (Daily)
VIXCLS,2024-12-26,14.73,CBOE Volatility Index VIX (Daily)
VIXCLS,2024-12-27,15.95,CBOE Volatility Index VIX (Daily)
VIXCLS,2024-12-30,17.4,CBOE Volatility Index VIX (Daily)
VIXCLS,2024-12-31,17.35,CBOE Volatility Index VIX (Daily)
VIXCLS,2025-01-02,17.93,CBOE Volatility Index VIX (Daily)
VIXCLS,2025-01-03,16.13,CBOE Volatility Index VIX (Daily)
VIXCLS,2025-01-06,16.04,CBOE Volatility Index VIX (Daily)
VIXCLS,2025-01-07,17.82,CBOE Volatility Index VIX (Daily)
VIXCLS,2025-01-08,17.7,CBOE Volatility Index VIX (Daily)
VIXCLS,2025-01-09,18.07,CBOE Volatility Index VIX (Daily)
VIXCLS,2025-01-10,19.54,CBOE Volatility Index VIX (Daily)
VIXCLS,2025-01-13,19.19,CBOE Volatility Index VIX (Daily)
VIXCLS,2025-01-14,18.71,CBOE Volatility Index VIX (Daily)
VIXCLS,2025-01-15,16.12,CBOE Volatility Index VIX (Daily)
VIXCLS,2025-01-16,16.6,CBOE Volatility Index VIX (Daily)
VIXCLS,2025-01-17,15.97,CBOE Volatility Index VIX (Daily)
VIXCLS,2025-01-20,15.81,CBOE Volatility Index VIX (Daily)
VIXCLS,2025-01-21,15.06,CBOE Volatility Index VIX (Daily)
VIXCLS,2025-01-22,15.1,CBOE Volatility Index VIX (Daily)
VIXCLS,2025-01-23,15.02,CBOE Volatility Index VIX (Daily)
VIXCLS,2025-01-24,14.85,CBOE Volatility Index VIX (Daily)
VIXCLS,2025-01-27,17.9,CBOE Volatility Index VIX (Daily)
VIXCLS,2025-01-28,16.41,CBOE Volatility Index VIX (Daily)
VIXCLS,2025-01-29,16.56,CBOE Volatility Index VIX (Daily)
VIXCLS,2025-01-30,15.84,CBOE Volatility Index VIX (Daily)
VIXCLS,2025-01-31,16.43,CBOE Volatility Index VIX (Daily)
VIXCLS,2025-02-03,18.62,CBOE Volatility Index VIX (Daily)
VIXCLS,2025-02-04,17.21,CBOE Volatility Index VIX (Daily)
VIXCLS,2025-02-05,15.77,CBOE Volatility Index VIX (Daily)
VIXCLS,2025-02-06,15.5,CBOE Volatility Index VIX (Daily)
VIXCLS,2025-02-07,16.54,CBOE Volatility Index VIX (Daily)
VIXCLS,2025-02-10,15.81,CBOE Volatility Index VIX (Daily)
VIXCLS,2025-02-11,16.02,CBOE Volatility Index VIX (Daily)
VIXCLS,2025-02-12,15.89,CBOE Volatility Index VIX (Daily)
VIXCLS,2025-02-13,15.1,CBOE Volatility Index VIX (Daily)
VIXCLS,2025-02-14,14.77,CBOE Volatility Index VIX (Daily)
VIXCLS,2025-02-17,15.37,CBOE Volatility Index VIX (Daily)
VIXCLS,2025-02-18,15.35,CBOE Volatility Index VIX (Daily)
VIXCLS,2025-02-19,15.27,CBOE Volatility Index VIX (Daily)
VIXCLS,2025-02-20,15.66,CBOE Volatility Index VIX (Daily)
VIXCLS,2025-02-21,18.21,CBOE Volatility Index VIX (Daily)
VIXCLS,2025-02-24,18.98,CBOE Volatility Index VIX (Daily)
VIXCLS,2025-02-25,19.43,CBOE Volatility Index VIX (Daily)
VIXCLS,2025-02-26,19.1,CBOE Volatility Index VIX (Daily)
VIXCLS,2025-02-27,21.13,CBOE Volatility Index VIX (Daily)
VIXCLS,2025-02-28,19.63,CBOE Volatility Index VIX (Daily)
VIXCLS,2025-03-03,22.78,CBOE Volatility Index VIX (Daily)
VIXCLS,2025-03-04,23.51,CBOE Volatility Index VIX (Daily)
VIXCLS,2025-03-05,21.93,CBOE Volatility Index VIX (Daily)
VIXCLS,2025-03-06,24.87,CBOE Volatility Index VIX (Daily)
VIXCLS,2025-03-07,23.37,CBOE Volatility Index VIX (Daily)
VIXCLS,2025-03-10,27.86,CBOE Volatility Index VIX (Daily)
VIXCLS,2025-03-11,26.92,CBOE Volatility Index VIX (Daily)
VIXCLS,2025-03-12,24.23,CBOE Volatility Index VIX (Daily)
VIXCLS,2025-03-13,24.66,CBOE Volatility Index VIX (Daily)
VIXCLS,2025-03-14,21.77,CBOE Volatility Index VIX (Daily)
VIXCLS,2025-03-17,20.51,CBOE Volatility Index VIX (Daily)
VIXCLS,2025-03-18,21.7,CBOE Volatility Index VIX (Daily)
VIXCLS,2025-03-19,19.9,CBOE Volatility Index VIX (Daily)
VIXCLS,2025-03-20,19.8,CBOE Volatility Index VIX (Daily)
VIXCLS,2025-03-21,19.28,CBOE Volatility Index VIX (Daily)
VIXCLS,2025-03-24,17.48,CBOE Volatility Index VIX (Daily)
VIXCLS,2025-03-25,17.15,CBOE Volatility Index VIX (Daily)
VIXCLS,2025-03-26,18.33,CBOE Volatility Index VIX (Daily)
VIXCLS,2025-03-27,18.69,CBOE Volatility Index VIX (Daily)
VIXCLS,2025-03-28,21.65,CBOE Volatility Index VIX (Daily)
VIXCLS,2025-03-31,22.28,CBOE Volatility Index VIX (Daily)
VIXCLS,2025-04-01,21.77,CBOE Volatility Index VIX (Daily)
VIXCLS,2025-04-02,21.51,CBOE Volatility Index VIX (Daily)
VIXCLS,2025-04-03,30.02,CBOE Volatility Index VIX (Daily)
VIXCLS,2025-04-04,45.31,CBOE Volatility Index VIX (Daily)
VIXCLS,2025-04-07,46.98,CBOE Volatility Index VIX (Daily)
VIXCLS,2025-04-08,52.33,CBOE Volatility Index VIX (Daily)
VIXCLS,2025-04-09,33.62,CBOE Volatility Index VIX (Daily)
VIXCLS,2025-04-10,40.72,CBOE Volatility Index VIX (Daily)
VIXCLS,2025-04-11,37.56,CBOE Volatility Index VIX (Daily)
VIXCLS,2025-04-14,30.89,CBOE Volatility Index VIX (Daily)
VIXCLS,2025-04-15,30.12,CBOE Volatility Index VIX (Daily)
VIXCLS,2025-04-16,32.64,CBOE Volatility Index VIX (Daily)
VIXCLS,2025-04-17,29.65,CBOE Volatility Index VIX (Daily)
VIXCLS,2025-04-21,33.82,CBOE Volatility Index VIX (Daily)
VIXCLS,2025-04-22,30.57,CBOE Volatility Index VIX (Daily)
VIXCLS,2025-04-23,28.45,CBOE Volatility Index VIX (Daily)
VIXCLS,2025-04-24,26.47,CBOE Volatility Index VIX (Daily)
VIXCLS,2025-04-25,24.84,CBOE Volatility Index VIX (Daily)
VIXCLS,2025-04-28,25.15,CBOE Volatility Index VIX (Daily)
VIXCLS,2025-04-29,24.17,CBOE Volatility Index VIX (Daily)
VIXCLS,2025-04-30,24.7,CBOE Volatility Index VIX (Daily)
VIXCLS,2025-05-01,24.6,CBOE Volatility Index VIX (Daily)
VIXCLS,2025-05-02,22.68,CBOE Volatility Index VIX (Daily)
VIXCLS,2025-05-05,23.64,CBOE Volatility Index VIX (Daily)
VIXCLS,2025-05-06,24.76,CBOE Volatility Index VIX (Daily)
VIXCLS,2025-05-07,23.55,CBOE Volatility Index VIX (Daily)
VIXCLS,2025-05-08,22.48,CBOE Volatility Index VIX (Daily)
VIXCLS,2025-05-09,21.9,CBOE Volatility Index VIX (Daily)
VIXCLS,2025-05-12,18.39,CBOE Volatility Index VIX (Daily)
VIXCLS,2025-05-13,18.22,CBOE Volatility Index VIX (Daily)
VIXCLS,2025-05-14,18.62,CBOE Volatility Index VIX (Daily)
VIXCLS,2025-05-15,17.83,CBOE Volatility Index VIX (Daily)
VIXCLS,2025-05-16,17.24,CBOE Volatility Index VIX (Daily)
VIXCLS,2025-05-19,18.14,CBOE Volatility Index VIX (Daily)
VIXCLS,2025-05-20,18.09,CBOE Volatility Index VIX (Daily)
VIXCLS,2025-05-21,20.87,CBOE Volatility Index VIX (Daily)
VIXCLS,2025-05-22,20.28,CBOE Volatility Index VIX (Daily)
VIXCLS,2025-05-23,22.29,CBOE Volatility Index VIX (Daily)
VIXCLS,2025-05-26,20.57,CBOE Volatility Index VIX (Daily)
VIXCLS,2025-05-27,18.96,CBOE Volatility Index VIX (Daily)
VIXCLS,2025-05-28,19.31,CBOE Volatility Index VIX (Daily)
VIXCLS,2025-05-29,19.18,CBOE Volatility Index VIX (Daily)
VIXCLS,2025-05-30,18.57,CBOE Volatility Index VIX (Daily)
VIXCLS,2025-06-02,18.36,CBOE Volatility Index VIX (Daily)
VIXCLS,2025-06-03,17.69,CBOE Volatility Index VIX (Daily)
VIXCLS,2025-06-04,17.61,CBOE Volatility Index VIX (Daily)
VIXCLS,2025-06-05,18.48,CBOE Volatility Index VIX (Daily)
VIXCLS,2025-06-06,16.77,CBOE Volatility Index VIX (Daily)
VIXCLS,2025-06-09,17.16,CBOE Volatility Index VIX (Daily)
VIXCLS,2025-06-10,16.95,CBOE Volatility Index VIX (Daily)
VIXCLS,2025-06-11,17.26,CBOE Volatility Index VIX (Daily)
VIXCLS,2025-06-12,18.02,CBOE Volatility Index VIX (Daily)
VIXCLS,2025-06-13,20.82,CBOE Volatility Index VIX (Daily)
VIXCLS,2025-06-16,19.11,CBOE Volatility Index VIX (Daily)
VIXCLS,2025-06-17,21.6,CBOE Volatility Index VIX (Daily)
VIXCLS,2025-06-18,20.14,CBOE Volatility Index VIX (Daily)
VIXCLS,2025-06-19,22.17,CBOE Volatility Index VIX (Daily)
VIXCLS,2025-06-20,20.62,CBOE Volatility Index VIX (Daily)
VIXCLS,2025-06-23,19.83,CBOE Volatility Index VIX (Daily)
VIXCLS,2025-06-24,17.48,CBOE Volatility Index VIX (Daily)
VIXCLS,2025-06-25,16.76,CBOE Volatility Index VIX (Daily)
VIXCLS,2025-06-26,16.59,CBOE Volatility Index VIX (Daily)
VIXCLS,2025-06-27,16.32,CBOE Volatility Index VIX (Daily)
VIXCLS,2025-06-30,16.73,CBOE Volatility Index VIX (Daily)
T10Y2Y,2020-01-02,0.3,10Y-2Y Treasury Spread (Daily)
T10Y2Y,2020-01-03,0.27,10Y-2Y Treasury Spread (Daily)
T10Y2Y,2020-01-06,0.27,10Y-2Y Treasury Spread (Daily)
T10Y2Y,2020-01-07,0.29,10Y-2Y Treasury Spread (Daily)
T10Y2Y,2020-01-08,0.29,10Y-2Y Treasury Spread (Daily)
T10Y2Y,2020-01-09,0.27,10Y-2Y Treasury Spread (Daily)
T10Y2Y,2020-01-10,0.27,10Y-2Y Treasury Spread (Daily)
T10Y2Y,2020-01-13,0.27,10Y-2Y Treasury Spread (Daily)
T10Y2Y,2020-01-14,0.24,10Y-2Y Treasury Spread (Daily)
T10Y2Y,2020-01-15,0.23,10Y-2Y Treasury Spread (Daily)
T10Y2Y,2020-01-16,0.23,10Y-2Y Treasury Spread (Daily)
T10Y2Y,2020-01-17,0.26,10Y-2Y Treasury Spread (Daily)
T10Y2Y,2020-01-21,0.25,10Y-2Y Treasury Spread (Daily)
T10Y2Y,2020-01-22,0.24,10Y-2Y Treasury Spread (Daily)
T10Y2Y,2020-01-23,0.23,10Y-2Y Treasury Spread (Daily)
T10Y2Y,2020-01-24,0.21,10Y-2Y Treasury Spread (Daily)
T10Y2Y,2020-01-27,0.17,10Y-2Y Treasury Spread (Daily)
T10Y2Y,2020-01-28,0.2,10Y-2Y Treasury Spread (Daily)
T10Y2Y,2020-01-29,0.18,10Y-2Y Treasury Spread (Daily)
T10Y2Y,2020-01-30,0.16,10Y-2Y Treasury Spread (Daily)
T10Y2Y,2020-01-31,0.18,10Y-2Y Treasury Spread (Daily)
T10Y2Y,2020-02-03,0.18,10Y-2Y Treasury Spread (Daily)
T10Y2Y,2020-02-04,0.2,10Y-2Y Treasury Spread (Daily)
T10Y2Y,2020-02-05,0.22,10Y-2Y Treasury Spread (Daily)
T10Y2Y,2020-02-06,0.21,10Y-2Y Treasury Spread (Daily)
T10Y2Y,2020-02-07,0.18,10Y-2Y Treasury Spread (Daily)
T10Y2Y,2020-02-10,0.19,10Y-2Y Treasury Spread (Daily)
T10Y2Y,2020-02-11,0.18,10Y-2Y Treasury Spread (Daily)
T10Y2Y,2020-02-12,0.18,10Y-2Y Treasury Spread (Daily)
T10Y2Y,2020-02-13,0.17,10Y-2Y Treasury Spread (Daily)
T10Y2Y,2020-02-14,0.17,10Y-2Y Treasury Spread (Daily)
T10Y2Y,2020-02-18,0.14,10Y-2Y Treasury Spread (Daily)
T10Y2Y,2020-02-19,0.14,10Y-2Y Treasury Spread (Daily)
T10Y2Y,2020-02-20,0.13,10Y-2Y Treasury Spread (Daily)
T10Y2Y,2020-02-21,0.12,10Y-2Y Treasury Spread (Daily)
T10Y2Y,2020-02-24,0.12,10Y-2Y Treasury Spread (Daily)
T10Y2Y,2020-02-25,0.13,10Y-2Y Treasury Spread (Daily)
T10Y2Y,2020-02-26,0.17,10Y-2Y Treasury Spread (Daily)
T10Y2Y,2020-02-27,0.19,10Y-2Y Treasury Spread (Daily)
T10Y2Y,2020-02-28,0.27,10Y-2Y Treasury Spread (Daily)
T10Y2Y,2020-03-02,0.26,10Y-2Y Treasury Spread (Daily)
T10Y2Y,2020-03-03,0.31,10Y-2Y Treasury Spread (Daily)
T10Y2Y,2020-03-04,0.35,10Y-2Y Treasury Spread (Daily)
T10Y2Y,2020-03-05,0.33,10Y-2Y Treasury Spread (Daily)
T10Y2Y,2020-03-06,0.25,10Y-2Y Treasury Spread (Daily)
T10Y2Y,2020-03-09,0.16,10Y-2Y Treasury Spread (Daily)
T10Y2Y,2020-03-10,0.26,10Y-2Y Treasury Spread (Daily)
T10Y2Y,2020-03-11,0.32,10Y-2Y Treasury Spread (Daily)
T10Y2Y,2020-03-12,0.38,10Y-2Y Treasury Spread (Daily)
T10Y2Y,2020-03-13,0.45,10Y-2Y Treasury Spread (Daily)
T10Y2Y,2020-03-16,0.37,10Y-2Y Treasury Spread (Daily)
T10Y2Y,2020-03-17,0.55,10Y-2Y Treasury Spread (Daily)
T10Y2Y,2020-03-18,0.64,10Y-2Y Treasury Spread (Daily)
T10Y2Y,2020-03-19,0.68,10Y-2Y Treasury Spread (Daily)
T10Y2Y,2020-03-20,0.55,10Y-2Y Treasury Spread (Daily)
T10Y2Y,2020-03-23,0.48,10Y-2Y Treasury Spread (Daily)
T10Y2Y,2020-03-24,0.46,10Y-2Y Treasury Spread (Daily)
T10Y2Y,2020-03-25,0.54,10Y-2Y Treasury Spread (Daily)
T10Y2Y,2020-03-26,0.53,10Y-2Y Treasury Spread (Daily)
T10Y2Y,2020-03-27,0.47,10Y-2Y Treasury Spread (Daily)
T10Y2Y,2020-03-30,0.47,10Y-2Y Treasury Spread (Daily)
T10Y2Y,2020-03-31,0.47,10Y-2Y Treasury Spread (Daily)
T10Y2Y,2020-04-01,0.39,10Y-2Y Treasury Spread (Daily)
T10Y2Y,2020-04-02,0.4,10Y-2Y Treasury Spread (Daily)
T10Y2Y,2020-04-03,0.39,10Y-2Y Treasury Spread (Daily)
T10Y2Y,2020-04-06,0.4,10Y-2Y Treasury Spread (Daily)
T10Y2Y,2020-04-07,0.47,10Y-2Y Treasury Spread (Daily)
T10Y2Y,2020-04-08,0.5,10Y-2Y Treasury Spread (Daily)
T10Y2Y,2020-04-09,0.5,10Y-2Y Treasury Spread (Daily)
T10Y2Y,2020-04-13,0.51,10Y-2Y Treasury Spread (Daily)
T10Y2Y,2020-04-14,0.53,10Y-2Y Treasury Spread (Daily)
T10Y2Y,2020-04-15,0.43,10Y-2Y Treasury Spread (Daily)
T10Y2Y,2020-04-16,0.41,10Y-2Y Treasury Spread (Daily)
T10Y2Y,2020-04-17,0.45,10Y-2Y Treasury Spread (Daily)
T10Y2Y,2020-04-20,0.43,10Y-2Y Treasury Spread (Daily)
T10Y2Y,2020-04-21,0.38,10Y-2Y Treasury Spread (Daily)
T10Y2Y,2020-04-22,0.41,10Y-2Y Treasury Spread (Daily)
T10Y2Y,2020-04-23,0.39,10Y-2Y Treasury Spread (Daily)
T10Y2Y,2020-04-24,0.38,10Y-2Y Treasury Spread (Daily)
T10Y2Y,2020-04-27,0.43,10Y-2Y Treasury Spread (Daily)
T10Y2Y,2020-04-28,0.42,10Y-2Y Treasury Spread (Daily)
T10Y2Y,2020-04-29,0.43,10Y-2Y Treasury Spread (Daily)
T10Y2Y,2020-04-30,0.44,10Y-2Y Treasury Spread (Daily)
T10Y2Y,2020-05-01,0.44,10Y-2Y Treasury Spread (Daily)
T10Y2Y,2020-05-04,0.45,10Y-2Y Treasury Spread (Daily)
T10Y2Y,2020-05-05,0.47,10Y-2Y Treasury Spread (Daily)
T10Y2Y,2020-05-06,0.55,10Y-2Y Treasury Spread (Daily)
T10Y2Y,2020-05-07,0.5,10Y-2Y Treasury Spread (Daily)
T10Y2Y,2020-05-08,0.53,10Y-2Y Treasury Spread (Daily)
T10Y2Y,2020-05-11,0.56,10Y-2Y Treasury Spread (Daily)
T10Y2Y,2020-05-12,0.52,10Y-2Y Treasury Spread (Daily)
T10Y2Y,2020-05-13,0.48,10Y-2Y Treasury Spread (Daily)
T10Y2Y,2020-05-14,0.47,10Y-2Y Treasury Spread (Daily)
T10Y2Y,2020-05-15,0.48,10Y-2Y Treasury Spread (Daily)
T10Y2Y,2020-05-18,0.55,10Y-2Y Treasury Spread (Daily)
T10Y2Y,2020-05-19,0.53,10Y-2Y Treasury Spread (Daily)
T10Y2Y,2020-05-20,0.52,10Y-2Y Treasury Spread (Daily)
T10Y2Y,2020-05-21,0.51,10Y-2Y Treasury Spread (Daily)
T10Y2Y,2020-05-22,0.49,10Y-2Y Treasury Spread (Daily)
T10Y2Y,2020-05-26,0.51,10Y-2Y Treasury Spread (Daily)
T10Y2Y,2020-05-27,0.49,10Y-2Y Treasury Spread (Daily)
T10Y2Y,2020-05-28,0.53,10Y-2Y Treasury Spread (Daily)
T10Y2Y,2020-05-29,0.49,10Y-2Y Treasury Spread (Daily)
T10Y2Y,2020-06-01,0.52,10Y-2Y Treasury Spread (Daily)
T10Y2Y,2020-06-02,0.51,10Y-2Y Treasury Spread (Daily)
T10Y2Y,2020-06-03,0.58,10Y-2Y Treasury Spread (Daily)
T10Y2Y,2020-06-04,0.63,10Y-2Y Treasury Spread (Daily)
T10Y2Y,2020-06-05,0.69,10Y-2Y Treasury Spread (Daily)
T10Y2Y,2020-06-08,0.66,10Y-2Y Treasury Spread (Daily)
T10Y2Y,2020-06-09,0.64,10Y-2Y Treasury Spread (Daily)
T10Y2Y,2020-06-10,0.58,10Y-2Y Treasury Spread (Daily)
T10Y2Y,2020-06-11,0.47,10Y-2Y Treasury Spread (Daily)
T10Y2Y,2020-06-12,0.52,10Y-2Y Treasury Spread (Daily)
T10Y2Y,2020-06-15,0.52,10Y-2Y Treasury Spread (Daily)
T10Y2Y,2020-06-16,0.54,10Y-2Y Treasury Spread (Daily)
T10Y2Y,2020-06-17,0.55,10Y-2Y Treasury Spread (Daily)
T10Y2Y,2020-06-18,0.52,10Y-2Y Treasury Spread (Daily)
T10Y2Y,2020-06-19,0.51,10Y-2Y Treasury Spread (Daily)
T10Y2Y,2020-06-22,0.52,10Y-2Y Treasury Spread (Daily)
T10Y2Y,2020-06-23,0.54,10Y-2Y Treasury Spread (Daily)
T10Y2Y,2020-06-24,0.5,10Y-2Y Treasury Spread (Daily)
T10Y2Y,2020-06-25,0.51,10Y-2Y Treasury Spread (Daily)
T10Y2Y,2020-06-26,0.47,10Y-2Y Treasury Spread (Daily)
T10Y2Y,2020-06-29,0.48,10Y-2Y Treasury Spread (Daily)
T10Y2Y,2020-06-30,0.5,10Y-2Y Treasury Spread (Daily)
T10Y2Y,2020-07-01,0.52,10Y-2Y Treasury Spread (Daily)
T10Y2Y,2020-07-02,0.52,10Y-2Y Treasury Spread (Daily)
T10Y2Y,2020-07-06,0.53,10Y-2Y Treasury Spread (Daily)
T10Y2Y,2020-07-07,0.49,10Y-2Y Treasury Spread (Daily)
T10Y2Y,2020-07-08,0.51,10Y-2Y Treasury Spread (Daily)
T10Y2Y,2020-07-09,0.46,10Y-2Y Treasury Spread (Daily)
T10Y2Y,2020-07-10,0.49,10Y-2Y Treasury Spread (Daily)
T10Y2Y,2020-07-13,0.48,10Y-2Y Treasury Spread (Daily)
T10Y2Y,2020-07-14,0.49,10Y-2Y Treasury Spread (Daily)
T10Y2Y,2020-07-15,0.48,10Y-2Y Treasury Spread (Daily)
T10Y2Y,2020-07-16,0.46,10Y-2Y Treasury Spread (Daily)
T10Y2Y,2020-07-17,0.5,10Y-2Y Treasury Spread (Daily)
T10Y2Y,2020-07-20,0.46,10Y-2Y Treasury Spread (Daily)
T10Y2Y,2020-07-21,0.47,10Y-2Y Treasury Spread (Daily)
T10Y2Y,2020-07-22,0.46,10Y-2Y Treasury Spread (Daily)
T10Y2Y,2020-07-23,0.43,10Y-2Y Treasury Spread (Daily)
T10Y2Y,2020-07-24,0.45,10Y-2Y Treasury Spread (Daily)
T10Y2Y,2020-07-27,0.47,10Y-2Y Treasury Spread (Daily)
T10Y2Y,2020-07-28,0.45,10Y-2Y Treasury Spread (Daily)
T10Y2Y,2020-07-29,0.46,10Y-2Y Treasury Spread (Daily)
T10Y2Y,2020-07-30,0.44,10Y-2Y Treasury Spread (Daily)
T10Y2Y,2020-07-31,0.44,10Y-2Y Treasury Spread (Daily)
T10Y2Y,2020-08-03,0.45,10Y-2Y Treasury Spread (Daily)
T10Y2Y,2020-08-04,0.41,10Y-2Y Treasury Spread (Daily)
T10Y2Y,2020-08-05,0.44,10Y-2Y Treasury Spread (Daily)
T10Y2Y,2020-08-06,0.44,10Y-2Y Treasury Spread (Daily)
T10Y2Y,2020-08-07,0.44,10Y-2Y Treasury Spread (Daily)
T10Y2Y,2020-08-10,0.45,10Y-2Y Treasury Spread (Daily)
T10Y2Y,2020-08-11,0.48,10Y-2Y Treasury Spread (Daily)
T10Y2Y,2020-08-12,0.53,10Y-2Y Treasury Spread (Daily)
T10Y2Y,2020-08-13,0.55,10Y-2Y Treasury Spread (Daily)
T10Y2Y,2020-08-14,0.57,10Y-2Y Treasury Spread (Daily)
T10Y2Y,2020-08-17,0.55,10Y-2Y Treasury Spread (Daily)
T10Y2Y,2020-08-18,0.53,10Y-2Y Treasury Spread (Daily)
T10Y2Y,2020-08-19,0.54,10Y-2Y Treasury Spread (Daily)
T10Y2Y,2020-08-20,0.52,10Y-2Y Treasury Spread (Daily)
T10Y2Y,2020-08-21,0.48,10Y-2Y Treasury Spread (Daily)
T10Y2Y,2020-08-24,0.51,10Y-2Y Treasury Spread (Daily)
T10Y2Y,2020-08-25,0.54,10Y-2Y Treasury Spread (Daily)
T10Y2Y,2020-08-26,0.53,10Y-2Y Treasury Spread (Daily)
T10Y2Y,2020-08-27,0.58,10Y-2Y Treasury Spread (Daily)
T10Y2Y,2020-08-28,0.6,10Y-2Y Treasury Spread (Daily)
T10Y2Y,2020-08-31,0.58,10Y-2Y Treasury Spread (Daily)
T10Y2Y,2020-09-01,0.55,10Y-2Y Treasury Spread (Daily)
T10Y2Y,2020-09-02,0.52,10Y-2Y Treasury Spread (Daily)
T10Y2Y,2020-09-03,0.5,10Y-2Y Treasury Spread (Daily)
T10Y2Y,2020-09-04,0.58,10Y-2Y Treasury Spread (Daily)
T10Y2Y,2020-09-08,0.55,10Y-2Y Treasury Spread (Daily)
T10Y2Y,2020-09-09,0.57,10Y-2Y Treasury Spread (Daily)
T10Y2Y,2020-09-10,0.54,10Y-2Y Treasury Spread (Daily)
T10Y2Y,2020-09-11,0.54,10Y-2Y Treasury Spread (Daily)
T10Y2Y,2020-09-14,0.54,10Y-2Y Treasury Spread (Daily)
T10Y2Y,2020-09-15,0.54,10Y-2Y Treasury Spread (Daily)
T10Y2Y,2020-09-16,0.55,10Y-2Y Treasury Spread (Daily)
T10Y2Y,2020-09-17,0.56,10Y-2Y Treasury Spread (Daily)
T10Y2Y,2020-09-18,0.56,10Y-2Y Treasury Spread (Daily)
T10Y2Y,2020-09-21,0.54,10Y-2Y Treasury Spread (Daily)
T10Y2Y,2020-09-22,0.55,10Y-2Y Treasury Spread (Daily)
T10Y2Y,2020-09-23,0.54,10Y-2Y Treasury Spread (Daily)
T10Y2Y,2020-09-24,0.53,10Y-2Y Treasury Spread (Daily)
T10Y2Y,2020-09-25,0.54,10Y-2Y Treasury Spread (Daily)
T10Y2Y,2020-09-28,0.53,10Y-2Y Treasury Spread (Daily)
T10Y2Y,2020-09-29,0.55,10Y-2Y Treasury Spread (Daily)
T10Y2Y,2020-09-30,0.56,10Y-2Y Treasury Spread (Daily)
T10Y2Y,2020-10-01,0.54,10Y-2Y Treasury Spread (Daily)
T10Y2Y,2020-10-02,0.57,10Y-2Y Treasury Spread (Daily)
T10Y2Y,2020-10-05,0.64,10Y-2Y Treasury Spread (Daily)
T10Y2Y,2020-10-06,0.62,10Y-2Y Treasury Spread (Daily)
T10Y2Y,2020-10-07,0.65,10Y-2Y Treasury Spread (Daily)
T10Y2Y,2020-10-08,0.65,10Y-2Y Treasury Spread (Daily)
T10Y2Y,2020-10-09,0.63,10Y-2Y Treasury Spread (Daily)
T10Y2Y,2020-10-13,0.58,10Y-2Y Treasury Spread (Daily)
T10Y2Y,2020-10-14,0.59,10Y-2Y Treasury Spread (Daily)
T10Y2Y,2020-10-15,0.6,10Y-2Y Treasury Spread (Daily)
T10Y2Y,2020-10-16,0.62,10Y-2Y Treasury Spread (Daily)
T10Y2Y,2020-10-19,0.62,10Y-2Y Treasury Spread (Daily)
T10Y2Y,2020-10-20,0.67,10Y-2Y Treasury Spread (Daily)
T10Y2Y,2020-10-21,0.69,10Y-2Y Treasury Spread (Daily)
T10Y2Y,2020-10-22,0.71,10Y-2Y Treasury Spread (Daily)
T10Y2Y,2020-10-23,0.67,10Y-2Y Treasury Spread (Daily)
T10Y2Y,2020-10-26,0.65,10Y-2Y Treasury Spread (Daily)
T10Y2Y,2020-10-27,0.63,10Y-2Y Treasury Spread (Daily)
T10Y2Y,2020-10-28,0.63,10Y-2Y Treasury Spread (Daily)
T10Y2Y,2020-10-29,0.69,10Y-2Y Treasury Spread (Daily)
T10Y2Y,2020-10-30,0.74,10Y-2Y Treasury Spread (Daily)
T10Y2Y,2020-11-02,0.71,10Y-2Y Treasury Spread (Daily)
T10Y2Y,2020-11-03,0.73,10Y-2Y Treasury Spread (Daily)
T10Y2Y,2020-11-04,0.64,10Y-2Y Treasury Spread (Daily)
T10Y2Y,2020-11-05,0.65,10Y-2Y Treasury Spread (Daily)
T10Y2Y,2020-11-06,0.67,10Y-2Y Treasury Spread (Daily)
T10Y2Y,2020-11-09,0.79,10Y-2Y Treasury Spread (Daily)
T10Y2Y,2020-11-10,0.79,10Y-2Y Treasury Spread (Daily)
T10Y2Y,2020-11-12,0.71,10Y-2Y Treasury Spread (Daily)
T10Y2Y,2020-11-13,0.72,10Y-2Y Treasury Spread (Daily)
T10Y2Y,2020-11-16,0.72,10Y-2Y Treasury Spread (Daily)
T10Y2Y,2020-11-17,0.69,10Y-2Y Treasury Spread (Daily)
T10Y2Y,2020-11-18,0.72,10Y-2Y Treasury Spread (Daily)
T10Y2Y,2020-11-19,0.68,10Y-2Y Treasury Spread (Daily)
T10Y2Y,2020-11-20,0.67,10Y-2Y Treasury Spread (Daily)
T10Y2Y,2020-11-23,0.7,10Y-2Y Treasury Spread (Daily)
T10Y2Y,2020-11-24,0.72,10Y-2Y Treasury Spread (Daily)
T10Y2Y,2020-11-25,0.71,10Y-2Y Treasury Spread (Daily)
T10Y2Y,2020-11-27,0.68,10Y-2Y Treasury Spread (Daily)
T10Y2Y,2020-11-30,0.68,10Y-2Y Treasury Spread (Daily)
T10Y2Y,2020-12-01,0.75,10Y-2Y Treasury Spread (Daily)
T10Y2Y,2020-12-02,0.79,10Y-2Y Treasury Spread (Daily)
T10Y2Y,2020-12-03,0.76,10Y-2Y Treasury Spread (Daily)
T10Y2Y,2020-12-04,0.81,10Y-2Y Treasury Spread (Daily)
T10Y2Y,2020-12-07,0.8,10Y-2Y Treasury Spread (Daily)
T10Y2Y,2020-12-08,0.78,10Y-2Y Treasury Spread (Daily)
T10Y2Y,2020-12-09,0.79,10Y-2Y Treasury Spread (Daily)
T10Y2Y,2020-12-10,0.78,10Y-2Y Treasury Spread (Daily)
T10Y2Y,2020-12-11,0.79,10Y-2Y Treasury Spread (Daily)
T10Y2Y,2020-12-14,0.77,10Y-2Y Treasury Spread (Daily)
T10Y2Y,2020-12-15,0.81,10Y-2Y Treasury Spread (Daily)
T10Y2Y,2020-12-16,0.79,10Y-2Y Treasury Spread (Daily)
T10Y2Y,2020-12-17,0.81,10Y-2Y Treasury Spread (Daily)
T10Y2Y,2020-12-18,0.82,10Y-2Y Treasury Spread (Daily)
T10Y2Y,2020-12-21,0.82,10Y-2Y Treasury Spread (Daily)
T10Y2Y,2020-12-22,0.8,10Y-2Y Treasury Spread (Daily)
T10Y2Y,2020-12-23,0.83,10Y-2Y Treasury Spread (Daily)
T10Y2Y,2020-12-24,0.81,10Y-2Y Treasury Spread (Daily)
T10Y2Y,2020-12-28,0.81,10Y-2Y Treasury Spread (Daily)
T10Y2Y,2020-12-29,0.82,10Y-2Y Treasury Spread (Daily)
T10Y2Y,2020-12-30,0.81,10Y-2Y Treasury Spread (Daily)
T10Y2Y,2020-12-31,0.8,10Y-2Y Treasury Spread (Daily)
T10Y2Y,2021-01-04,0.82,10Y-2Y Treasury Spread (Daily)
T10Y2Y,2021-01-05,0.83,10Y-2Y Treasury Spread (Daily)
T10Y2Y,2021-01-06,0.9,10Y-2Y Treasury Spread (Daily)
T10Y2Y,2021-01-07,0.94,10Y-2Y Treasury Spread (Daily)
T10Y2Y,2021-01-08,0.99,10Y-2Y Treasury Spread (Daily)
T10Y2Y,2021-01-11,1.01,10Y-2Y Treasury Spread (Daily)
T10Y2Y,2021-01-12,1.01,10Y-2Y Treasury Spread (Daily)
T10Y2Y,2021-01-13,0.96,10Y-2Y Treasury Spread (Daily)
T10Y2Y,2021-01-14,0.99,10Y-2Y Treasury Spread (Daily)
T10Y2Y,2021-01-15,0.98,10Y-2Y Treasury Spread (Daily)
T10Y2Y,2021-01-19,0.96,10Y-2Y Treasury Spread (Daily)
T10Y2Y,2021-01-20,0.97,10Y-2Y Treasury Spread (Daily)
T10Y2Y,2021-01-21,0.99,10Y-2Y Treasury Spread (Daily)
T10Y2Y,2021-01-22,0.97,10Y-2Y Treasury Spread (Daily)
T10Y2Y,2021-01-25,0.92,10Y-2Y Treasury Spread (Daily)
T10Y2Y,2021-01-26,0.94,10Y-2Y Treasury Spread (Daily)
T10Y2Y,2021-01-27,0.92,10Y-2Y Treasury Spread (Daily)
T10Y2Y,2021-01-28,0.95,10Y-2Y Treasury Spread (Daily)
T10Y2Y,2021-01-29,1.0,10Y-2Y Treasury Spread (Daily)
T10Y2Y,2021-02-01,0.98,10Y-2Y Treasury Spread (Daily)
T10Y2Y,2021-02-02,1.01,10Y-2Y Treasury Spread (Daily)
T10Y2Y,2021-02-03,1.04,10Y-2Y Treasury Spread (Daily)
T10Y2Y,2021-02-04,1.04,10Y-2Y Treasury Spread (Daily)
T10Y2Y,2021-02-05,1.1,10Y-2Y Treasury Spread (Daily)
T10Y2Y,2021-02-08,1.08,10Y-2Y Treasury Spread (Daily)
T10Y2Y,2021-02-09,1.07,10Y-2Y Treasury Spread (Daily)
T10Y2Y,2021-02-10,1.04,10Y-2Y Treasury Spread (Daily)
T10Y2Y,2021-02-11,1.05,10Y-2Y Treasury Spread (Daily)
T10Y2Y,2021-02-12,1.09,10Y-2Y Treasury Spread (Daily)
T10Y2Y,2021-02-16,1.17,10Y-2Y Treasury Spread (Daily)
T10Y2Y,2021-02-17,1.18,10Y-2Y Treasury Spread (Daily)
T10Y2Y,2021-02-18,1.18,10Y-2Y Treasury Spread (Daily)
T10Y2Y,2021-02-19,1.23,10Y-2Y Treasury Spread (Daily)
T10Y2Y,2021-02-22,1.26,10Y-2Y Treasury Spread (Daily)
T10Y2Y,2021-02-23,1.26,10Y-2Y Treasury Spread (Daily)
T10Y2Y,2021-02-24,1.26,10Y-2Y Treasury Spread (Daily)
T10Y2Y,2021-02-25,1.37,10Y-2Y Treasury Spread (Daily)
T10Y2Y,2021-02-26,1.3,10Y-2Y Treasury Spread (Daily)
T10Y2Y,2021-03-01,1.32,10Y-2Y Treasury Spread (Daily)
T10Y2Y,2021-03-02,1.29,10Y-2Y Treasury Spread (Daily)
T10Y2Y,2021-03-03,1.33,10Y-2Y Treasury Spread (Daily)
T10Y2Y,2021-03-04,1.4,10Y-2Y Treasury Spread (Daily)
T10Y2Y,2021-03-05,1.42,10Y-2Y Treasury Spread (Daily)
T10Y2Y,2021-03-08,1.42,10Y-2Y Treasury Spread (Daily)
T10Y2Y,2021-03-09,1.38,10Y-2Y Treasury Spread (Daily)
T10Y2Y,2021-03-10,1.37,10Y-2Y Treasury Spread (Daily)
T10Y2Y,2021-03-11,1.4,10Y-2Y Treasury Spread (Daily)
T10Y2Y,2021-03-12,1.5,10Y-2Y Treasury Spread (Daily)
T10Y2Y,2021-03-15,1.48,10Y-2Y Treasury Spread (Daily)
T10Y2Y,2021-03-16,1.47,10Y-2Y Treasury Spread (Daily)
T10Y2Y,2021-03-17,1.5,10Y-2Y Treasury Spread (Daily)
T10Y2Y,2021-03-18,1.55,10Y-2Y Treasury Spread (Daily)
T10Y2Y,2021-03-19,1.58,10Y-2Y Treasury Spread (Daily)
T10Y2Y,2021-03-22,1.54,10Y-2Y Treasury Spread (Daily)
T10Y2Y,2021-03-23,1.48,10Y-2Y Treasury Spread (Daily)
T10Y2Y,2021-03-24,1.48,10Y-2Y Treasury Spread (Daily)
T10Y2Y,2021-03-25,1.49,10Y-2Y Treasury Spread (Daily)
T10Y2Y,2021-03-26,1.53,10Y-2Y Treasury Spread (Daily)
T10Y2Y,2021-03-29,1.59,10Y-2Y Treasury Spread (Daily)
T10Y2Y,2021-03-30,1.57,10Y-2Y Treasury Spread (Daily)
T10Y2Y,2021-03-31,1.58,10Y-2Y Treasury Spread (Daily)
T10Y2Y,2021-04-01,1.52,10Y-2Y Treasury Spread (Daily)
T10Y2Y,2021-04-02,1.53,10Y-2Y Treasury Spread (Daily)
T10Y2Y,2021-04-05,1.56,10Y-2Y Treasury Spread (Daily)
T10Y2Y,2021-04-06,1.51,10Y-2Y Treasury Spread (Daily)
T10Y2Y,2021-04-07,1.52,10Y-2Y Treasury Spread (Daily)
T10Y2Y,2021-04-08,1.5,10Y-2Y Treasury Spread (Daily)
T10Y2Y,2021-04-09,1.51,10Y-2Y Treasury Spread (Daily)
T10Y2Y,2021-04-12,1.51,10Y-2Y Treasury Spread (Daily)
T10Y2Y,2021-04-13,1.48,10Y-2Y Treasury Spread (Daily)
T10Y2Y,2021-04-14,1.48,10Y-2Y Treasury Spread (Daily)
T10Y2Y,2021-04-15,1.4,10Y-2Y Treasury Spread (Daily)
T10Y2Y,2021-04-16,1.43,10Y-2Y Treasury Spread (Daily)
T10Y2Y,2021-04-19,1.45,10Y-2Y Treasury Spread (Daily)
T10Y2Y,2021-04-20,1.43,10Y-2Y Treasury Spread (Daily)
T10Y2Y,2021-04-21,1.42,10Y-2Y Treasury Spread (Daily)
T10Y2Y,2021-04-22,1.41,10Y-2Y Treasury Spread (Daily)
T10Y2Y,2021-04-23,1.42,10Y-2Y Treasury Spread (Daily)
T10Y2Y,2021-04-26,1.4,10Y-2Y Treasury Spread (Daily)
T10Y2Y,2021-04-27,1.46,10Y-2Y Treasury Spread (Daily)
T10Y2Y,2021-04-28,1.46,10Y-2Y Treasury Spread (Daily)
T10Y2Y,2021-04-29,1.49,10Y-2Y Treasury Spread (Daily)
T10Y2Y,2021-04-30,1.49,10Y-2Y Treasury Spread (Daily)
T10Y2Y,2021-05-03,1.47,10Y-2Y Treasury Spread (Daily)
T10Y2Y,2021-05-04,1.45,10Y-2Y Treasury Spread (Daily)
T10Y2Y,2021-05-05,1.43,10Y-2Y Treasury Spread (Daily)
T10Y2Y,2021-05-06,1.42,10Y-2Y Treasury Spread (Daily)
T10Y2Y,2021-05-07,1.46,10Y-2Y Treasury Spread (Daily)
T10Y2Y,2021-05-10,1.47,10Y-2Y Treasury Spread (Daily)
T10Y2Y,2021-05-11,1.48,10Y-2Y Treasury Spread (Daily)
T10Y2Y,2021-05-12,1.53,10Y-2Y Treasury Spread (Daily)
T10Y2Y,2021-05-13,1.5,10Y-2Y Treasury Spread (Daily)
T10Y2Y,2021-05-14,1.47,10Y-2Y Treasury Spread (Daily)
T10Y2Y,2021-05-17,1.48,10Y-2Y Treasury Spread (Daily)
T10Y2Y,2021-05-18,1.48,10Y-2Y Treasury Spread (Daily)
T10Y2Y,2021-05-19,1.52,10Y-2Y Treasury Spread (Daily)
T10Y2Y,2021-05-20,1.48,10Y-2Y Treasury Spread (Daily)
T10Y2Y,2021-05-21,1.46,10Y-2Y Treasury Spread (Daily)
T10Y2Y,2021-05-24,1.46,10Y-2Y Treasury Spread (Daily)
T10Y2Y,2021-05-25,1.41,10Y-2Y Treasury Spread (Daily)
T10Y2Y,2021-05-26,1.44,10Y-2Y Treasury Spread (Daily)
T10Y2Y,2021-05-27,1.47,10Y-2Y Treasury Spread (Daily)
T10Y2Y,2021-05-28,1.44,10Y-2Y Treasury Spread (Daily)
T10Y2Y,2021-06-01,1.46,10Y-2Y Treasury Spread (Daily)
T10Y2Y,2021-06-02,1.46,10Y-2Y Treasury Spread (Daily)
T10Y2Y,2021-06-03,1.47,10Y-2Y Treasury Spread (Daily)
T10Y2Y,2021-06-04,1.42,10Y-2Y Treasury Spread (Daily)
T10Y2Y,2021-06-07,1.41,10Y-2Y Treasury Spread (Daily)
T10Y2Y,2021-06-08,1.39,10Y-2Y Treasury Spread (Daily)
T10Y2Y,2021-06-09,1.34,10Y-2Y Treasury Spread (Daily)
T10Y2Y,2021-06-10,1.31,10Y-2Y Treasury Spread (Daily)
T10Y2Y,2021-06-11,1.31,10Y-2Y Treasury Spread (Daily)
T10Y2Y,2021-06-14,1.35,10Y-2Y Treasury Spread (Daily)
T10Y2Y,2021-06-15,1.35,10Y-2Y Treasury Spread (Daily)
T10Y2Y,2021-06-16,1.36,10Y-2Y Treasury Spread (Daily)
T10Y2Y,2021-06-17,1.29,10Y-2Y Treasury Spread (Daily)
T10Y2Y,2021-06-18,1.19,10Y-2Y Treasury Spread (Daily)
T10Y2Y,2021-06-21,1.23,10Y-2Y Treasury Spread (Daily)
T10Y2Y,2021-06-22,1.23,10Y-2Y Treasury Spread (Daily)
T10Y2Y,2021-06-23,1.24,10Y-2Y Treasury Spread (Daily)
T10Y2Y,2021-06-24,1.23,10Y-2Y Treasury Spread (Daily)
T10Y2Y,2021-06-25,1.26,10Y-2Y Treasury Spread (Daily)
T10Y2Y,2021-06-28,1.24,10Y-2Y Treasury Spread (Daily)
T10Y2Y,2021-06-29,1.22,10Y-2Y Treasury Spread (Daily)
T10Y2Y,2021-06-30,1.2,10Y-2Y Treasury Spread (Daily)
T10Y2Y,2021-07-01,1.23,10Y-2Y Treasury Spread (Daily)
T10Y2Y,2021-07-02,1.2,10Y-2Y Treasury Spread (Daily)
T10Y2Y,2021-07-06,1.15,10Y-2Y Treasury Spread (Daily)
T10Y2Y,2021-07-07,1.11,10Y-2Y Treasury Spread (Daily)
T10Y2Y,2021-07-08,1.11,10Y-2Y Treasury Spread (Daily)
T10Y2Y,2021-07-09,1.14,10Y-2Y Treasury Spread (Daily)
T10Y2Y,2021-07-12,1.15,10Y-2Y Treasury Spread (Daily)
T10Y2Y,2021-07-13,1.16,10Y-2Y Treasury Spread (Daily)
T10Y2Y,2021-07-14,1.14,10Y-2Y Treasury Spread (Daily)
T10Y2Y,2021-07-15,1.08,10Y-2Y Treasury Spread (Daily)
T10Y2Y,2021-07-16,1.06,10Y-2Y Treasury Spread (Daily)
T10Y2Y,2021-07-19,0.98,10Y-2Y Treasury Spread (Daily)
T10Y2Y,2021-07-20,1.03,10Y-2Y Treasury Spread (Daily)
T10Y2Y,2021-07-21,1.08,10Y-2Y Treasury Spread (Daily)
T10Y2Y,2021-07-22,1.07,10Y-2Y Treasury Spread (Daily)
T10Y2Y,2021-07-23,1.08,10Y-2Y Treasury Spread (Daily)
T10Y2Y,2021-07-26,1.07,10Y-2Y Treasury Spread (Daily)
T10Y2Y,2021-07-27,1.05,10Y-2Y Treasury Spread (Daily)
T10Y2Y,2021-07-28,1.06,10Y-2Y Treasury Spread (Daily)
T10Y2Y,2021-07-29,1.08,10Y-2Y Treasury Spread (Daily)
T10Y2Y,2021-07-30,1.05,10Y-2Y Treasury Spread (Daily)
T10Y2Y,2021-08-02,1.03,10Y-2Y Treasury Spread (Daily)
T10Y2Y,2021-08-03,1.02,10Y-2Y Treasury Spread (Daily)
T10Y2Y,2021-08-04,1.02,10Y-2Y Treasury Spread (Daily)
T10Y2Y,2021-08-05,1.02,10Y-2Y Treasury Spread (Daily)
T10Y2Y,2021-08-06,1.1,10Y-2Y Treasury Spread (Daily)
T10Y2Y,2021-08-09,1.1,10Y-2Y Treasury Spread (Daily)
T10Y2Y,2021-08-10,1.12,10Y-2Y Treasury Spread (Daily)
T10Y2Y,2021-08-11,1.12,10Y-2Y Treasury Spread (Daily)
T10Y2Y,2021-08-12,1.13,10Y-2Y Treasury Spread (Daily)
T10Y2Y,2021-08-13,1.06,10Y-2Y Treasury Spread (Daily)
T10Y2Y,2021-08-16,1.05,10Y-2Y Treasury Spread (Daily)
T10Y2Y,2021-08-17,1.03,10Y-2Y Treasury Spread (Daily)
T10Y2Y,2021-08-18,1.04,10Y-2Y Treasury Spread (Daily)
T10Y2Y,2021-08-19,1.02,10Y-2Y Treasury Spread (Daily)
T10Y2Y,2021-08-20,1.03,10Y-2Y Treasury Spread (Daily)
T10Y2Y,2021-08-23,1.02,10Y-2Y Treasury Spread (Daily)
T10Y2Y,2021-08-24,1.05,10Y-2Y Treasury Spread (Daily)
T10Y2Y,2021-08-25,1.12,10Y-2Y Treasury Spread (Daily)
T10Y2Y,2021-08-26,1.09,10Y-2Y Treasury Spread (Daily)
T10Y2Y,2021-08-27,1.09,10Y-2Y Treasury Spread (Daily)
T10Y2Y,2021-08-30,1.09,10Y-2Y Treasury Spread (Daily)
T10Y2Y,2021-08-31,1.1,10Y-2Y Treasury Spread (Daily)
T10Y2Y,2021-09-01,1.11,10Y-2Y Treasury Spread (Daily)
T10Y2Y,2021-09-02,1.09,10Y-2Y Treasury Spread (Daily)
T10Y2Y,2021-09-03,1.12,10Y-2Y Treasury Spread (Daily)
T10Y2Y,2021-09-07,1.16,10Y-2Y Treasury Spread (Daily)
T10Y2Y,2021-09-08,1.13,10Y-2Y Treasury Spread (Daily)
T10Y2Y,2021-09-09,1.07,10Y-2Y Treasury Spread (Daily)
T10Y2Y,2021-09-10,1.12,10Y-2Y Treasury Spread (Daily)
T10Y2Y,2021-09-13,1.12,10Y-2Y Treasury Spread (Daily)
T10Y2Y,2021-09-14,1.07,10Y-2Y Treasury Spread (Daily)
T10Y2Y,2021-09-15,1.1,10Y-2Y Treasury Spread (Daily)
T10Y2Y,2021-09-16,1.11,10Y-2Y Treasury Spread (Daily)
T10Y2Y,2021-09-17,1.14,10Y-2Y Treasury Spread (Daily)
T10Y2Y,2021-09-20,1.08,10Y-2Y Treasury Spread (Daily)
T10Y2Y,2021-09-21,1.11,10Y-2Y Treasury Spread (Daily)
T10Y2Y,2021-09-22,1.07,10Y-2Y Treasury Spread (Daily)
T10Y2Y,2021-09-23,1.14,10Y-2Y Treasury Spread (Daily)
T10Y2Y,2021-09-24,1.18,10Y-2Y Treasury Spread (Daily)
T10Y2Y,2021-09-27,1.17,10Y-2Y Treasury Spread (Daily)
T10Y2Y,2021-09-28,1.23,10Y-2Y Treasury Spread (Daily)
T10Y2Y,2021-09-29,1.25,10Y-2Y Treasury Spread (Daily)
T10Y2Y,2021-09-30,1.24,10Y-2Y Treasury Spread (Daily)
T10Y2Y,2021-10-01,1.21,10Y-2Y Treasury Spread (Daily)
T10Y2Y,2021-10-04,1.22,10Y-2Y Treasury Spread (Daily)
T10Y2Y,2021-10-05,1.26,10Y-2Y Treasury Spread (Daily)
T10Y2Y,2021-10-06,1.23,10Y-2Y Treasury Spread (Daily)
T10Y2Y,2021-10-07,1.26,10Y-2Y Treasury Spread (Daily)
T10Y2Y,2021-10-08,1.29,10Y-2Y Treasury Spread (Daily)
T10Y2Y,2021-10-12,1.24,10Y-2Y Treasury Spread (Daily)
T10Y2Y,2021-10-13,1.19,10Y-2Y Treasury Spread (Daily)
T10Y2Y,2021-10-14,1.16,10Y-2Y Treasury Spread (Daily)
T10Y2Y,2021-10-15,1.18,10Y-2Y Treasury Spread (Daily)
T10Y2Y,2021-10-18,1.15,10Y-2Y Treasury Spread (Daily)
T10Y2Y,2021-10-19,1.24,10Y-2Y Treasury Spread (Daily)
T10Y2Y,2021-10-20,1.25,10Y-2Y Treasury Spread (Daily)
T10Y2Y,2021-10-21,1.23,10Y-2Y Treasury Spread (Daily)
T10Y2Y,2021-10-22,1.18,10Y-2Y Treasury Spread (Daily)
T10Y2Y,2021-10-25,1.17,10Y-2Y Treasury Spread (Daily)
T10Y2Y,2021-10-26,1.16,10Y-2Y Treasury Spread (Daily)
T10Y2Y,2021-10-27,1.04,10Y-2Y Treasury Spread (Daily)
T10Y2Y,2021-10-28,1.07,10Y-2Y Treasury Spread (Daily)
T10Y2Y,2021-10-29,1.07,10Y-2Y Treasury Spread (Daily)
T10Y2Y,2021-11-01,1.08,10Y-2Y Treasury Spread (Daily)
T10Y2Y,2021-11-02,1.1,10Y-2Y Treasury Spread (Daily)
T10Y2Y,2021-11-03,1.13,10Y-2Y Treasury Spread (Daily)
T10Y2Y,2021-11-04,1.12,10Y-2Y Treasury Spread (Daily)
T10Y2Y,2021-11-05,1.06,10Y-2Y Treasury Spread (Daily)
T10Y2Y,2021-11-08,1.06,10Y-2Y Treasury Spread (Daily)
T10Y2Y,2021-11-09,1.05,10Y-2Y Treasury Spread (Daily)
T10Y2Y,2021-11-10,1.05,10Y-2Y Treasury Spread (Daily)
T10Y2Y,2021-11-12,1.05,10Y-2Y Treasury Spread (Daily)
T10Y2Y,2021-11-15,1.1,10Y-2Y Treasury Spread (Daily)
T10Y2Y,2021-11-16,1.09,10Y-2Y Treasury Spread (Daily)
T10Y2Y,2021-11-17,1.08,10Y-2Y Treasury Spread (Daily)
T10Y2Y,2021-11-18,1.07,10Y-2Y Treasury Spread (Daily)
T10Y2Y,2021-11-19,1.02,10Y-2Y Treasury Spread (Daily)
T10Y2Y,2021-11-22,1.0,10Y-2Y Treasury Spread (Daily)
T10Y2Y,2021-11-23,1.07,10Y-2Y Treasury Spread (Daily)
T10Y2Y,2021-11-24,1.0,10Y-2Y Treasury Spread (Daily)
T10Y2Y,2021-11-26,0.98,10Y-2Y Treasury Spread (Daily)
T10Y2Y,2021-11-29,1.01,10Y-2Y Treasury Spread (Daily)
T10Y2Y,2021-11-30,0.91,10Y-2Y Treasury Spread (Daily)
T10Y2Y,2021-12-01,0.87,10Y-2Y Treasury Spread (Daily)
T10Y2Y,2021-12-02,0.81,10Y-2Y Treasury Spread (Daily)
T10Y2Y,2021-12-03,0.75,10Y-2Y Treasury Spread (Daily)
T10Y2Y,2021-12-06,0.78,10Y-2Y Treasury Spread (Daily)
T10Y2Y,2021-12-07,0.78,10Y-2Y Treasury Spread (Daily)
T10Y2Y,2021-12-08,0.84,10Y-2Y Treasury Spread (Daily)
T10Y2Y,2021-12-09,0.79,10Y-2Y Treasury Spread (Daily)
T10Y2Y,2021-12-10,0.81,10Y-2Y Treasury Spread (Daily)
T10Y2Y,2021-12-13,0.76,10Y-2Y Treasury Spread (Daily)
T10Y2Y,2021-12-14,0.77,10Y-2Y Treasury Spread (Daily)
T10Y2Y,2021-12-15,0.78,10Y-2Y Treasury Spread (Daily)
T10Y2Y,2021-12-16,0.8,10Y-2Y Treasury Spread (Daily)
T10Y2Y,2021-12-17,0.75,10Y-2Y Treasury Spread (Daily)
T10Y2Y,2021-12-20,0.78,10Y-2Y Treasury Spread (Daily)
T10Y2Y,2021-12-21,0.78,10Y-2Y Treasury Spread (Daily)
T10Y2Y,2021-12-22,0.78,10Y-2Y Treasury Spread (Daily)
T10Y2Y,2021-12-23,0.79,10Y-2Y Treasury Spread (Daily)
T10Y2Y,2021-12-27,0.72,10Y-2Y Treasury Spread (Daily)
T10Y2Y,2021-12-28,0.75,10Y-2Y Treasury Spread (Daily)
T10Y2Y,2021-12-29,0.8,10Y-2Y Treasury Spread (Daily)
T10Y2Y,2021-12-30,0.79,10Y-2Y Treasury Spread (Daily)
T10Y2Y,2021-12-31,0.79,10Y-2Y Treasury Spread (Daily)
T10Y2Y,2022-01-03,0.85,10Y-2Y Treasury Spread (Daily)
T10Y2Y,2022-01-04,0.89,10Y-2Y Treasury Spread (Daily)
T10Y2Y,2022-01-05,0.88,10Y-2Y Treasury Spread (Daily)
T10Y2Y,2022-01-06,0.85,10Y-2Y Treasury Spread (Daily)
T10Y2Y,2022-01-07,0.89,10Y-2Y Treasury Spread (Daily)
T10Y2Y,2022-01-10,0.86,10Y-2Y Treasury Spread (Daily)
T10Y2Y,2022-01-11,0.85,10Y-2Y Treasury Spread (Daily)
T10Y2Y,2022-01-12,0.82,10Y-2Y Treasury Spread (Daily)
T10Y2Y,2022-01-13,0.79,10Y-2Y Treasury Spread (Daily)
T10Y2Y,2022-01-14,0.79,10Y-2Y Treasury Spread (Daily)
T10Y2Y,2022-01-18,0.81,10Y-2Y Treasury Spread (Daily)
T10Y2Y,2022-01-19,0.79,10Y-2Y Treasury Spread (Daily)
T10Y2Y,2022-01-20,0.75,10Y-2Y Treasury Spread (Daily)
T10Y2Y,2022-01-21,0.74,10Y-2Y Treasury Spread (Daily)
T10Y2Y,2022-01-24,0.76,10Y-2Y Treasury Spread (Daily)
T10Y2Y,2022-01-25,0.76,10Y-2Y Treasury Spread (Daily)
T10Y2Y,2022-01-26,0.72,10Y-2Y Treasury Spread (Daily)
T10Y2Y,2022-01-27,0.63,10Y-2Y Treasury Spread (Daily)
T10Y2Y,2022-01-28,0.63,10Y-2Y Treasury Spread (Daily)
T10Y2Y,2022-01-31,0.61,10Y-2Y Treasury Spread (Daily)
T10Y2Y,2022-02-01,0.63,10Y-2Y Treasury Spread (Daily)
T10Y2Y,2022-02-02,0.62,10Y-2Y Treasury Spread (Daily)
T10Y2Y,2022-02-03,0.63,10Y-2Y Treasury Spread (Daily)
T10Y2Y,2022-02-04,0.62,10Y-2Y Treasury Spread (Daily)
T10Y2Y,2022-02-07,0.62,10Y-2Y Treasury Spread (Daily)
T10Y2Y,2022-02-08,0.61,10Y-2Y Treasury Spread (Daily)
T10Y2Y,2022-02-09,0.58,10Y-2Y Treasury Spread (Daily)
T10Y2Y,2022-02-10,0.42,10Y-2Y Treasury Spread (Daily)
T10Y2Y,2022-02-11,0.42,10Y-2Y Treasury Spread (Daily)
T10Y2Y,2022-02-14,0.4,10Y-2Y Treasury Spread (Daily)
T10Y2Y,2022-02-15,0.47,10Y-2Y Treasury Spread (Daily)
T10Y2Y,2022-02-16,0.51,10Y-2Y Treasury Spread (Daily)
T10Y2Y,2022-02-17,0.48,10Y-2Y Treasury Spread (Daily)
T10Y2Y,2022-02-18,0.45,10Y-2Y Treasury Spread (Daily)
T10Y2Y,2022-02-22,0.38,10Y-2Y Treasury Spread (Daily)
T10Y2Y,2022-02-23,0.41,10Y-2Y Treasury Spread (Daily)
T10Y2Y,2022-02-24,0.42,10Y-2Y Treasury Spread (Daily)
T10Y2Y,2022-02-25,0.42,10Y-2Y Treasury Spread (Daily)
T10Y2Y,2022-02-28,0.39,10Y-2Y Treasury Spread (Daily)
T10Y2Y,2022-03-01,0.41,10Y-2Y Treasury Spread (Daily)
T10Y2Y,2022-03-02,0.36,10Y-2Y Treasury Spread (Daily)
T10Y2Y,2022-03-03,0.33,10Y-2Y Treasury Spread (Daily)
T10Y2Y,2022-03-04,0.24,10Y-2Y Treasury Spread (Daily)
T10Y2Y,2022-03-07,0.23,10Y-2Y Treasury Spread (Daily)
T10Y2Y,2022-03-08,0.23,10Y-2Y Treasury Spread (Daily)
T10Y2Y,2022-03-09,0.26,10Y-2Y Treasury Spread (Daily)
T10Y2Y,2022-03-10,0.26,10Y-2Y Treasury Spread (Daily)
T10Y2Y,2022-03-11,0.25,10Y-2Y Treasury Spread (Daily)
T10Y2Y,2022-03-14,0.27,10Y-2Y Treasury Spread (Daily)
T10Y2Y,2022-03-15,0.3,10Y-2Y Treasury Spread (Daily)
T10Y2Y,2022-03-16,0.24,10Y-2Y Treasury Spread (Daily)
T10Y2Y,2022-03-17,0.26,10Y-2Y Treasury Spread (Daily)
T10Y2Y,2022-03-18,0.17,10Y-2Y Treasury Spread (Daily)
T10Y2Y,2022-03-21,0.18,10Y-2Y Treasury Spread (Daily)
T10Y2Y,2022-03-22,0.2,10Y-2Y Treasury Spread (Daily)
T10Y2Y,2022-03-23,0.19,10Y-2Y Treasury Spread (Daily)
T10Y2Y,2022-03-24,0.21,10Y-2Y Treasury Spread (Daily)
T10Y2Y,2022-03-25,0.18,10Y-2Y Treasury Spread (Daily)
T10Y2Y,2022-03-28,0.11,10Y-2Y Treasury Spread (Daily)
T10Y2Y,2022-03-29,0.06,10Y-2Y Treasury Spread (Daily)
T10Y2Y,2022-03-30,0.04,10Y-2Y Treasury Spread (Daily)
T10Y2Y,2022-03-31,0.04,10Y-2Y Treasury Spread (Daily)
T10Y2Y,2022-04-01,-0.05,10Y-2Y Treasury Spread (Daily)
T10Y2Y,2022-04-04,-0.01,10Y-2Y Treasury Spread (Daily)
T10Y2Y,2022-04-05,0.03,10Y-2Y Treasury Spread (Daily)
T10Y2Y,2022-04-06,0.11,10Y-2Y Treasury Spread (Daily)
T10Y2Y,2022-04-07,0.19,10Y-2Y Treasury Spread (Daily)
T10Y2Y,2022-04-08,0.19,10Y-2Y Treasury Spread (Daily)
T10Y2Y,2022-04-11,0.29,10Y-2Y Treasury Spread (Daily)
T10Y2Y,2022-04-12,0.33,10Y-2Y Treasury Spread (Daily)
T10Y2Y,2022-04-13,0.33,10Y-2Y Treasury Spread (Daily)
T10Y2Y,2022-04-14,0.36,10Y-2Y Treasury Spread (Daily)
T10Y2Y,2022-04-18,0.39,10Y-2Y Treasury Spread (Daily)
T10Y2Y,2022-04-19,0.32,10Y-2Y Treasury Spread (Daily)
T10Y2Y,2022-04-20,0.25,10Y-2Y Treasury Spread (Daily)
T10Y2Y,2022-04-21,0.22,10Y-2Y Treasury Spread (Daily)
T10Y2Y,2022-04-22,0.18,10Y-2Y Treasury Spread (Daily)
T10Y2Y,2022-04-25,0.18,10Y-2Y Treasury Spread (Daily)
T10Y2Y,2022-04-26,0.23,10Y-2Y Treasury Spread (Daily)
T10Y2Y,2022-04-27,0.24,10Y-2Y Treasury Spread (Daily)
T10Y2Y,2022-04-28,0.22,10Y-2Y Treasury Spread (Daily)
T10Y2Y,2022-04-29,0.19,10Y-2Y Treasury Spread (Daily)
T10Y2Y,2022-05-02,0.26,10Y-2Y Treasury Spread (Daily)
T10Y2Y,2022-05-03,0.19,10Y-2Y Treasury Spread (Daily)
T10Y2Y,2022-05-04,0.27,10Y-2Y Treasury Spread (Daily)
T10Y2Y,2022-05-05,0.34,10Y-2Y Treasury Spread (Daily)
T10Y2Y,2022-05-06,0.4,10Y-2Y Treasury Spread (Daily)
T10Y2Y,2022-05-09,0.44,10Y-2Y Treasury Spread (Daily)
T10Y2Y,2022-05-10,0.37,10Y-2Y Treasury Spread (Daily)
T10Y2Y,2022-05-11,0.25,10Y-2Y Treasury Spread (Daily)
T10Y2Y,2022-05-12,0.28,10Y-2Y Treasury Spread (Daily)
T10Y2Y,2022-05-13,0.32,10Y-2Y Treasury Spread (Daily)
T10Y2Y,2022-05-16,0.3,10Y-2Y Treasury Spread (Daily)
T10Y2Y,2022-05-17,0.27,10Y-2Y Treasury Spread (Daily)
T10Y2Y,2022-05-18,0.21,10Y-2Y Treasury Spread (Daily)
T10Y2Y,2022-05-19,0.21,10Y-2Y Treasury Spread (Daily)
T10Y2Y,2022-05-20,0.18,10Y-2Y Treasury Spread (Daily)
T10Y2Y,2022-05-23,0.21,10Y-2Y Treasury Spread (Daily)
T10Y2Y,2022-05-24,0.26,10Y-2Y Treasury Spread (Daily)
T10Y2Y,2022-05-25,0.27,10Y-2Y Treasury Spread (Daily)
T10Y2Y,2022-05-26,0.29,10Y-2Y Treasury Spread (Daily)
T10Y2Y,2022-05-27,0.27,10Y-2Y Treasury Spread (Daily)
T10Y2Y,2022-05-31,0.32,10Y-2Y Treasury Spread (Daily)
T10Y2Y,2022-06-01,0.28,10Y-2Y Treasury Spread (Daily)
T10Y2Y,2022-06-02,0.27,10Y-2Y Treasury Spread (Daily)
T10Y2Y,2022-06-03,0.3,10Y-2Y Treasury Spread (Daily)
T10Y2Y,2022-06-06,0.31,10Y-2Y Treasury Spread (Daily)
T10Y2Y,2022-06-07,0.23,10Y-2Y Treasury Spread (Daily)
T10Y2Y,2022-06-08,0.25,10Y-2Y Treasury Spread (Daily)
T10Y2Y,2022-06-09,0.21,10Y-2Y Treasury Spread (Daily)
T10Y2Y,2022-06-10,0.09,10Y-2Y Treasury Spread (Daily)
T10Y2Y,2022-06-13,0.03,10Y-2Y Treasury Spread (Daily)
T10Y2Y,2022-06-14,0.04,10Y-2Y Treasury Spread (Daily)
T10Y2Y,2022-06-15,0.13,10Y-2Y Treasury Spread (Daily)
T10Y2Y,2022-06-16,0.14,10Y-2Y Treasury Spread (Daily)
T10Y2Y,2022-06-17,0.08,10Y-2Y Treasury Spread (Daily)
T10Y2Y,2022-06-21,0.1,10Y-2Y Treasury Spread (Daily)
T10Y2Y,2022-06-22,0.1,10Y-2Y Treasury Spread (Daily)
T10Y2Y,2022-06-23,0.08,10Y-2Y Treasury Spread (Daily)
T10Y2Y,2022-06-24,0.09,10Y-2Y Treasury Spread (Daily)
T10Y2Y,2022-06-27,0.12,10Y-2Y Treasury Spread (Daily)
T10Y2Y,2022-06-28,0.1,10Y-2Y Treasury Spread (Daily)
T10Y2Y,2022-06-29,0.04,10Y-2Y Treasury Spread (Daily)
T10Y2Y,2022-06-30,0.06,10Y-2Y Treasury Spread (Daily)
T10Y2Y,2022-07-01,0.04,10Y-2Y Treasury Spread (Daily)
T10Y2Y,2022-07-05,0.0,10Y-2Y Treasury Spread (Daily)
T10Y2Y,2022-07-06,-0.04,10Y-2Y Treasury Spread (Daily)
T10Y2Y,2022-07-07,-0.02,10Y-2Y Treasury Spread (Daily)
T10Y2Y,2022-07-08,-0.03,10Y-2Y Treasury Spread (Daily)
T10Y2Y,2022-07-11,-0.08,10Y-2Y Treasury Spread (Daily)
T10Y2Y,2022-07-12,-0.07,10Y-2Y Treasury Spread (Daily)
T10Y2Y,2022-07-13,-0.22,10Y-2Y Treasury Spread (Daily)
T10Y2Y,2022-07-14,-0.19,10Y-2Y Treasury Spread (Daily)
T10Y2Y,2022-07-15,-0.2,10Y-2Y Treasury Spread (Daily)
T10Y2Y,2022-07-18,-0.19,10Y-2Y Treasury Spread (Daily)
T10Y2Y,2022-07-19,-0.22,10Y-2Y Treasury Spread (Daily)
T10Y2Y,2022-07-20,-0.21,10Y-2Y Treasury Spread (Daily)
T10Y2Y,2022-07-21,-0.19,10Y-2Y Treasury Spread (Daily)
T10Y2Y,2022-07-22,-0.21,10Y-2Y Treasury Spread (Daily)
T10Y2Y,2022-07-25,-0.19,10Y-2Y Treasury Spread (Daily)
T10Y2Y,2022-07-26,-0.21,10Y-2Y Treasury Spread (Daily)
T10Y2Y,2022-07-27,-0.18,10Y-2Y Treasury Spread (Daily)
T10Y2Y,2022-07-28,-0.17,10Y-2Y Treasury Spread (Daily)
T10Y2Y,2022-07-29,-0.22,10Y-2Y Treasury Spread (Daily)
T10Y2Y,2022-08-01,-0.3,10Y-2Y Treasury Spread (Daily)
T10Y2Y,2022-08-02,-0.31,10Y-2Y Treasury Spread (Daily)
T10Y2Y,2022-08-03,-0.37,10Y-2Y Treasury Spread (Daily)
T10Y2Y,2022-08-04,-0.35,10Y-2Y Treasury Spread (Daily)
T10Y2Y,2022-08-05,-0.41,10Y-2Y Treasury Spread (Daily)
T10Y2Y,2022-08-08,-0.44,10Y-2Y Treasury Spread (Daily)
T10Y2Y,2022-08-09,-0.48,10Y-2Y Treasury Spread (Daily)
T10Y2Y,2022-08-10,-0.45,10Y-2Y Treasury Spread (Daily)
T10Y2Y,2022-08-11,-0.36,10Y-2Y Treasury Spread (Daily)
T10Y2Y,2022-08-12,-0.41,10Y-2Y Treasury Spread (Daily)
T10Y2Y,2022-08-15,-0.41,10Y-2Y Treasury Spread (Daily)
T10Y2Y,2022-08-16,-0.43,10Y-2Y Treasury Spread (Daily)
T10Y2Y,2022-08-17,-0.39,10Y-2Y Treasury Spread (Daily)
T10Y2Y,2022-08-18,-0.34,10Y-2Y Treasury Spread (Daily)
T10Y2Y,2022-08-19,-0.27,10Y-2Y Treasury Spread (Daily)
T10Y2Y,2022-08-22,-0.29,10Y-2Y Treasury Spread (Daily)
T10Y2Y,2022-08-23,-0.24,10Y-2Y Treasury Spread (Daily)
T10Y2Y,2022-08-24,-0.25,10Y-2Y Treasury Spread (Daily)
T10Y2Y,2022-08-25,-0.32,10Y-2Y Treasury Spread (Daily)
T10Y2Y,2022-08-26,-0.33,10Y-2Y Treasury Spread (Daily)
T10Y2Y,2022-08-29,-0.3,10Y-2Y Treasury Spread (Daily)
T10Y2Y,2022-08-30,-0.35,10Y-2Y Treasury Spread (Daily)
T10Y2Y,2022-08-31,-0.3,10Y-2Y Treasury Spread (Daily)
T10Y2Y,2022-09-01,-0.25,10Y-2Y Treasury Spread (Daily)
T10Y2Y,2022-09-02,-0.2,10Y-2Y Treasury Spread (Daily)
T10Y2Y,2022-09-06,-0.17,10Y-2Y Treasury Spread (Daily)
T10Y2Y,2022-09-07,-0.18,10Y-2Y Treasury Spread (Daily)
T10Y2Y,2022-09-08,-0.19,10Y-2Y Treasury Spread (Daily)
T10Y2Y,2022-09-09,-0.23,10Y-2Y Treasury Spread (Daily)
T10Y2Y,2022-09-12,-0.21,10Y-2Y Treasury Spread (Daily)
T10Y2Y,2022-09-13,-0.33,10Y-2Y Treasury Spread (Daily)
T10Y2Y,2022-09-14,-0.37,10Y-2Y Treasury Spread (Daily)
T10Y2Y,2022-09-15,-0.42,10Y-2Y Treasury Spread (Daily)
T10Y2Y,2022-09-16,-0.4,10Y-2Y Treasury Spread (Daily)
T10Y2Y,2022-09-19,-0.46,10Y-2Y Treasury Spread (Daily)
T10Y2Y,2022-09-20,-0.39,10Y-2Y Treasury Spread (Daily)
T10Y2Y,2022-09-21,-0.51,10Y-2Y Treasury Spread (Daily)
T10Y2Y,2022-09-22,-0.41,10Y-2Y Treasury Spread (Daily)
T10Y2Y,2022-09-23,-0.51,10Y-2Y Treasury Spread (Daily)
T10Y2Y,2022-09-26,-0.39,10Y-2Y Treasury Spread (Daily)
T10Y2Y,2022-09-27,-0.33,10Y-2Y Treasury Spread (Daily)
T10Y2Y,2022-09-28,-0.35,10Y-2Y Treasury Spread (Daily)
T10Y2Y,2022-09-29,-0.4,10Y-2Y Treasury Spread (Daily)
T10Y2Y,2022-09-30,-0.39,10Y-2Y Treasury Spread (Daily)
T10Y2Y,2022-10-03,-0.45,10Y-2Y Treasury Spread (Daily)
T10Y2Y,2022-10-04,-0.48,10Y-2Y Treasury Spread (Daily)
T10Y2Y,2022-10-05,-0.39,10Y-2Y Treasury Spread (Daily)
T10Y2Y,2022-10-06,-0.4,10Y-2Y Treasury Spread (Daily)
T10Y2Y,2022-10-07,-0.41,10Y-2Y Treasury Spread (Daily)
T10Y2Y,2022-10-11,-0.37,10Y-2Y Treasury Spread (Daily)
T10Y2Y,2022-10-12,-0.37,10Y-2Y Treasury Spread (Daily)
T10Y2Y,2022-10-13,-0.5,10Y-2Y Treasury Spread (Daily)
T10Y2Y,2022-10-14,-0.48,10Y-2Y Treasury Spread (Daily)
T10Y2Y,2022-10-17,-0.43,10Y-2Y Treasury Spread (Daily)
T10Y2Y,2022-10-18,-0.42,10Y-2Y Treasury Spread (Daily)
T10Y2Y,2022-10-19,-0.41,10Y-2Y Treasury Spread (Daily)
T10Y2Y,2022-10-20,-0.38,10Y-2Y Treasury Spread (Daily)
T10Y2Y,2022-10-21,-0.28,10Y-2Y Treasury Spread (Daily)
T10Y2Y,2022-10-24,-0.25,10Y-2Y Treasury Spread (Daily)
T10Y2Y,2022-10-25,-0.32,10Y-2Y Treasury Spread (Daily)
T10Y2Y,2022-10-26,-0.35,10Y-2Y Treasury Spread (Daily)
T10Y2Y,2022-10-27,-0.34,10Y-2Y Treasury Spread (Daily)
T10Y2Y,2022-10-28,-0.39,10Y-2Y Treasury Spread (Daily)
T10Y2Y,2022-10-31,-0.41,10Y-2Y Treasury Spread (Daily)
T10Y2Y,2022-11-01,-0.47,10Y-2Y Treasury Spread (Daily)
T10Y2Y,2022-11-02,-0.51,10Y-2Y Treasury Spread (Daily)
T10Y2Y,2022-11-03,-0.57,10Y-2Y Treasury Spread (Daily)
T10Y2Y,2022-11-04,-0.49,10Y-2Y Treasury Spread (Daily)
T10Y2Y,2022-11-07,-0.5,10Y-2Y Treasury Spread (Daily)
T10Y2Y,2022-11-08,-0.53,10Y-2Y Treasury Spread (Daily)
T10Y2Y,2022-11-09,-0.49,10Y-2Y Treasury Spread (Daily)
T10Y2Y,2022-11-10,-0.52,10Y-2Y Treasury Spread (Daily)
T10Y2Y,2022-11-14,-0.52,10Y-2Y Treasury Spread (Daily)
T10Y2Y,2022-11-15,-0.57,10Y-2Y Treasury Spread (Daily)
T10Y2Y,2022-11-16,-0.68,10Y-2Y Treasury Spread (Daily)
T10Y2Y,2022-11-17,-0.66,10Y-2Y Treasury Spread (Daily)
T10Y2Y,2022-11-18,-0.69,10Y-2Y Treasury Spread (Daily)
T10Y2Y,2022-11-21,-0.65,10Y-2Y Treasury Spread (Daily)
T10Y2Y,2022-11-22,-0.71,10Y-2Y Treasury Spread (Daily)
T10Y2Y,2022-11-23,-0.75,10Y-2Y Treasury Spread (Daily)
T10Y2Y,2022-11-25,-0.74,10Y-2Y Treasury Spread (Daily)
T10Y2Y,2022-11-28,-0.77,10Y-2Y Treasury Spread (Daily)
T10Y2Y,2022-11-29,-0.73,10Y-2Y Treasury Spread (Daily)
T10Y2Y,2022-11-30,-0.7,10Y-2Y Treasury Spread (Daily)
T10Y2Y,2022-12-01,-0.72,10Y-2Y Treasury Spread (Daily)
T10Y2Y,2022-12-02,-0.77,10Y-2Y Treasury Spread (Daily)
T10Y2Y,2022-12-05,-0.81,10Y-2Y Treasury Spread (Daily)
T10Y2Y,2022-12-06,-0.83,10Y-2Y Treasury Spread (Daily)
T10Y2Y,2022-12-07,-0.84,10Y-2Y Treasury Spread (Daily)
T10Y2Y,2022-12-08,-0.83,10Y-2Y Treasury Spread (Daily)
T10Y2Y,2022-12-09,-0.76,10Y-2Y Treasury Spread (Daily)
T10Y2Y,2022-12-12,-0.78,10Y-2Y Treasury Spread (Daily)
T10Y2Y,2022-12-13,-0.71,10Y-2Y Treasury Spread (Daily)
T10Y2Y,2022-12-14,-0.74,10Y-2Y Treasury Spread (Daily)
T10Y2Y,2022-12-15,-0.79,10Y-2Y Treasury Spread (Daily)
T10Y2Y,2022-12-16,-0.69,10Y-2Y Treasury Spread (Daily)
T10Y2Y,2022-12-19,-0.68,10Y-2Y Treasury Spread (Daily)
T10Y2Y,2022-12-20,-0.56,10Y-2Y Treasury Spread (Daily)
T10Y2Y,2022-12-21,-0.53,10Y-2Y Treasury Spread (Daily)
T10Y2Y,2022-12-22,-0.57,10Y-2Y Treasury Spread (Daily)
T10Y2Y,2022-12-23,-0.56,10Y-2Y Treasury Spread (Daily)
T10Y2Y,2022-12-27,-0.48,10Y-2Y Treasury Spread (Daily)
T10Y2Y,2022-12-28,-0.43,10Y-2Y Treasury Spread (Daily)
T10Y2Y,2022-12-29,-0.51,10Y-2Y Treasury Spread (Daily)
T10Y2Y,2022-12-30,-0.53,10Y-2Y Treasury Spread (Daily)
T10Y2Y,2023-01-03,-0.61,10Y-2Y Treasury Spread (Daily)
T10Y2Y,2023-01-04,-0.67,10Y-2Y Treasury Spread (Daily)
T10Y2Y,2023-01-05,-0.74,10Y-2Y Treasury Spread (Daily)
T10Y2Y,2023-01-06,-0.69,10Y-2Y Treasury Spread (Daily)
T10Y2Y,2023-01-09,-0.66,10Y-2Y Treasury Spread (Daily)
T10Y2Y,2023-01-10,-0.63,10Y-2Y Treasury Spread (Daily)
T10Y2Y,2023-01-11,-0.66,10Y-2Y Treasury Spread (Daily)
T10Y2Y,2023-01-12,-0.69,10Y-2Y Treasury Spread (Daily)
T10Y2Y,2023-01-13,-0.73,10Y-2Y Treasury Spread (Daily)
T10Y2Y,2023-01-17,-0.65,10Y-2Y Treasury Spread (Daily)
T10Y2Y,2023-01-18,-0.69,10Y-2Y Treasury Spread (Daily)
T10Y2Y,2023-01-19,-0.7,10Y-2Y Treasury Spread (Daily)
T10Y2Y,2023-01-20,-0.66,10Y-2Y Treasury Spread (Daily)
T10Y2Y,2023-01-23,-0.69,10Y-2Y Treasury Spread (Daily)
T10Y2Y,2023-01-24,-0.66,10Y-2Y Treasury Spread (Daily)
T10Y2Y,2023-01-25,-0.65,10Y-2Y Treasury Spread (Daily)
T10Y2Y,2023-01-26,-0.68,10Y-2Y Treasury Spread (Daily)
T10Y2Y,2023-01-27,-0.67,10Y-2Y Treasury Spread (Daily)
T10Y2Y,2023-01-30,-0.7,10Y-2Y Treasury Spread (Daily)
T10Y2Y,2023-01-31,-0.69,10Y-2Y Treasury Spread (Daily)
T10Y2Y,2023-02-01,-0.7,10Y-2Y Treasury Spread (Daily)
T10Y2Y,2023-02-02,-0.69,10Y-2Y Treasury Spread (Daily)
T10Y2Y,2023-02-03,-0.77,10Y-2Y Treasury Spread (Daily)
T10Y2Y,2023-02-06,-0.81,10Y-2Y Treasury Spread (Daily)
T10Y2Y,2023-02-07,-0.8,10Y-2Y Treasury Spread (Daily)
T10Y2Y,2023-02-08,-0.82,10Y-2Y Treasury Spread (Daily)
T10Y2Y,2023-02-09,-0.81,10Y-2Y Treasury Spread (Daily)
T10Y2Y,2023-02-10,-0.76,10Y-2Y Treasury Spread (Daily)
T10Y2Y,2023-02-13,-0.8,10Y-2Y Treasury Spread (Daily)
T10Y2Y,2023-02-14,-0.83,10Y-2Y Treasury Spread (Daily)
T10Y2Y,2023-02-15,-0.81,10Y-2Y Treasury Spread (Daily)
T10Y2Y,2023-02-16,-0.76,10Y-2Y Treasury Spread (Daily)
T10Y2Y,2023-02-17,-0.78,10Y-2Y Treasury Spread (Daily)
T10Y2Y,2023-02-21,-0.72,10Y-2Y Treasury Spread (Daily)
T10Y2Y,2023-02-22,-0.73,10Y-2Y Treasury Spread (Daily)
T10Y2Y,2023-02-23,-0.78,10Y-2Y Treasury Spread (Daily)
T10Y2Y,2023-02-24,-0.83,10Y-2Y Treasury Spread (Daily)
T10Y2Y,2023-02-27,-0.86,10Y-2Y Treasury Spread (Daily)
T10Y2Y,2023-02-28,-0.89,10Y-2Y Treasury Spread (Daily)
T10Y2Y,2023-03-01,-0.88,10Y-2Y Treasury Spread (Daily)
T10Y2Y,2023-03-02,-0.81,10Y-2Y Treasury Spread (Daily)
T10Y2Y,2023-03-03,-0.89,10Y-2Y Treasury Spread (Daily)
T10Y2Y,2023-03-06,-0.91,10Y-2Y Treasury Spread (Daily)
T10Y2Y,2023-03-07,-1.03,10Y-2Y Treasury Spread (Daily)
T10Y2Y,2023-03-08,-1.07,10Y-2Y Treasury Spread (Daily)
T10Y2Y,2023-03-09,-0.97,10Y-2Y Treasury Spread (Daily)
T10Y2Y,2023-03-10,-0.9,10Y-2Y Treasury Spread (Daily)
T10Y2Y,2023-03-13,-0.48,10Y-2Y Treasury Spread (Daily)
T10Y2Y,2023-03-14,-0.56,10Y-2Y Treasury Spread (Daily)
T10Y2Y,2023-03-15,-0.42,10Y-2Y Treasury Spread (Daily)
T10Y2Y,2023-03-16,-0.58,10Y-2Y Treasury Spread (Daily)
T10Y2Y,2023-03-17,-0.42,10Y-2Y Treasury Spread (Daily)
T10Y2Y,2023-03-20,-0.45,10Y-2Y Treasury Spread (Daily)
T10Y2Y,2023-03-21,-0.58,10Y-2Y Treasury Spread (Daily)
T10Y2Y,2023-03-22,-0.48,10Y-2Y Treasury Spread (Daily)
T10Y2Y,2023-03-23,-0.38,10Y-2Y Treasury Spread (Daily)
T10Y2Y,2023-03-24,-0.38,10Y-2Y Treasury Spread (Daily)
T10Y2Y,2023-03-27,-0.41,10Y-2Y Treasury Spread (Daily)
T10Y2Y,2023-03-28,-0.47,10Y-2Y Treasury Spread (Daily)
T10Y2Y,2023-03-29,-0.51,10Y-2Y Treasury Spread (Daily)
T10Y2Y,2023-03-30,-0.55,10Y-2Y Treasury Spread (Daily)
T10Y2Y,2023-03-31,-0.58,10Y-2Y Treasury Spread (Daily)
T10Y2Y,2023-04-03,-0.54,10Y-2Y Treasury Spread (Daily)
T10Y2Y,2023-04-04,-0.49,10Y-2Y Treasury Spread (Daily)
T10Y2Y,2023-04-05,-0.49,10Y-2Y Treasury Spread (Daily)
T10Y2Y,2023-04-06,-0.52,10Y-2Y Treasury Spread (Daily)
T10Y2Y,2023-04-07,-0.58,10Y-2Y Treasury Spread (Daily)
T10Y2Y,2023-04-10,-0.59,10Y-2Y Treasury Spread (Daily)
T10Y2Y,2023-04-11,-0.6,10Y-2Y Treasury Spread (Daily)
T10Y2Y,2023-04-12,-0.54,10Y-2Y Treasury Spread (Daily)
T10Y2Y,2023-04-13,-0.51,10Y-2Y Treasury Spread (Daily)
T10Y2Y,2023-04-14,-0.56,10Y-2Y Treasury Spread (Daily)
T10Y2Y,2023-04-17,-0.58,10Y-2Y Treasury Spread (Daily)
T10Y2Y,2023-04-18,-0.61,10Y-2Y Treasury Spread (Daily)
T10Y2Y,2023-04-19,-0.64,10Y-2Y Treasury Spread (Daily)
T10Y2Y,2023-04-20,-0.6,10Y-2Y Treasury Spread (Daily)
T10Y2Y,2023-04-21,-0.6,10Y-2Y Treasury Spread (Daily)
T10Y2Y,2023-04-24,-0.6,10Y-2Y Treasury Spread (Daily)
T10Y2Y,2023-04-25,-0.46,10Y-2Y Treasury Spread (Daily)
T10Y2Y,2023-04-26,-0.47,10Y-2Y Treasury Spread (Daily)
T10Y2Y,2023-04-27,-0.54,10Y-2Y Treasury Spread (Daily)
T10Y2Y,2023-04-28,-0.6,10Y-2Y Treasury Spread (Daily)
T10Y2Y,2023-05-01,-0.55,10Y-2Y Treasury Spread (Daily)
T10Y2Y,2023-05-02,-0.53,10Y-2Y Treasury Spread (Daily)
T10Y2Y,2023-05-03,-0.51,10Y-2Y Treasury Spread (Daily)
T10Y2Y,2023-05-04,-0.38,10Y-2Y Treasury Spread (Daily)
T10Y2Y,2023-05-05,-0.48,10Y-2Y Treasury Spread (Daily)
T10Y2Y,2023-05-08,-0.48,10Y-2Y Treasury Spread (Daily)
T10Y2Y,2023-05-09,-0.48,10Y-2Y Treasury Spread (Daily)
T10Y2Y,2023-05-10,-0.47,10Y-2Y Treasury Spread (Daily)
T10Y2Y,2023-05-11,-0.5,10Y-2Y Treasury Spread (Daily)
T10Y2Y,2023-05-12,-0.52,10Y-2Y Treasury Spread (Daily)
T10Y2Y,2023-05-15,-0.49,10Y-2Y Treasury Spread (Daily)
T10Y2Y,2023-05-16,-0.52,10Y-2Y Treasury Spread (Daily)
T10Y2Y,2023-05-17,-0.55,10Y-2Y Treasury Spread (Daily)
T10Y2Y,2023-05-18,-0.59,10Y-2Y Treasury Spread (Daily)
T10Y2Y,2023-05-19,-0.58,10Y-2Y Treasury Spread (Daily)
T10Y2Y,2023-05-22,-0.57,10Y-2Y Treasury Spread (Daily)
T10Y2Y,2023-05-23,-0.56,10Y-2Y Treasury Spread (Daily)
T10Y2Y,2023-05-24,-0.58,10Y-2Y Treasury Spread (Daily)
T10Y2Y,2023-05-25,-0.67,10Y-2Y Treasury Spread (Daily)
T10Y2Y,2023-05-26,-0.74,10Y-2Y Treasury Spread (Daily)
T10Y2Y,2023-05-30,-0.77,10Y-2Y Treasury Spread (Daily)
T10Y2Y,2023-05-31,-0.76,10Y-2Y Treasury Spread (Daily)
T10Y2Y,2023-06-01,-0.72,10Y-2Y Treasury Spread (Daily)
T10Y2Y,2023-06-02,-0.81,10Y-2Y Treasury Spread (Daily)
T10Y2Y,2023-06-05,-0.77,10Y-2Y Treasury Spread (Daily)
T10Y2Y,2023-06-06,-0.81,10Y-2Y Treasury Spread (Daily)
T10Y2Y,2023-06-07,-0.77,10Y-2Y Treasury Spread (Daily)
T10Y2Y,2023-06-08,-0.79,10Y-2Y Treasury Spread (Daily)
T10Y2Y,2023-06-09,-0.84,10Y-2Y Treasury Spread (Daily)
T10Y2Y,2023-06-12,-0.82,10Y-2Y Treasury Spread (Daily)
T10Y2Y,2023-06-13,-0.83,10Y-2Y Treasury Spread (Daily)
T10Y2Y,2023-06-14,-0.91,10Y-2Y Treasury Spread (Daily)
T10Y2Y,2023-06-15,-0.9,10Y-2Y Treasury Spread (Daily)
T10Y2Y,2023-06-16,-0.93,10Y-2Y Treasury Spread (Daily)
T10Y2Y,2023-06-20,-0.94,10Y-2Y Treasury Spread (Daily)
T10Y2Y,2023-06-21,-0.96,10Y-2Y Treasury Spread (Daily)
T10Y2Y,2023-06-22,-0.97,10Y-2Y Treasury Spread (Daily)
T10Y2Y,2023-06-23,-0.97,10Y-2Y Treasury Spread (Daily)
T10Y2Y,2023-06-26,-0.93,10Y-2Y Treasury Spread (Daily)
T10Y2Y,2023-06-27,-0.97,10Y-2Y Treasury Spread (Daily)
T10Y2Y,2023-06-28,-1.0,10Y-2Y Treasury Spread (Daily)
T10Y2Y,2023-06-29,-1.02,10Y-2Y Treasury Spread (Daily)
T10Y2Y,2023-06-30,-1.06,10Y-2Y Treasury Spread (Daily)
T10Y2Y,2023-07-03,-1.08,10Y-2Y Treasury Spread (Daily)
T10Y2Y,2023-07-05,-0.99,10Y-2Y Treasury Spread (Daily)
T10Y2Y,2023-07-06,-0.94,10Y-2Y Treasury Spread (Daily)
T10Y2Y,2023-07-07,-0.88,10Y-2Y Treasury Spread (Daily)
T10Y2Y,2023-07-10,-0.84,10Y-2Y Treasury Spread (Daily)
T10Y2Y,2023-07-11,-0.89,10Y-2Y Treasury Spread (Daily)
T10Y2Y,2023-07-12,-0.86,10Y-2Y Treasury Spread (Daily)
T10Y2Y,2023-07-13,-0.83,10Y-2Y Treasury Spread (Daily)
T10Y2Y,2023-07-14,-0.91,10Y-2Y Treasury Spread (Daily)
T10Y2Y,2023-07-17,-0.93,10Y-2Y Treasury Spread (Daily)
T10Y2Y,2023-07-18,-0.94,10Y-2Y Treasury Spread (Daily)
T10Y2Y,2023-07-19,-0.99,10Y-2Y Treasury Spread (Daily)
T10Y2Y,2023-07-20,-0.95,10Y-2Y Treasury Spread (Daily)
T10Y2Y,2023-07-21,-0.98,10Y-2Y Treasury Spread (Daily)
T10Y2Y,2023-07-24,-0.95,10Y-2Y Treasury Spread (Daily)
T10Y2Y,2023-07-25,-0.94,10Y-2Y Treasury Spread (Daily)
T10Y2Y,2023-07-26,-0.96,10Y-2Y Treasury Spread (Daily)
T10Y2Y,2023-07-27,-0.9,10Y-2Y Treasury Spread (Daily)
T10Y2Y,2023-07-28,-0.91,10Y-2Y Treasury Spread (Daily)
T10Y2Y,2023-07-31,-0.91,10Y-2Y Treasury Spread (Daily)
T10Y2Y,2023-08-01,-0.87,10Y-2Y Treasury Spread (Daily)
T10Y2Y,2023-08-02,-0.8,10Y-2Y Treasury Spread (Daily)
T10Y2Y,2023-08-03,-0.7,10Y-2Y Treasury Spread (Daily)
T10Y2Y,2023-08-04,-0.73,10Y-2Y Treasury Spread (Daily)
T10Y2Y,2023-08-07,-0.67,10Y-2Y Treasury Spread (Daily)
T10Y2Y,2023-08-08,-0.72,10Y-2Y Treasury Spread (Daily)
T10Y2Y,2023-08-09,-0.79,10Y-2Y Treasury Spread (Daily)
T10Y2Y,2023-08-10,-0.73,10Y-2Y Treasury Spread (Daily)
T10Y2Y,2023-08-11,-0.73,10Y-2Y Treasury Spread (Daily)
T10Y2Y,2023-08-14,-0.77,10Y-2Y Treasury Spread (Daily)
T10Y2Y,2023-08-15,-0.71,10Y-2Y Treasury Spread (Daily)
T10Y2Y,2023-08-16,-0.69,10Y-2Y Treasury Spread (Daily)
T10Y2Y,2023-08-17,-0.64,10Y-2Y Treasury Spread (Daily)
T10Y2Y,2023-08-18,-0.66,10Y-2Y Treasury Spread (Daily)
T10Y2Y,2023-08-21,-0.63,10Y-2Y Treasury Spread (Daily)
T10Y2Y,2023-08-22,-0.68,10Y-2Y Treasury Spread (Daily)
T10Y2Y,2023-08-23,-0.76,10Y-2Y Treasury Spread (Daily)
T10Y2Y,2023-08-24,-0.75,10Y-2Y Treasury Spread (Daily)
T10Y2Y,2023-08-25,-0.78,10Y-2Y Treasury Spread (Daily)
T10Y2Y,2023-08-28,-0.78,10Y-2Y Treasury Spread (Daily)
T10Y2Y,2023-08-29,-0.75,10Y-2Y Treasury Spread (Daily)
T10Y2Y,2023-08-30,-0.78,10Y-2Y Treasury Spread (Daily)
T10Y2Y,2023-08-31,-0.76,10Y-2Y Treasury Spread (Daily)
T10Y2Y,2023-09-01,-0.69,10Y-2Y Treasury Spread (Daily)
T10Y2Y,2023-09-05,-0.67,10Y-2Y Treasury Spread (Daily)
T10Y2Y,2023-09-06,-0.71,10Y-2Y Treasury Spread (Daily)
T10Y2Y,2023-09-07,-0.67,10Y-2Y Treasury Spread (Daily)
T10Y2Y,2023-09-08,-0.72,10Y-2Y Treasury Spread (Daily)
T10Y2Y,2023-09-11,-0.68,10Y-2Y Treasury Spread (Daily)
T10Y2Y,2023-09-12,-0.71,10Y-2Y Treasury Spread (Daily)
T10Y2Y,2023-09-13,-0.71,10Y-2Y Treasury Spread (Daily)
T10Y2Y,2023-09-14,-0.71,10Y-2Y Treasury Spread (Daily)
T10Y2Y,2023-09-15,-0.69,10Y-2Y Treasury Spread (Daily)
T10Y2Y,2023-09-18,-0.73,10Y-2Y Treasury Spread (Daily)
T10Y2Y,2023-09-19,-0.71,10Y-2Y Treasury Spread (Daily)
T10Y2Y,2023-09-20,-0.77,10Y-2Y Treasury Spread (Daily)
T10Y2Y,2023-09-21,-0.63,10Y-2Y Treasury Spread (Daily)
T10Y2Y,2023-09-22,-0.66,10Y-2Y Treasury Spread (Daily)
T10Y2Y,2023-09-25,-0.54,10Y-2Y Treasury Spread (Daily)
T10Y2Y,2023-09-26,-0.48,10Y-2Y Treasury Spread (Daily)
T10Y2Y,2023-09-27,-0.49,10Y-2Y Treasury Spread (Daily)
T10Y2Y,2023-09-28,-0.45,10Y-2Y Treasury Spread (Daily)
T10Y2Y,2023-09-29,-0.44,10Y-2Y Treasury Spread (Daily)
T10Y2Y,2023-10-02,-0.43,10Y-2Y Treasury Spread (Daily)
T10Y2Y,2023-10-03,-0.34,10Y-2Y Treasury Spread (Daily)
T10Y2Y,2023-10-04,-0.32,10Y-2Y Treasury Spread (Daily)
T10Y2Y,2023-10-05,-0.31,10Y-2Y Treasury Spread (Daily)
T10Y2Y,2023-10-06,-0.3,10Y-2Y Treasury Spread (Daily)
T10Y2Y,2023-10-10,-0.3,10Y-2Y Treasury Spread (Daily)
T10Y2Y,2023-10-11,-0.41,10Y-2Y Treasury Spread (Daily)
T10Y2Y,2023-10-12,-0.36,10Y-2Y Treasury Spread (Daily)
T10Y2Y,2023-10-13,-0.41,10Y-2Y Treasury Spread (Daily)
T10Y2Y,2023-10-16,-0.38,10Y-2Y Treasury Spread (Daily)
T10Y2Y,2023-10-17,-0.36,10Y-2Y Treasury Spread (Daily)
T10Y2Y,2023-10-18,-0.28,10Y-2Y Treasury Spread (Daily)
T10Y2Y,2023-10-19,-0.16,10Y-2Y Treasury Spread (Daily)
T10Y2Y,2023-10-20,-0.14,10Y-2Y Treasury Spread (Daily)
T10Y2Y,2023-10-23,-0.19,10Y-2Y Treasury Spread (Daily)
T10Y2Y,2023-10-24,-0.19,10Y-2Y Treasury Spread (Daily)
T10Y2Y,2023-10-25,-0.13,10Y-2Y Treasury Spread (Daily)
T10Y2Y,2023-10-26,-0.16,10Y-2Y Treasury Spread (Daily)
T10Y2Y,2023-10-27,-0.15,10Y-2Y Treasury Spread (Daily)
T10Y2Y,2023-10-30,-0.15,10Y-2Y Treasury Spread (Daily)
T10Y2Y,2023-10-31,-0.19,10Y-2Y Treasury Spread (Daily)
T10Y2Y,2023-11-01,-0.18,10Y-2Y Treasury Spread (Daily)
T10Y2Y,2023-11-02,-0.31,10Y-2Y Treasury Spread (Daily)
T10Y2Y,2023-11-03,-0.26,10Y-2Y Treasury Spread (Daily)
T10Y2Y,2023-11-06,-0.26,10Y-2Y Treasury Spread (Daily)
T10Y2Y,2023-11-07,-0.33,10Y-2Y Treasury Spread (Daily)
T10Y2Y,2023-11-08,-0.44,10Y-2Y Treasury Spread (Daily)
T10Y2Y,2023-11-09,-0.41,10Y-2Y Treasury Spread (Daily)
T10Y2Y,2023-11-10,-0.43,10Y-2Y Treasury Spread (Daily)
T10Y2Y,2023-11-13,-0.39,10Y-2Y Treasury Spread (Daily)
T10Y2Y,2023-11-14,-0.36,10Y-2Y Treasury Spread (Daily)
T10Y2Y,2023-11-15,-0.37,10Y-2Y Treasury Spread (Daily)
T10Y2Y,2023-11-16,-0.38,10Y-2Y Treasury Spread (Daily)
T10Y2Y,2023-11-17,-0.44,10Y-2Y Treasury Spread (Daily)
T10Y2Y,2023-11-20,-0.47,10Y-2Y Treasury Spread (Daily)
T10Y2Y,2023-11-21,-0.45,10Y-2Y Treasury Spread (Daily)
T10Y2Y,2023-11-22,-0.47,10Y-2Y Treasury Spread (Daily)
T10Y2Y,2023-11-24,-0.45,10Y-2Y Treasury Spread (Daily)
T10Y2Y,2023-11-27,-0.45,10Y-2Y Treasury Spread (Daily)
T10Y2Y,2023-11-28,-0.39,10Y-2Y Treasury Spread (Daily)
T10Y2Y,2023-11-29,-0.37,10Y-2Y Treasury Spread (Daily)
T10Y2Y,2023-11-30,-0.36,10Y-2Y Treasury Spread (Daily)
T10Y2Y,2023-12-01,-0.34,10Y-2Y Treasury Spread (Daily)
T10Y2Y,2023-12-04,-0.36,10Y-2Y Treasury Spread (Daily)
T10Y2Y,2023-12-05,-0.39,10Y-2Y Treasury Spread (Daily)
T10Y2Y,2023-12-06,-0.48,10Y-2Y Treasury Spread (Daily)
T10Y2Y,2023-12-07,-0.44,10Y-2Y Treasury Spread (Daily)
T10Y2Y,2023-12-08,-0.48,10Y-2Y Treasury Spread (Daily)
T10Y2Y,2023-12-11,-0.48,10Y-2Y Treasury Spread (Daily)
T10Y2Y,2023-12-12,-0.53,10Y-2Y Treasury Spread (Daily)
T10Y2Y,2023-12-13,-0.42,10Y-2Y Treasury Spread (Daily)
T10Y2Y,2023-12-14,-0.45,10Y-2Y Treasury Spread (Daily)
T10Y2Y,2023-12-15,-0.53,10Y-2Y Treasury Spread (Daily)
T10Y2Y,2023-12-18,-0.48,10Y-2Y Treasury Spread (Daily)
T10Y2Y,2023-12-19,-0.48,10Y-2Y Treasury Spread (Daily)
T10Y2Y,2023-12-20,-0.48,10Y-2Y Treasury Spread (Daily)
T10Y2Y,2023-12-21,-0.44,10Y-2Y Treasury Spread (Daily)
T10Y2Y,2023-12-22,-0.41,10Y-2Y Treasury Spread (Daily)
T10Y2Y,2023-12-26,-0.37,10Y-2Y Treasury Spread (Daily)
T10Y2Y,2023-12-27,-0.41,10Y-2Y Treasury Spread (Daily)
T10Y2Y,2023-12-28,-0.42,10Y-2Y Treasury Spread (Daily)
T10Y2Y,2023-12-29,-0.35,10Y-2Y Treasury Spread (Daily)
T10Y2Y,2024-01-02,-0.38,10Y-2Y Treasury Spread (Daily)
T10Y2Y,2024-01-03,-0.42,10Y-2Y Treasury Spread (Daily)
T10Y2Y,2024-01-04,-0.39,10Y-2Y Treasury Spread (Daily)
T10Y2Y,2024-01-05,-0.35,10Y-2Y Treasury Spread (Daily)
T10Y2Y,2024-01-08,-0.35,10Y-2Y Treasury Spread (Daily)
T10Y2Y,2024-01-09,-0.34,10Y-2Y Treasury Spread (Daily)
T10Y2Y,2024-01-10,-0.33,10Y-2Y Treasury Spread (Daily)
T10Y2Y,2024-01-11,-0.28,10Y-2Y Treasury Spread (Daily)
T10Y2Y,2024-01-12,-0.18,10Y-2Y Treasury Spread (Daily)
T10Y2Y,2024-01-16,-0.15,10Y-2Y Treasury Spread (Daily)
T10Y2Y,2024-01-17,-0.24,10Y-2Y Treasury Spread (Daily)
T10Y2Y,2024-01-18,-0.2,10Y-2Y Treasury Spread (Daily)
T10Y2Y,2024-01-19,-0.24,10Y-2Y Treasury Spread (Daily)
T10Y2Y,2024-01-22,-0.26,10Y-2Y Treasury Spread (Daily)
T10Y2Y,2024-01-23,-0.17,10Y-2Y Treasury Spread (Daily)
T10Y2Y,2024-01-24,-0.16,10Y-2Y Treasury Spread (Daily)
T10Y2Y,2024-01-25,-0.14,10Y-2Y Treasury Spread (Daily)
T10Y2Y,2024-01-26,-0.19,10Y-2Y Treasury Spread (Daily)
T10Y2Y,2024-01-29,-0.21,10Y-2Y Treasury Spread (Daily)
T10Y2Y,2024-01-30,-0.3,10Y-2Y Treasury Spread (Daily)
T10Y2Y,2024-01-31,-0.28,10Y-2Y Treasury Spread (Daily)
T10Y2Y,2024-02-01,-0.33,10Y-2Y Treasury Spread (Daily)
T10Y2Y,2024-02-02,-0.33,10Y-2Y Treasury Spread (Daily)
T10Y2Y,2024-02-05,-0.29,10Y-2Y Treasury Spread (Daily)
T10Y2Y,2024-02-06,-0.3,10Y-2Y Treasury Spread (Daily)
T10Y2Y,2024-02-07,-0.32,10Y-2Y Treasury Spread (Daily)
T10Y2Y,2024-02-08,-0.31,10Y-2Y Treasury Spread (Daily)
T10Y2Y,2024-02-09,-0.31,10Y-2Y Treasury Spread (Daily)
T10Y2Y,2024-02-12,-0.29,10Y-2Y Treasury Spread (Daily)
T10Y2Y,2024-02-13,-0.33,10Y-2Y Treasury Spread (Daily)
T10Y2Y,2024-02-14,-0.29,10Y-2Y Treasury Spread (Daily)
T10Y2Y,2024-02-15,-0.32,10Y-2Y Treasury Spread (Daily)
T10Y2Y,2024-02-16,-0.34,10Y-2Y Treasury Spread (Daily)
T10Y2Y,2024-02-20,-0.32,10Y-2Y Treasury Spread (Daily)
T10Y2Y,2024-02-21,-0.32,10Y-2Y Treasury Spread (Daily)
T10Y2Y,2024-02-22,-0.36,10Y-2Y Treasury Spread (Daily)
T10Y2Y,2024-02-23,-0.41,10Y-2Y Treasury Spread (Daily)
T10Y2Y,2024-02-26,-0.41,10Y-2Y Treasury Spread (Daily)
T10Y2Y,2024-02-27,-0.39,10Y-2Y Treasury Spread (Daily)
T10Y2Y,2024-02-28,-0.37,10Y-2Y Treasury Spread (Daily)
T10Y2Y,2024-02-29,-0.39,10Y-2Y Treasury Spread (Daily)
T10Y2Y,2024-03-01,-0.35,10Y-2Y Treasury Spread (Daily)
T10Y2Y,2024-03-04,-0.39,10Y-2Y Treasury Spread (Daily)
T10Y2Y,2024-03-05,-0.41,10Y-2Y Treasury Spread (Daily)
T10Y2Y,2024-03-06,-0.44,10Y-2Y Treasury Spread (Daily)
T10Y2Y,2024-03-07,-0.41,10Y-2Y Treasury Spread (Daily)
T10Y2Y,2024-03-08,-0.39,10Y-2Y Treasury Spread (Daily)
T10Y2Y,2024-03-11,-0.41,10Y-2Y Treasury Spread (Daily)
T10Y2Y,2024-03-12,-0.42,10Y-2Y Treasury Spread (Daily)
T10Y2Y,2024-03-13,-0.42,10Y-2Y Treasury Spread (Daily)
T10Y2Y,2024-03-14,-0.39,10Y-2Y Treasury Spread (Daily)
T10Y2Y,2024-03-15,-0.41,10Y-2Y Treasury Spread (Daily)
T10Y2Y,2024-03-18,-0.39,10Y-2Y Treasury Spread (Daily)
T10Y2Y,2024-03-19,-0.38,10Y-2Y Treasury Spread (Daily)
T10Y2Y,2024-03-20,-0.32,10Y-2Y Treasury Spread (Daily)
T10Y2Y,2024-03-21,-0.35,10Y-2Y Treasury Spread (Daily)
T10Y2Y,2024-03-22,-0.37,10Y-2Y Treasury Spread (Daily)
T10Y2Y,2024-03-25,-0.29,10Y-2Y Treasury Spread (Daily)
T10Y2Y,2024-03-26,-0.32,10Y-2Y Treasury Spread (Daily)
T10Y2Y,2024-03-27,-0.34,10Y-2Y Treasury Spread (Daily)
T10Y2Y,2024-03-28,-0.39,10Y-2Y Treasury Spread (Daily)
T10Y2Y,2024-04-01,-0.39,10Y-2Y Treasury Spread (Daily)
T10Y2Y,2024-04-02,-0.34,10Y-2Y Treasury Spread (Daily)
T10Y2Y,2024-04-03,-0.32,10Y-2Y Treasury Spread (Daily)
T10Y2Y,2024-04-04,-0.34,10Y-2Y Treasury Spread (Daily)
T10Y2Y,2024-04-05,-0.34,10Y-2Y Treasury Spread (Daily)
T10Y2Y,2024-04-08,-0.36,10Y-2Y Treasury Spread (Daily)
T10Y2Y,2024-04-09,-0.38,10Y-2Y Treasury Spread (Daily)
T10Y2Y,2024-04-10,-0.42,10Y-2Y Treasury Spread (Daily)
T10Y2Y,2024-04-11,-0.37,10Y-2Y Treasury Spread (Daily)
T10Y2Y,2024-04-12,-0.38,10Y-2Y Treasury Spread (Daily)
T10Y2Y,2024-04-15,-0.3,10Y-2Y Treasury Spread (Daily)
T10Y2Y,2024-04-16,-0.3,10Y-2Y Treasury Spread (Daily)
T10Y2Y,2024-04-17,-0.34,10Y-2Y Treasury Spread (Daily)
T10Y2Y,2024-04-18,-0.34,10Y-2Y Treasury Spread (Daily)
T10Y2Y,2024-04-19,-0.35,10Y-2Y Treasury Spread (Daily)
T10Y2Y,2024-04-22,-0.35,10Y-2Y Treasury Spread (Daily)
T10Y2Y,2024-04-23,-0.25,10Y-2Y Treasury Spread (Daily)
T10Y2Y,2024-04-24,-0.24,10Y-2Y Treasury Spread (Daily)
T10Y2Y,2024-04-25,-0.26,10Y-2Y Treasury Spread (Daily)
T10Y2Y,2024-04-26,-0.29,10Y-2Y Treasury Spread (Daily)
T10Y2Y,2024-04-29,-0.34,10Y-2Y Treasury Spread (Daily)
T10Y2Y,2024-04-30,-0.35,10Y-2Y Treasury Spread (Daily)
T10Y2Y,2024-05-01,-0.33,10Y-2Y Treasury Spread (Daily)
T10Y2Y,2024-05-02,-0.29,10Y-2Y Treasury Spread (Daily)
T10Y2Y,2024-05-03,-0.31,10Y-2Y Treasury Spread (Daily)
T10Y2Y,2024-05-06,-0.33,10Y-2Y Treasury Spread (Daily)
T10Y2Y,2024-05-07,-0.35,10Y-2Y Treasury Spread (Daily)
T10Y2Y,2024-05-08,-0.36,10Y-2Y Treasury Spread (Daily)
T10Y2Y,2024-05-09,-0.35,10Y-2Y Treasury Spread (Daily)
T10Y2Y,2024-05-10,-0.37,10Y-2Y Treasury Spread (Daily)
T10Y2Y,2024-05-13,-0.37,10Y-2Y Treasury Spread (Daily)
T10Y2Y,2024-05-14,-0.36,10Y-2Y Treasury Spread (Daily)
T10Y2Y,2024-05-15,-0.37,10Y-2Y Treasury Spread (Daily)
T10Y2Y,2024-05-16,-0.4,10Y-2Y Treasury Spread (Daily)
T10Y2Y,2024-05-17,-0.41,10Y-2Y Treasury Spread (Daily)
T10Y2Y,2024-05-20,-0.38,10Y-2Y Treasury Spread (Daily)
T10Y2Y,2024-05-21,-0.41,10Y-2Y Treasury Spread (Daily)
T10Y2Y,2024-05-22,-0.43,10Y-2Y Treasury Spread (Daily)
T10Y2Y,2024-05-23,-0.44,10Y-2Y Treasury Spread (Daily)
T10Y2Y,2024-05-24,-0.47,10Y-2Y Treasury Spread (Daily)
T10Y2Y,2024-05-28,-0.4,10Y-2Y Treasury Spread (Daily)
T10Y2Y,2024-05-29,-0.35,10Y-2Y Treasury Spread (Daily)
T10Y2Y,2024-05-30,-0.37,10Y-2Y Treasury Spread (Daily)
T10Y2Y,2024-05-31,-0.38,10Y-2Y Treasury Spread (Daily)
T10Y2Y,2024-06-03,-0.41,10Y-2Y Treasury Spread (Daily)
T10Y2Y,2024-06-04,-0.44,10Y-2Y Treasury Spread (Daily)
T10Y2Y,2024-06-05,-0.43,10Y-2Y Treasury Spread (Daily)
T10Y2Y,2024-06-06,-0.44,10Y-2Y Treasury Spread (Daily)
T10Y2Y,2024-06-07,-0.44,10Y-2Y Treasury Spread (Daily)
T10Y2Y,2024-06-10,-0.4,10Y-2Y Treasury Spread (Daily)
T10Y2Y,2024-06-11,-0.42,10Y-2Y Treasury Spread (Daily)
T10Y2Y,2024-06-12,-0.44,10Y-2Y Treasury Spread (Daily)
T10Y2Y,2024-06-13,-0.44,10Y-2Y Treasury Spread (Daily)
T10Y2Y,2024-06-14,-0.47,10Y-2Y Treasury Spread (Daily)
T10Y2Y,2024-06-17,-0.47,10Y-2Y Treasury Spread (Daily)
T10Y2Y,2024-06-18,-0.47,10Y-2Y Treasury Spread (Daily)
T10Y2Y,2024-06-20,-0.45,10Y-2Y Treasury Spread (Daily)
T10Y2Y,2024-06-21,-0.45,10Y-2Y Treasury Spread (Daily)
T10Y2Y,2024-06-24,-0.46,10Y-2Y Treasury Spread (Daily)
T10Y2Y,2024-06-25,-0.42,10Y-2Y Treasury Spread (Daily)
T10Y2Y,2024-06-26,-0.39,10Y-2Y Treasury Spread (Daily)
T10Y2Y,2024-06-27,-0.41,10Y-2Y Treasury Spread (Daily)
T10Y2Y,2024-06-28,-0.35,10Y-2Y Treasury Spread (Daily)
T10Y2Y,2024-07-01,-0.29,10Y-2Y Treasury Spread (Daily)
T10Y2Y,2024-07-02,-0.31,10Y-2Y Treasury Spread (Daily)
T10Y2Y,2024-07-03,-0.35,10Y-2Y Treasury Spread (Daily)
T10Y2Y,2024-07-05,-0.32,10Y-2Y Treasury Spread (Daily)
T10Y2Y,2024-07-08,-0.34,10Y-2Y Treasury Spread (Daily)
T10Y2Y,2024-07-09,-0.32,10Y-2Y Treasury Spread (Daily)
T10Y2Y,2024-07-10,-0.34,10Y-2Y Treasury Spread (Daily)
T10Y2Y,2024-07-11,-0.3,10Y-2Y Treasury Spread (Daily)
T10Y2Y,2024-07-12,-0.27,10Y-2Y Treasury Spread (Daily)
T10Y2Y,2024-07-15,-0.21,10Y-2Y Treasury Spread (Daily)
T10Y2Y,2024-07-16,-0.26,10Y-2Y Treasury Spread (Daily)
T10Y2Y,2024-07-17,-0.26,10Y-2Y Treasury Spread (Daily)
T10Y2Y,2024-07-18,-0.26,10Y-2Y Treasury Spread (Daily)
T10Y2Y,2024-07-19,-0.24,10Y-2Y Treasury Spread (Daily)
T10Y2Y,2024-07-22,-0.24,10Y-2Y Treasury Spread (Daily)
T10Y2Y,2024-07-23,-0.15,10Y-2Y Treasury Spread (Daily)
T10Y2Y,2024-07-24,-0.09,10Y-2Y Treasury Spread (Daily)
T10Y2Y,2024-07-25,-0.14,10Y-2Y Treasury Spread (Daily)
T10Y2Y,2024-07-26,-0.16,10Y-2Y Treasury Spread (Daily)
T10Y2Y,2024-07-29,-0.19,10Y-2Y Treasury Spread (Daily)
T10Y2Y,2024-07-30,-0.2,10Y-2Y Treasury Spread (Daily)
T10Y2Y,2024-07-31,-0.2,10Y-2Y Treasury Spread (Daily)
T10Y2Y,2024-08-01,-0.17,10Y-2Y Treasury Spread (Daily)
T10Y2Y,2024-08-02,-0.08,10Y-2Y Treasury Spread (Daily)
T10Y2Y,2024-08-05,-0.11,10Y-2Y Treasury Spread (Daily)
T10Y2Y,2024-08-06,-0.09,10Y-2Y Treasury Spread (Daily)
T10Y2Y,2024-08-07,-0.04,10Y-2Y Treasury Spread (Daily)
T10Y2Y,2024-08-08,-0.05,10Y-2Y Treasury Spread (Daily)
T10Y2Y,2024-08-09,-0.11,10Y-2Y Treasury Spread (Daily)
T10Y2Y,2024-08-12,-0.11,10Y-2Y Treasury Spread (Daily)
T10Y2Y,2024-08-13,-0.08,10Y-2Y Treasury Spread (Daily)
T10Y2Y,2024-08-14,-0.11,10Y-2Y Treasury Spread (Daily)
T10Y2Y,2024-08-15,-0.16,10Y-2Y Treasury Spread (Daily)
T10Y2Y,2024-08-16,-0.17,10Y-2Y Treasury Spread (Daily)
T10Y2Y,2024-08-19,-0.2,10Y-2Y Treasury Spread (Daily)
T10Y2Y,2024-08-20,-0.17,10Y-2Y Treasury Spread (Daily)
T10Y2Y,2024-08-21,-0.13,10Y-2Y Treasury Spread (Daily)
T10Y2Y,2024-08-22,-0.13,10Y-2Y Treasury Spread (Daily)
T10Y2Y,2024-08-23,-0.09,10Y-2Y Treasury Spread (Daily)
T10Y2Y,2024-08-26,-0.09,10Y-2Y Treasury Spread (Daily)
T10Y2Y,2024-08-27,0.0,10Y-2Y Treasury Spread (Daily)
T10Y2Y,2024-08-28,0.01,10Y-2Y Treasury Spread (Daily)
T10Y2Y,2024-08-29,0.0,10Y-2Y Treasury Spread (Daily)
T10Y2Y,2024-08-30,0.0,10Y-2Y Treasury Spread (Daily)
T10Y2Y,2024-09-03,-0.04,10Y-2Y Treasury Spread (Daily)
T10Y2Y,2024-09-04,0.01,10Y-2Y Treasury Spread (Daily)
T10Y2Y,2024-09-05,-0.02,10Y-2Y Treasury Spread (Daily)
T10Y2Y,2024-09-06,0.06,10Y-2Y Treasury Spread (Daily)
T10Y2Y,2024-09-09,0.02,10Y-2Y Treasury Spread (Daily)
T10Y2Y,2024-09-10,0.06,10Y-2Y Treasury Spread (Daily)
T10Y2Y,2024-09-11,0.03,10Y-2Y Treasury Spread (Daily)
T10Y2Y,2024-09-12,0.04,10Y-2Y Treasury Spread (Daily)
T10Y2Y,2024-09-13,0.09,10Y-2Y Treasury Spread (Daily)
T10Y2Y,2024-09-16,0.07,10Y-2Y Treasury Spread (Daily)
T10Y2Y,2024-09-17,0.06,10Y-2Y Treasury Spread (Daily)
T10Y2Y,2024-09-18,0.09,10Y-2Y Treasury Spread (Daily)
T10Y2Y,2024-09-19,0.14,10Y-2Y Treasury Spread (Daily)
T10Y2Y,2024-09-20,0.18,10Y-2Y Treasury Spread (Daily)
T10Y2Y,2024-09-23,0.18,10Y-2Y Treasury Spread (Daily)
T10Y2Y,2024-09-24,0.25,10Y-2Y Treasury Spread (Daily)
T10Y2Y,2024-09-25,0.26,10Y-2Y Treasury Spread (Daily)
T10Y2Y,2024-09-26,0.19,10Y-2Y Treasury Spread (Daily)
T10Y2Y,2024-09-27,0.2,10Y-2Y Treasury Spread (Daily)
T10Y2Y,2024-09-30,0.15,10Y-2Y Treasury Spread (Daily)
T10Y2Y,2024-10-01,0.13,10Y-2Y Treasury Spread (Daily)
T10Y2Y,2024-10-02,0.16,10Y-2Y Treasury Spread (Daily)
T10Y2Y,2024-10-03,0.15,10Y-2Y Treasury Spread (Daily)
T10Y2Y,2024-10-04,0.05,10Y-2Y Treasury Spread (Daily)
T10Y2Y,2024-10-07,0.04,10Y-2Y Treasury Spread (Daily)
T10Y2Y,2024-10-08,0.06,10Y-2Y Treasury Spread (Daily)
T10Y2Y,2024-10-09,0.07,10Y-2Y Treasury Spread (Daily)
T10Y2Y,2024-10-10,0.11,10Y-2Y Treasury Spread (Daily)
T10Y2Y,2024-10-11,0.13,10Y-2Y Treasury Spread (Daily)
T10Y2Y,2024-10-15,0.08,10Y-2Y Treasury Spread (Daily)
T10Y2Y,2024-10-16,0.09,10Y-2Y Treasury Spread (Daily)
T10Y2Y,2024-10-17,0.13,10Y-2Y Treasury Spread (Daily)
T10Y2Y,2024-10-18,0.13,10Y-2Y Treasury Spread (Daily)
T10Y2Y,2024-10-21,0.17,10Y-2Y Treasury Spread (Daily)
T10Y2Y,2024-10-22,0.17,10Y-2Y Treasury Spread (Daily)
T10Y2Y,2024-10-23,0.17,10Y-2Y Treasury Spread (Daily)
T10Y2Y,2024-10-24,0.14,10Y-2Y Treasury Spread (Daily)
T10Y2Y,2024-10-25,0.14,10Y-2Y Treasury Spread (Daily)
T10Y2Y,2024-10-28,0.16,10Y-2Y Treasury Spread (Daily)
T10Y2Y,2024-10-29,0.17,10Y-2Y Treasury Spread (Daily)
T10Y2Y,2024-10-30,0.14,10Y-2Y Treasury Spread (Daily)
T10Y2Y,2024-10-31,0.12,10Y-2Y Treasury Spread (Daily)
T10Y2Y,2024-11-01,0.16,10Y-2Y Treasury Spread (Daily)
T10Y2Y,2024-11-04,0.14,10Y-2Y Treasury Spread (Daily)
T10Y2Y,2024-11-05,0.07,10Y-2Y Treasury Spread (Daily)
T10Y2Y,2024-11-06,0.15,10Y-2Y Treasury Spread (Daily)
T10Y2Y,2024-11-07,0.1,10Y-2Y Treasury Spread (Daily)
T10Y2Y,2024-11-08,0.04,10Y-2Y Treasury Spread (Daily)
T10Y2Y,2024-11-12,0.09,10Y-2Y Treasury Spread (Daily)
T10Y2Y,2024-11-13,0.17,10Y-2Y Treasury Spread (Daily)
T10Y2Y,2024-11-14,0.09,10Y-2Y Treasury Spread (Daily)
T10Y2Y,2024-11-15,0.12,10Y-2Y Treasury Spread (Daily)
T10Y2Y,2024-11-18,0.13,10Y-2Y Treasury Spread (Daily)
T10Y2Y,2024-11-19,0.12,10Y-2Y Treasury Spread (Daily)
T10Y2Y,2024-11-20,0.1,10Y-2Y Treasury Spread (Daily)
T10Y2Y,2024-11-21,0.09,10Y-2Y Treasury Spread (Daily)
T10Y2Y,2024-11-22,0.04,10Y-2Y Treasury Spread (Daily)
T10Y2Y,2024-11-25,0.06,10Y-2Y Treasury Spread (Daily)
T10Y2Y,2024-11-26,0.09,10Y-2Y Treasury Spread (Daily)
T10Y2Y,2024-11-27,0.06,10Y-2Y Treasury Spread (Daily)
T10Y2Y,2024-11-29,0.05,10Y-2Y Treasury Spread (Daily)
T10Y2Y,2024-12-02,0.02,10Y-2Y Treasury Spread (Daily)
T10Y2Y,2024-12-03,0.06,10Y-2Y Treasury Spread (Daily)
T10Y2Y,2024-12-04,0.06,10Y-2Y Treasury Spread (Daily)
T10Y2Y,2024-12-05,0.02,10Y-2Y Treasury Spread (Daily)
T10Y2Y,2024-12-06,0.05,10Y-2Y Treasury Spread (Daily)
T10Y2Y,2024-12-09,0.07,10Y-2Y Treasury Spread (Daily)
T10Y2Y,2024-12-10,0.07,10Y-2Y Treasury Spread (Daily)
T10Y2Y,2024-12-11,0.11,10Y-2Y Treasury Spread (Daily)
T10Y2Y,2024-12-12,0.14,10Y-2Y Treasury Spread (Daily)
T10Y2Y,2024-12-13,0.15,10Y-2Y Treasury Spread (Daily)
T10Y2Y,2024-12-16,0.14,10Y-2Y Treasury Spread (Daily)
T10Y2Y,2024-12-17,0.15,10Y-2Y Treasury Spread (Daily)
T10Y2Y,2024-12-18,0.15,10Y-2Y Treasury Spread (Daily)
T10Y2Y,2024-12-19,0.25,10Y-2Y Treasury Spread (Daily)
T10Y2Y,2024-12-20,0.22,10Y-2Y Treasury Spread (Daily)
T10Y2Y,2024-12-23,0.29,10Y-2Y Treasury Spread (Daily)
T10Y2Y,2024-12-24,0.3,10Y-2Y Treasury Spread (Daily)
T10Y2Y,2024-12-26,0.28,10Y-2Y Treasury Spread (Daily)
T10Y2Y,2024-12-27,0.31,10Y-2Y Treasury Spread (Daily)
T10Y2Y,2024-12-30,0.31,10Y-2Y Treasury Spread (Daily)
T10Y2Y,2024-12-31,0.33,10Y-2Y Treasury Spread (Daily)
T10Y2Y,2025-01-02,0.32,10Y-2Y Treasury Spread (Daily)
T10Y2Y,2025-01-03,0.32,10Y-2Y Treasury Spread (Daily)
T10Y2Y,2025-01-06,0.34,10Y-2Y Treasury Spread (Daily)
T10Y2Y,2025-01-07,0.37,10Y-2Y Treasury Spread (Daily)
T10Y2Y,2025-01-08,0.39,10Y-2Y Treasury Spread (Daily)
T10Y2Y,2025-01-09,0.41,10Y-2Y Treasury Spread (Daily)
T10Y2Y,2025-01-10,0.37,10Y-2Y Treasury Spread (Daily)
T10Y2Y,2025-01-13,0.39,10Y-2Y Treasury Spread (Daily)
T10Y2Y,2025-01-14,0.41,10Y-2Y Treasury Spread (Daily)
T10Y2Y,2025-01-15,0.39,10Y-2Y Treasury Spread (Daily)
T10Y2Y,2025-01-16,0.38,10Y-2Y Treasury Spread (Daily)
T10Y2Y,2025-01-17,0.34,10Y-2Y Treasury Spread (Daily)
T10Y2Y,2025-01-21,0.28,10Y-2Y Treasury Spread (Daily)
T10Y2Y,2025-01-22,0.31,10Y-2Y Treasury Spread (Daily)
T10Y2Y,2025-01-23,0.36,10Y-2Y Treasury Spread (Daily)
T10Y2Y,2025-01-24,0.36,10Y-2Y Treasury Spread (Daily)
T10Y2Y,2025-01-27,0.36,10Y-2Y Treasury Spread (Daily)
T10Y2Y,2025-01-28,0.36,10Y-2Y Treasury Spread (Daily)
T10Y2Y,2025-01-29,0.34,10Y-2Y Treasury Spread (Daily)
T10Y2Y,2025-01-30,0.34,10Y-2Y Treasury Spread (Daily)
T10Y2Y,2025-01-31,0.36,10Y-2Y Treasury Spread (Daily)
T10Y2Y,2025-02-03,0.28,10Y-2Y Treasury Spread (Daily)
T10Y2Y,2025-02-04,0.31,10Y-2Y Treasury Spread (Daily)
T10Y2Y,2025-02-05,0.26,10Y-2Y Treasury Spread (Daily)
T10Y2Y,2025-02-06,0.24,10Y-2Y Treasury Spread (Daily)
T10Y2Y,2025-02-07,0.2,10Y-2Y Treasury Spread (Daily)
T10Y2Y,2025-02-10,0.23,10Y-2Y Treasury Spread (Daily)
T10Y2Y,2025-02-11,0.25,10Y-2Y Treasury Spread (Daily)
T10Y2Y,2025-02-12,0.26,10Y-2Y Treasury Spread (Daily)
T10Y2Y,2025-02-13,0.21,10Y-2Y Treasury Spread (Daily)
T10Y2Y,2025-02-14,0.21,10Y-2Y Treasury Spread (Daily)
T10Y2Y,2025-02-18,0.26,10Y-2Y Treasury Spread (Daily)
T10Y2Y,2025-02-19,0.25,10Y-2Y Treasury Spread (Daily)
T10Y2Y,2025-02-20,0.22,10Y-2Y Treasury Spread (Daily)
T10Y2Y,2025-02-21,0.23,10Y-2Y Treasury Spread (Daily)
T10Y2Y,2025-02-24,0.27,10Y-2Y Treasury Spread (Daily)
T10Y2Y,2025-02-25,0.23,10Y-2Y Treasury Spread (Daily)
T10Y2Y,2025-02-26,0.2,10Y-2Y Treasury Spread (Daily)
T10Y2Y,2025-02-27,0.22,10Y-2Y Treasury Spread (Daily)
T10Y2Y,2025-02-28,0.25,10Y-2Y Treasury Spread (Daily)
T10Y2Y,2025-03-03,0.2,10Y-2Y Treasury Spread (Daily)
T10Y2Y,2025-03-04,0.26,10Y-2Y Treasury Spread (Daily)
T10Y2Y,2025-03-05,0.29,10Y-2Y Treasury Spread (Daily)
T10Y2Y,2025-03-06,0.33,10Y-2Y Treasury Spread (Daily)
T10Y2Y,2025-03-07,0.33,10Y-2Y Treasury Spread (Daily)
T10Y2Y,2025-03-10,0.33,10Y-2Y Treasury Spread (Daily)
T10Y2Y,2025-03-11,0.34,10Y-2Y Treasury Spread (Daily)
T10Y2Y,2025-03-12,0.31,10Y-2Y Treasury Spread (Daily)
T10Y2Y,2025-03-13,0.33,10Y-2Y Treasury Spread (Daily)
T10Y2Y,2025-03-14,0.29,10Y-2Y Treasury Spread (Daily)
T10Y2Y,2025-03-17,0.25,10Y-2Y Treasury Spread (Daily)
T10Y2Y,2025-03-18,0.25,10Y-2Y Treasury Spread (Daily)
T10Y2Y,2025-03-19,0.26,10Y-2Y Treasury Spread (Daily)
T10Y2Y,2025-03-20,0.29,10Y-2Y Treasury Spread (Daily)
T10Y2Y,2025-03-21,0.31,10Y-2Y Treasury Spread (Daily)
T10Y2Y,2025-03-24,0.3,10Y-2Y Treasury Spread (Daily)
T10Y2Y,2025-03-25,0.35,10Y-2Y Treasury Spread (Daily)
T10Y2Y,2025-03-26,0.37,10Y-2Y Treasury Spread (Daily)
T10Y2Y,2025-03-27,0.41,10Y-2Y Treasury Spread (Daily)
T10Y2Y,2025-03-28,0.38,10Y-2Y Treasury Spread (Daily)
T10Y2Y,2025-03-31,0.34,10Y-2Y Treasury Spread (Daily)
T10Y2Y,2025-04-01,0.3,10Y-2Y Treasury Spread (Daily)
T10Y2Y,2025-04-02,0.29,10Y-2Y Treasury Spread (Daily)
T10Y2Y,2025-04-03,0.35,10Y-2Y Treasury Spread (Daily)
T10Y2Y,2025-04-04,0.33,10Y-2Y Treasury Spread (Daily)
T10Y2Y,2025-04-07,0.42,10Y-2Y Treasury Spread (Daily)
T10Y2Y,2025-04-08,0.55,10Y-2Y Treasury Spread (Daily)
T10Y2Y,2025-04-09,0.43,10Y-2Y Treasury Spread (Daily)
T10Y2Y,2025-04-10,0.56,10Y-2Y Treasury Spread (Daily)
T10Y2Y,2025-04-11,0.52,10Y-2Y Treasury Spread (Daily)
T10Y2Y,2025-04-14,0.54,10Y-2Y Treasury Spread (Daily)
T10Y2Y,2025-04-15,0.51,10Y-2Y Treasury Spread (Daily)
T10Y2Y,2025-04-16,0.52,10Y-2Y Treasury Spread (Daily)
T10Y2Y,2025-04-17,0.53,10Y-2Y Treasury Spread (Daily)
T10Y2Y,2025-04-21,0.67,10Y-2Y Treasury Spread (Daily)
T10Y2Y,2025-04-22,0.65,10Y-2Y Treasury Spread (Daily)
T10Y2Y,2025-04-23,0.59,10Y-2Y Treasury Spread (Daily)
T10Y2Y,2025-04-24,0.55,10Y-2Y Treasury Spread (Daily)
T10Y2Y,2025-04-25,0.55,10Y-2Y Treasury Spread (Daily)
T10Y2Y,2025-04-28,0.56,10Y-2Y Treasury Spread (Daily)
T10Y2Y,2025-04-29,0.54,10Y-2Y Treasury Spread (Daily)
T10Y2Y,2025-04-30,0.57,10Y-2Y Treasury Spread (Daily)
T10Y2Y,2025-05-01,0.55,10Y-2Y Treasury Spread (Daily)
T10Y2Y,2025-05-02,0.5,10Y-2Y Treasury Spread (Daily)
T10Y2Y,2025-05-05,0.53,10Y-2Y Treasury Spread (Daily)
T10Y2Y,2025-05-06,0.52,10Y-2Y Treasury Spread (Daily)
T10Y2Y,2025-05-07,0.48,10Y-2Y Treasury Spread (Daily)
T10Y2Y,2025-05-08,0.47,10Y-2Y Treasury Spread (Daily)
T10Y2Y,2025-05-09,0.49,10Y-2Y Treasury Spread (Daily)
T10Y2Y,2025-05-12,0.47,10Y-2Y Treasury Spread (Daily)
T10Y2Y,2025-05-13,0.47,10Y-2Y Treasury Spread (Daily)
T10Y2Y,2025-05-14,0.48,10Y-2Y Treasury Spread (Daily)
T10Y2Y,2025-05-15,0.49,10Y-2Y Treasury Spread (Daily)
T10Y2Y,2025-05-16,0.45,10Y-2Y Treasury Spread (Daily)
T10Y2Y,2025-05-19,0.49,10Y-2Y Treasury Spread (Daily)
T10Y2Y,2025-05-20,0.51,10Y-2Y Treasury Spread (Daily)
T10Y2Y,2025-05-21,0.58,10Y-2Y Treasury Spread (Daily)
T10Y2Y,2025-05-22,0.54,10Y-2Y Treasury Spread (Daily)
T10Y2Y,2025-05-23,0.51,10Y-2Y Treasury Spread (Daily)
T10Y2Y,2025-05-27,0.51,10Y-2Y Treasury Spread (Daily)
T10Y2Y,2025-05-28,0.51,10Y-2Y Treasury Spread (Daily)
T10Y2Y,2025-05-29,0.51,10Y-2Y Treasury Spread (Daily)
T10Y2Y,2025-05-30,0.52,10Y-2Y Treasury Spread (Daily)
T10Y2Y,2025-06-02,0.52,10Y-2Y Treasury Spread (Daily)
T10Y2Y,2025-06-03,0.5,10Y-2Y Treasury Spread (Daily)
T10Y2Y,2025-06-04,0.5,10Y-2Y Treasury Spread (Daily)
T10Y2Y,2025-06-05,0.48,10Y-2Y Treasury Spread (Daily)
T10Y2Y,2025-06-06,0.47,10Y-2Y Treasury Spread (Daily)
T10Y2Y,2025-06-09,0.48,10Y-2Y Treasury Spread (Daily)
T10Y2Y,2025-06-10,0.46,10Y-2Y Treasury Spread (Daily)
T10Y2Y,2025-06-11,0.47,10Y-2Y Treasury Spread (Daily)
T10Y2Y,2025-06-12,0.46,10Y-2Y Treasury Spread (Daily)
T10Y2Y,2025-06-13,0.45,10Y-2Y Treasury Spread (Daily)
T10Y2Y,2025-06-16,0.49,10Y-2Y Treasury Spread (Daily)
T10Y2Y,2025-06-17,0.45,10Y-2Y Treasury Spread (Daily)
T10Y2Y,2025-06-18,0.44,10Y-2Y Treasury Spread (Daily)
T10Y2Y,2025-06-20,0.48,10Y-2Y Treasury Spread (Daily)
T10Y2Y,2025-06-23,0.5,10Y-2Y Treasury Spread (Daily)
T10Y2Y,2025-06-24,0.55,10Y-2Y Treasury Spread (Daily)
T10Y2Y,2025-06-25,0.55,10Y-2Y Treasury Spread (Daily)
T10Y2Y,2025-06-26,0.56,10Y-2Y Treasury Spread (Daily)
T10Y2Y,2025-06-27,0.56,10Y-2Y Treasury Spread (Daily)
T10Y2Y,2025-06-30,0.52,10Y-2Y Treasury Spread (Daily)
DTWEXBGS,2020-01-02,114.9745,Trade Weighted US Dollar Index (Daily)
DTWEXBGS,2020-01-03,114.9867,Trade Weighted US Dollar Index (Daily)
DTWEXBGS,2020-01-06,114.9557,Trade Weighted US Dollar Index (Daily)
DTWEXBGS,2020-01-07,115.1477,Trade Weighted US Dollar Index (Daily)
DTWEXBGS,2020-01-08,115.1328,Trade Weighted US Dollar Index (Daily)
DTWEXBGS,2020-01-09,115.2331,Trade Weighted US Dollar Index (Daily)
DTWEXBGS,2020-01-10,115.0677,Trade Weighted US Dollar Index (Daily)
DTWEXBGS,2020-01-13,115.0342,Trade Weighted US Dollar Index (Daily)
DTWEXBGS,2020-01-14,115.0239,Trade Weighted US Dollar Index (Daily)
DTWEXBGS,2020-01-15,114.9528,Trade Weighted US Dollar Index (Daily)
DTWEXBGS,2020-01-16,115.0006,Trade Weighted US Dollar Index (Daily)
DTWEXBGS,2020-01-17,115.0656,Trade Weighted US Dollar Index (Daily)
DTWEXBGS,2020-01-21,115.1876,Trade Weighted US Dollar Index (Daily)
DTWEXBGS,2020-01-22,115.2273,Trade Weighted US Dollar Index (Daily)
DTWEXBGS,2020-01-23,115.5545,Trade Weighted US Dollar Index (Daily)
DTWEXBGS,2020-01-24,115.5556,Trade Weighted US Dollar Index (Daily)
DTWEXBGS,2020-01-27,115.8004,Trade Weighted US Dollar Index (Daily)
DTWEXBGS,2020-01-28,115.7239,Trade Weighted US Dollar Index (Daily)
DTWEXBGS,2020-01-29,115.7003,Trade Weighted US Dollar Index (Daily)
DTWEXBGS,2020-01-30,115.8077,Trade Weighted US Dollar Index (Daily)
DTWEXBGS,2020-01-31,115.7345,Trade Weighted US Dollar Index (Daily)
DTWEXBGS,2020-02-03,116.1172,Trade Weighted US Dollar Index (Daily)
DTWEXBGS,2020-02-04,115.9291,Trade Weighted US Dollar Index (Daily)
DTWEXBGS,2020-02-05,116.009,Trade Weighted US Dollar Index (Daily)
DTWEXBGS,2020-02-06,116.1518,Trade Weighted US Dollar Index (Daily)
DTWEXBGS,2020-02-07,116.5086,Trade Weighted US Dollar Index (Daily)
DTWEXBGS,2020-02-10,116.5711,Trade Weighted US Dollar Index (Daily)
DTWEXBGS,2020-02-11,116.3585,Trade Weighted US Dollar Index (Daily)
DTWEXBGS,2020-02-12,116.2794,Trade Weighted US Dollar Index (Daily)
DTWEXBGS,2020-02-13,116.3999,Trade Weighted US Dollar Index (Daily)
DTWEXBGS,2020-02-14,116.4223,Trade Weighted US Dollar Index (Daily)
DTWEXBGS,2020-02-18,116.6039,Trade Weighted US Dollar Index (Daily)
DTWEXBGS,2020-02-19,116.7829,Trade Weighted US Dollar Index (Daily)
DTWEXBGS,2020-02-20,117.2454,Trade Weighted US Dollar Index (Daily)
DTWEXBGS,2020-02-21,117.0473,Trade Weighted US Dollar Index (Daily)
DTWEXBGS,2020-02-24,117.4018,Trade Weighted US Dollar Index (Daily)
DTWEXBGS,2020-02-25,117.2425,Trade Weighted US Dollar Index (Daily)
DTWEXBGS,2020-02-26,117.405,Trade Weighted US Dollar Index (Daily)
DTWEXBGS,2020-02-27,117.3678,Trade Weighted US Dollar Index (Daily)
DTWEXBGS,2020-02-28,117.6568,Trade Weighted US Dollar Index (Daily)
DTWEXBGS,2020-03-02,116.8144,Trade Weighted US Dollar Index (Daily)
DTWEXBGS,2020-03-03,116.4958,Trade Weighted US Dollar Index (Daily)
DTWEXBGS,2020-03-04,116.7802,Trade Weighted US Dollar Index (Daily)
DTWEXBGS,2020-03-05,116.7901,Trade Weighted US Dollar Index (Daily)
DTWEXBGS,2020-03-06,116.7106,Trade Weighted US Dollar Index (Daily)
DTWEXBGS,2020-03-09,117.1871,Trade Weighted US Dollar Index (Daily)
DTWEXBGS,2020-03-10,117.9027,Trade Weighted US Dollar Index (Daily)
DTWEXBGS,2020-03-11,118.2505,Trade Weighted US Dollar Index (Daily)
DTWEXBGS,2020-03-12,120.4883,Trade Weighted US Dollar Index (Daily)
DTWEXBGS,2020-03-13,120.4388,Trade Weighted US Dollar Index (Daily)
DTWEXBGS,2020-03-16,120.9352,Trade Weighted US Dollar Index (Daily)
DTWEXBGS,2020-03-17,122.4816,Trade Weighted US Dollar Index (Daily)
DTWEXBGS,2020-03-18,124.1623,Trade Weighted US Dollar Index (Daily)
DTWEXBGS,2020-03-19,125.0587,Trade Weighted US Dollar Index (Daily)
DTWEXBGS,2020-03-20,124.9362,Trade Weighted US Dollar Index (Daily)
DTWEXBGS,2020-03-23,126.1262,Trade Weighted US Dollar Index (Daily)
DTWEXBGS,2020-03-24,125.5001,Trade Weighted US Dollar Index (Daily)
DTWEXBGS,2020-03-25,124.7916,Trade Weighted US Dollar Index (Daily)
DTWEXBGS,2020-03-26,122.4308,Trade Weighted US Dollar Index (Daily)
DTWEXBGS,2020-03-27,122.4007,Trade Weighted US Dollar Index (Daily)
DTWEXBGS,2020-03-30,123.2883,Trade Weighted US Dollar Index (Daily)
DTWEXBGS,2020-03-31,122.5301,Trade Weighted US Dollar Index (Daily)
DTWEXBGS,2020-04-01,123.7933,Trade Weighted US Dollar Index (Daily)
DTWEXBGS,2020-04-02,123.5916,Trade Weighted US Dollar Index (Daily)
DTWEXBGS,2020-04-03,124.4152,Trade Weighted US Dollar Index (Daily)
DTWEXBGS,2020-04-06,124.16,Trade Weighted US Dollar Index (Daily)
DTWEXBGS,2020-04-07,123.0956,Trade Weighted US Dollar Index (Daily)
DTWEXBGS,2020-04-08,123.2216,Trade Weighted US Dollar Index (Daily)
DTWEXBGS,2020-04-09,122.476,Trade Weighted US Dollar Index (Daily)
DTWEXBGS,2020-04-10,122.1592,Trade Weighted US Dollar Index (Daily)
DTWEXBGS,2020-04-13,122.5203,Trade Weighted US Dollar Index (Daily)
DTWEXBGS,2020-04-14,122.1121,Trade Weighted US Dollar Index (Daily)
DTWEXBGS,2020-04-15,123.0752,Trade Weighted US Dollar Index (Daily)
DTWEXBGS,2020-04-16,123.4615,Trade Weighted US Dollar Index (Daily)
DTWEXBGS,2020-04-17,122.871,Trade Weighted US Dollar Index (Daily)
DTWEXBGS,2020-04-20,123.1033,Trade Weighted US Dollar Index (Daily)
DTWEXBGS,2020-04-21,123.9116,Trade Weighted US Dollar Index (Daily)
DTWEXBGS,2020-04-22,123.9256,Trade Weighted US Dollar Index (Daily)
DTWEXBGS,2020-04-23,123.7542,Trade Weighted US Dollar Index (Daily)
DTWEXBGS,2020-04-24,124.1615,Trade Weighted US Dollar Index (Daily)
DTWEXBGS,2020-04-27,123.8843,Trade Weighted US Dollar Index (Daily)
DTWEXBGS,2020-04-28,123.3693,Trade Weighted US Dollar Index (Daily)
DTWEXBGS,2020-04-29,122.7782,Trade Weighted US Dollar Index (Daily)
DTWEXBGS,2020-04-30,122.327,Trade Weighted US Dollar Index (Daily)
DTWEXBGS,2020-05-01,123.1492,Trade Weighted US Dollar Index (Daily)
DTWEXBGS,2020-05-04,123.2117,Trade Weighted US Dollar Index (Daily)
DTWEXBGS,2020-05-05,122.803,Trade Weighted US Dollar Index (Daily)
DTWEXBGS,2020-05-06,123.609,Trade Weighted US Dollar Index (Daily)
DTWEXBGS,2020-05-07,123.1249,Trade Weighted US Dollar Index (Daily)
DTWEXBGS,2020-05-08,122.5379,Trade Weighted US Dollar Index (Daily)
DTWEXBGS,2020-05-11,123.2333,Trade Weighted US Dollar Index (Daily)
DTWEXBGS,2020-05-12,123.0592,Trade Weighted US Dollar Index (Daily)
DTWEXBGS,2020-05-13,123.5408,Trade Weighted US Dollar Index (Daily)
DTWEXBGS,2020-05-14,123.6429,Trade Weighted US Dollar Index (Daily)
DTWEXBGS,2020-05-15,123.5991,Trade Weighted US Dollar Index (Daily)
DTWEXBGS,2020-05-18,122.7968,Trade Weighted US Dollar Index (Daily)
DTWEXBGS,2020-05-19,122.5655,Trade Weighted US Dollar Index (Daily)
DTWEXBGS,2020-05-20,122.1007,Trade Weighted US Dollar Index (Daily)
DTWEXBGS,2020-05-21,122.0914,Trade Weighted US Dollar Index (Daily)
DTWEXBGS,2020-05-22,122.3211,Trade Weighted US Dollar Index (Daily)
DTWEXBGS,2020-05-26,121.3864,Trade Weighted US Dollar Index (Daily)
DTWEXBGS,2020-05-27,121.5677,Trade Weighted US Dollar Index (Daily)
DTWEXBGS,2020-05-28,121.0138,Trade Weighted US Dollar Index (Daily)
DTWEXBGS,2020-05-29,120.9458,Trade Weighted US Dollar Index (Daily)
DTWEXBGS,2020-06-01,120.2686,Trade Weighted US Dollar Index (Daily)
DTWEXBGS,2020-06-02,119.6854,Trade Weighted US Dollar Index (Daily)
DTWEXBGS,2020-06-03,119.2556,Trade Weighted US Dollar Index (Daily)
DTWEXBGS,2020-06-04,119.3014,Trade Weighted US Dollar Index (Daily)
DTWEXBGS,2020-06-05,118.8138,Trade Weighted US Dollar Index (Daily)
DTWEXBGS,2020-06-08,118.6621,Trade Weighted US Dollar Index (Daily)
DTWEXBGS,2020-06-09,118.5893,Trade Weighted US Dollar Index (Daily)
DTWEXBGS,2020-06-10,118.5231,Trade Weighted US Dollar Index (Daily)
DTWEXBGS,2020-06-11,119.2347,Trade Weighted US Dollar Index (Daily)
DTWEXBGS,2020-06-12,119.6645,Trade Weighted US Dollar Index (Daily)
DTWEXBGS,2020-06-15,119.9539,Trade Weighted US Dollar Index (Daily)
DTWEXBGS,2020-06-16,119.567,Trade Weighted US Dollar Index (Daily)
DTWEXBGS,2020-06-17,119.9105,Trade Weighted US Dollar Index (Daily)
DTWEXBGS,2020-06-18,120.2173,Trade Weighted US Dollar Index (Daily)
DTWEXBGS,2020-06-19,120.2186,Trade Weighted US Dollar Index (Daily)
DTWEXBGS,2020-06-22,119.7532,Trade Weighted US Dollar Index (Daily)
DTWEXBGS,2020-06-23,119.3285,Trade Weighted US Dollar Index (Daily)
DTWEXBGS,2020-06-24,119.9744,Trade Weighted US Dollar Index (Daily)
DTWEXBGS,2020-06-25,120.2997,Trade Weighted US Dollar Index (Daily)
DTWEXBGS,2020-06-26,120.533,Trade Weighted US Dollar Index (Daily)
DTWEXBGS,2020-06-29,120.6658,Trade Weighted US Dollar Index (Daily)
DTWEXBGS,2020-06-30,120.4649,Trade Weighted US Dollar Index (Daily)
DTWEXBGS,2020-07-01,120.0808,Trade Weighted US Dollar Index (Daily)
DTWEXBGS,2020-07-02,119.8555,Trade Weighted US Dollar Index (Daily)
DTWEXBGS,2020-07-06,119.2852,Trade Weighted US Dollar Index (Daily)
DTWEXBGS,2020-07-07,119.5717,Trade Weighted US Dollar Index (Daily)
DTWEXBGS,2020-07-08,119.5525,Trade Weighted US Dollar Index (Daily)
DTWEXBGS,2020-07-09,119.5129,Trade Weighted US Dollar Index (Daily)
DTWEXBGS,2020-07-10,119.3509,Trade Weighted US Dollar Index (Daily)
DTWEXBGS,2020-07-13,119.1891,Trade Weighted US Dollar Index (Daily)
DTWEXBGS,2020-07-14,119.3901,Trade Weighted US Dollar Index (Daily)
DTWEXBGS,2020-07-15,119.0331,Trade Weighted US Dollar Index (Daily)
DTWEXBGS,2020-07-16,118.9275,Trade Weighted US Dollar Index (Daily)
DTWEXBGS,2020-07-17,119.124,Trade Weighted US Dollar Index (Daily)
DTWEXBGS,2020-07-20,119.0483,Trade Weighted US Dollar Index (Daily)
DTWEXBGS,2020-07-21,118.4042,Trade Weighted US Dollar Index (Daily)
DTWEXBGS,2020-07-22,118.1337,Trade Weighted US Dollar Index (Daily)
DTWEXBGS,2020-07-23,118.0613,Trade Weighted US Dollar Index (Daily)
DTWEXBGS,2020-07-24,118.1329,Trade Weighted US Dollar Index (Daily)
DTWEXBGS,2020-07-27,117.3869,Trade Weighted US Dollar Index (Daily)
DTWEXBGS,2020-07-28,117.3189,Trade Weighted US Dollar Index (Daily)
DTWEXBGS,2020-07-29,117.2126,Trade Weighted US Dollar Index (Daily)
DTWEXBGS,2020-07-30,117.4008,Trade Weighted US Dollar Index (Daily)
DTWEXBGS,2020-07-31,117.2082,Trade Weighted US Dollar Index (Daily)
DTWEXBGS,2020-08-03,117.8074,Trade Weighted US Dollar Index (Daily)
DTWEXBGS,2020-08-04,117.7833,Trade Weighted US Dollar Index (Daily)
DTWEXBGS,2020-08-05,116.8736,Trade Weighted US Dollar Index (Daily)
DTWEXBGS,2020-08-06,117.0422,Trade Weighted US Dollar Index (Daily)
DTWEXBGS,2020-08-07,117.6239,Trade Weighted US Dollar Index (Daily)
DTWEXBGS,2020-08-10,117.5821,Trade Weighted US Dollar Index (Daily)
DTWEXBGS,2020-08-11,117.3781,Trade Weighted US Dollar Index (Daily)
DTWEXBGS,2020-08-12,117.2559,Trade Weighted US Dollar Index (Daily)
DTWEXBGS,2020-08-13,117.1193,Trade Weighted US Dollar Index (Daily)
DTWEXBGS,2020-08-14,116.9395,Trade Weighted US Dollar Index (Daily)
DTWEXBGS,2020-08-17,116.749,Trade Weighted US Dollar Index (Daily)
DTWEXBGS,2020-08-18,116.5593,Trade Weighted US Dollar Index (Daily)
DTWEXBGS,2020-08-19,116.567,Trade Weighted US Dollar Index (Daily)
DTWEXBGS,2020-08-20,116.8126,Trade Weighted US Dollar Index (Daily)
DTWEXBGS,2020-08-21,117.0572,Trade Weighted US Dollar Index (Daily)
DTWEXBGS,2020-08-24,116.912,Trade Weighted US Dollar Index (Daily)
DTWEXBGS,2020-08-25,116.8206,Trade Weighted US Dollar Index (Daily)
DTWEXBGS,2020-08-26,116.6243,Trade Weighted US Dollar Index (Daily)
DTWEXBGS,2020-08-27,116.649,Trade Weighted US Dollar Index (Daily)
DTWEXBGS,2020-08-28,115.9374,Trade Weighted US Dollar Index (Daily)
DTWEXBGS,2020-08-31,115.7586,Trade Weighted US Dollar Index (Daily)
DTWEXBGS,2020-09-01,115.5687,Trade Weighted US Dollar Index (Daily)
DTWEXBGS,2020-09-02,116.0304,Trade Weighted US Dollar Index (Daily)
DTWEXBGS,2020-09-03,116.0685,Trade Weighted US Dollar Index (Daily)
DTWEXBGS,2020-09-04,116.0347,Trade Weighted US Dollar Index (Daily)
DTWEXBGS,2020-09-08,116.4618,Trade Weighted US Dollar Index (Daily)
DTWEXBGS,2020-09-09,116.1291,Trade Weighted US Dollar Index (Daily)
DTWEXBGS,2020-09-10,115.8806,Trade Weighted US Dollar Index (Daily)
DTWEXBGS,2020-09-11,116.0866,Trade Weighted US Dollar Index (Daily)
DTWEXBGS,2020-09-14,115.6428,Trade Weighted US Dollar Index (Daily)
DTWEXBGS,2020-09-15,115.5908,Trade Weighted US Dollar Index (Daily)
DTWEXBGS,2020-09-16,115.3537,Trade Weighted US Dollar Index (Daily)
DTWEXBGS,2020-09-17,115.4392,Trade Weighted US Dollar Index (Daily)
DTWEXBGS,2020-09-18,115.2395,Trade Weighted US Dollar Index (Daily)
DTWEXBGS,2020-09-21,116.378,Trade Weighted US Dollar Index (Daily)
DTWEXBGS,2020-09-22,116.5438,Trade Weighted US Dollar Index (Daily)
DTWEXBGS,2020-09-23,117.2526,Trade Weighted US Dollar Index (Daily)
DTWEXBGS,2020-09-24,117.5473,Trade Weighted US Dollar Index (Daily)
DTWEXBGS,2020-09-25,117.8679,Trade Weighted US Dollar Index (Daily)
DTWEXBGS,2020-09-28,117.6178,Trade Weighted US Dollar Index (Daily)
DTWEXBGS,2020-09-29,117.526,Trade Weighted US Dollar Index (Daily)
DTWEXBGS,2020-09-30,116.946,Trade Weighted US Dollar Index (Daily)
DTWEXBGS,2020-10-01,116.7227,Trade Weighted US Dollar Index (Daily)
DTWEXBGS,2020-10-02,116.7321,Trade Weighted US Dollar Index (Daily)
DTWEXBGS,2020-10-05,116.1767,Trade Weighted US Dollar Index (Daily)
DTWEXBGS,2020-10-06,116.2681,Trade Weighted US Dollar Index (Daily)
DTWEXBGS,2020-10-07,116.3447,Trade Weighted US Dollar Index (Daily)
DTWEXBGS,2020-10-08,116.1657,Trade Weighted US Dollar Index (Daily)
DTWEXBGS,2020-10-09,115.2757,Trade Weighted US Dollar Index (Daily)
DTWEXBGS,2020-10-13,115.9107,Trade Weighted US Dollar Index (Daily)
DTWEXBGS,2020-10-14,115.6872,Trade Weighted US Dollar Index (Daily)
DTWEXBGS,2020-10-15,116.0964,Trade Weighted US Dollar Index (Daily)
DTWEXBGS,2020-10-16,115.7679,Trade Weighted US Dollar Index (Daily)
DTWEXBGS,2020-10-19,115.4031,Trade Weighted US Dollar Index (Daily)
DTWEXBGS,2020-10-20,115.2485,Trade Weighted US Dollar Index (Daily)
DTWEXBGS,2020-10-21,114.9108,Trade Weighted US Dollar Index (Daily)
DTWEXBGS,2020-10-22,115.1158,Trade Weighted US Dollar Index (Daily)
DTWEXBGS,2020-10-23,115.0126,Trade Weighted US Dollar Index (Daily)
DTWEXBGS,2020-10-26,115.2797,Trade Weighted US Dollar Index (Daily)
DTWEXBGS,2020-10-27,115.0131,Trade Weighted US Dollar Index (Daily)
DTWEXBGS,2020-10-28,115.8023,Trade Weighted US Dollar Index (Daily)
DTWEXBGS,2020-10-29,116.3069,Trade Weighted US Dollar Index (Daily)
DTWEXBGS,2020-10-30,116.1354,Trade Weighted US Dollar Index (Daily)
DTWEXBGS,2020-11-02,116.2361,Trade Weighted US Dollar Index (Daily)
DTWEXBGS,2020-11-03,115.4802,Trade Weighted US Dollar Index (Daily)
DTWEXBGS,2020-11-04,115.1677,Trade Weighted US Dollar Index (Daily)
DTWEXBGS,2020-11-05,114.4556,Trade Weighted US Dollar Index (Daily)
DTWEXBGS,2020-11-06,113.9919,Trade Weighted US Dollar Index (Daily)
DTWEXBGS,2020-11-09,114.0895,Trade Weighted US Dollar Index (Daily)
DTWEXBGS,2020-11-10,114.0757,Trade Weighted US Dollar Index (Daily)
DTWEXBGS,2020-11-12,114.2843,Trade Weighted US Dollar Index (Daily)
DTWEXBGS,2020-11-13,114.2397,Trade Weighted US Dollar Index (Daily)
DTWEXBGS,2020-11-16,113.8312,Trade Weighted US Dollar Index (Daily)
DTWEXBGS,2020-11-17,113.682,Trade Weighted US Dollar Index (Daily)
DTWEXBGS,2020-11-18,113.46,Trade Weighted US Dollar Index (Daily)
DTWEXBGS,2020-11-19,113.694,Trade Weighted US Dollar Index (Daily)
DTWEXBGS,2020-11-20,113.489,Trade Weighted US Dollar Index (Daily)
DTWEXBGS,2020-11-23,113.7548,Trade Weighted US Dollar Index (Daily)
DTWEXBGS,2020-11-24,113.4316,Trade Weighted US Dollar Index (Daily)
DTWEXBGS,2020-11-25,113.1823,Trade Weighted US Dollar Index (Daily)
DTWEXBGS,2020-11-30,113.2256,Trade Weighted US Dollar Index (Daily)
DTWEXBGS,2020-12-01,112.8063,Trade Weighted US Dollar Index (Daily)
DTWEXBGS,2020-12-02,112.6115,Trade Weighted US Dollar Index (Daily)
DTWEXBGS,2020-12-03,112.0236,Trade Weighted US Dollar Index (Daily)
DTWEXBGS,2020-12-04,111.7778,Trade Weighted US Dollar Index (Daily)
DTWEXBGS,2020-12-07,111.8385,Trade Weighted US Dollar Index (Daily)
DTWEXBGS,2020-12-08,111.8639,Trade Weighted US Dollar Index (Daily)
DTWEXBGS,2020-12-09,112.0305,Trade Weighted US Dollar Index (Daily)
DTWEXBGS,2020-12-10,111.9788,Trade Weighted US Dollar Index (Daily)
DTWEXBGS,2020-12-11,112.1417,Trade Weighted US Dollar Index (Daily)
DTWEXBGS,2020-12-14,112.1708,Trade Weighted US Dollar Index (Daily)
DTWEXBGS,2020-12-15,111.8601,Trade Weighted US Dollar Index (Daily)
DTWEXBGS,2020-12-16,111.7157,Trade Weighted US Dollar Index (Daily)
DTWEXBGS,2020-12-17,111.2226,Trade Weighted US Dollar Index (Daily)
DTWEXBGS,2020-12-18,111.6071,Trade Weighted US Dollar Index (Daily)
DTWEXBGS,2020-12-21,111.9415,Trade Weighted US Dollar Index (Daily)
DTWEXBGS,2020-12-22,112.1947,Trade Weighted US Dollar Index (Daily)
DTWEXBGS,2020-12-23,111.9807,Trade Weighted US Dollar Index (Daily)
DTWEXBGS,2020-12-28,111.9752,Trade Weighted US Dollar Index (Daily)
DTWEXBGS,2020-12-29,111.5172,Trade Weighted US Dollar Index (Daily)
DTWEXBGS,2020-12-30,111.3084,Trade Weighted US Dollar Index (Daily)
DTWEXBGS,2020-12-31,111.3169,Trade Weighted US Dollar Index (Daily)
DTWEXBGS,2021-01-04,111.2075,Trade Weighted US Dollar Index (Daily)
DTWEXBGS,2021-01-05,110.9574,Trade Weighted US Dollar Index (Daily)
DTWEXBGS,2021-01-06,110.8502,Trade Weighted US Dollar Index (Daily)
DTWEXBGS,2021-01-07,111.3042,Trade Weighted US Dollar Index (Daily)
DTWEXBGS,2021-01-08,111.2847,Trade Weighted US Dollar Index (Daily)
DTWEXBGS,2021-01-11,111.8257,Trade Weighted US Dollar Index (Daily)
DTWEXBGS,2021-01-12,111.5501,Trade Weighted US Dollar Index (Daily)
DTWEXBGS,2021-01-13,111.3622,Trade Weighted US Dollar Index (Daily)
DTWEXBGS,2021-01-14,111.1567,Trade Weighted US Dollar Index (Daily)
DTWEXBGS,2021-01-15,111.5106,Trade Weighted US Dollar Index (Daily)
DTWEXBGS,2021-01-19,111.4527,Trade Weighted US Dollar Index (Daily)
DTWEXBGS,2021-01-21,111.1973,Trade Weighted US Dollar Index (Daily)
DTWEXBGS,2021-01-22,111.5516,Trade Weighted US Dollar Index (Daily)
DTWEXBGS,2021-01-25,111.8676,Trade Weighted US Dollar Index (Daily)
DTWEXBGS,2021-01-26,111.6572,Trade Weighted US Dollar Index (Daily)
DTWEXBGS,2021-01-27,112.0782,Trade Weighted US Dollar Index (Daily)
DTWEXBGS,2021-01-28,112.0059,Trade Weighted US Dollar Index (Daily)
DTWEXBGS,2021-01-29,111.9511,Trade Weighted US Dollar Index (Daily)
DTWEXBGS,2021-02-01,112.4189,Trade Weighted US Dollar Index (Daily)
DTWEXBGS,2021-02-02,112.2862,Trade Weighted US Dollar Index (Daily)
DTWEXBGS,2021-02-03,112.2567,Trade Weighted US Dollar Index (Daily)
DTWEXBGS,2021-02-04,112.7469,Trade Weighted US Dollar Index (Daily)
DTWEXBGS,2021-02-05,112.2379,Trade Weighted US Dollar Index (Daily)
DTWEXBGS,2021-02-08,112.0428,Trade Weighted US Dollar Index (Daily)
DTWEXBGS,2021-02-09,111.7675,Trade Weighted US Dollar Index (Daily)
DTWEXBGS,2021-02-10,111.5834,Trade Weighted US Dollar Index (Daily)
DTWEXBGS,2021-02-11,111.5272,Trade Weighted US Dollar Index (Daily)
DTWEXBGS,2021-02-12,111.4889,Trade Weighted US Dollar Index (Daily)
DTWEXBGS,2021-02-16,111.7879,Trade Weighted US Dollar Index (Daily)
DTWEXBGS,2021-02-17,112.0204,Trade Weighted US Dollar Index (Daily)
DTWEXBGS,2021-02-18,112.1603,Trade Weighted US Dollar Index (Daily)
DTWEXBGS,2021-02-19,111.7058,Trade Weighted US Dollar Index (Daily)
DTWEXBGS,2021-02-22,111.918,Trade Weighted US Dollar Index (Daily)
DTWEXBGS,2021-02-23,111.8981,Trade Weighted US Dollar Index (Daily)
DTWEXBGS,2021-02-24,111.7212,Trade Weighted US Dollar Index (Daily)
DTWEXBGS,2021-02-25,111.9253,Trade Weighted US Dollar Index (Daily)
DTWEXBGS,2021-02-26,112.8306,Trade Weighted US Dollar Index (Daily)
DTWEXBGS,2021-03-01,112.5263,Trade Weighted US Dollar Index (Daily)
DTWEXBGS,2021-03-02,112.5342,Trade Weighted US Dollar Index (Daily)
DTWEXBGS,2021-03-03,112.7617,Trade Weighted US Dollar Index (Daily)
DTWEXBGS,2021-03-04,112.7037,Trade Weighted US Dollar Index (Daily)
DTWEXBGS,2021-03-05,113.7487,Trade Weighted US Dollar Index (Daily)
DTWEXBGS,2021-03-08,114.2678,Trade Weighted US Dollar Index (Daily)
DTWEXBGS,2021-03-09,113.928,Trade Weighted US Dollar Index (Daily)
DTWEXBGS,2021-03-10,113.5881,Trade Weighted US Dollar Index (Daily)
DTWEXBGS,2021-03-11,112.9214,Trade Weighted US Dollar Index (Daily)
DTWEXBGS,2021-03-12,113.0269,Trade Weighted US Dollar Index (Daily)
DTWEXBGS,2021-03-15,113.1928,Trade Weighted US Dollar Index (Daily)
DTWEXBGS,2021-03-16,112.9839,Trade Weighted US Dollar Index (Daily)
DTWEXBGS,2021-03-17,113.1589,Trade Weighted US Dollar Index (Daily)
DTWEXBGS,2021-03-18,112.7744,Trade Weighted US Dollar Index (Daily)
DTWEXBGS,2021-03-19,112.9756,Trade Weighted US Dollar Index (Daily)
DTWEXBGS,2021-03-22,113.0023,Trade Weighted US Dollar Index (Daily)
DTWEXBGS,2021-03-23,113.2916,Trade Weighted US Dollar Index (Daily)
DTWEXBGS,2021-03-24,113.6565,Trade Weighted US Dollar Index (Daily)
DTWEXBGS,2021-03-25,114.0016,Trade Weighted US Dollar Index (Daily)
DTWEXBGS,2021-03-26,113.7406,Trade Weighted US Dollar Index (Daily)
DTWEXBGS,2021-03-29,113.9314,Trade Weighted US Dollar Index (Daily)
DTWEXBGS,2021-03-30,114.203,Trade Weighted US Dollar Index (Daily)
DTWEXBGS,2021-03-31,113.8234,Trade Weighted US Dollar Index (Daily)
DTWEXBGS,2021-04-01,113.7389,Trade Weighted US Dollar Index (Daily)
DTWEXBGS,2021-04-02,113.7315,Trade Weighted US Dollar Index (Daily)
DTWEXBGS,2021-04-05,113.394,Trade Weighted US Dollar Index (Daily)
DTWEXBGS,2021-04-06,113.1464,Trade Weighted US Dollar Index (Daily)
DTWEXBGS,2021-04-07,113.2436,Trade Weighted US Dollar Index (Daily)
DTWEXBGS,2021-04-08,113.0917,Trade Weighted US Dollar Index (Daily)
DTWEXBGS,2021-04-09,113.2028,Trade Weighted US Dollar Index (Daily)
DTWEXBGS,2021-04-12,113.1815,Trade Weighted US Dollar Index (Daily)
DTWEXBGS,2021-04-13,113.0391,Trade Weighted US Dollar Index (Daily)
DTWEXBGS,2021-04-14,112.7849,Trade Weighted US Dollar Index (Daily)
DTWEXBGS,2021-04-15,112.6181,Trade Weighted US Dollar Index (Daily)
DTWEXBGS,2021-04-16,112.4814,Trade Weighted US Dollar Index (Daily)
DTWEXBGS,2021-04-19,112.1835,Trade Weighted US Dollar Index (Daily)
DTWEXBGS,2021-04-20,112.2354,Trade Weighted US Dollar Index (Daily)
DTWEXBGS,2021-04-21,112.1771,Trade Weighted US Dollar Index (Daily)
DTWEXBGS,2021-04-22,112.2297,Trade Weighted US Dollar Index (Daily)
DTWEXBGS,2021-04-23,112.0889,Trade Weighted US Dollar Index (Daily)
DTWEXBGS,2021-04-26,111.8109,Trade Weighted US Dollar Index (Daily)
DTWEXBGS,2021-04-27,111.9097,Trade Weighted US Dollar Index (Daily)
DTWEXBGS,2021-04-28,111.7909,Trade Weighted US Dollar Index (Daily)
DTWEXBGS,2021-04-29,111.7464,Trade Weighted US Dollar Index (Daily)
DTWEXBGS,2021-04-30,112.0839,Trade Weighted US Dollar Index (Daily)
DTWEXBGS,2021-05-03,112.005,Trade Weighted US Dollar Index (Daily)
DTWEXBGS,2021-05-04,112.2896,Trade Weighted US Dollar Index (Daily)
DTWEXBGS,2021-05-05,112.1514,Trade Weighted US Dollar Index (Daily)
DTWEXBGS,2021-05-06,111.8401,Trade Weighted US Dollar Index (Daily)
DTWEXBGS,2021-05-07,111.0249,Trade Weighted US Dollar Index (Daily)
DTWEXBGS,2021-05-10,110.7905,Trade Weighted US Dollar Index (Daily)
DTWEXBGS,2021-05-11,110.8921,Trade Weighted US Dollar Index (Daily)
DTWEXBGS,2021-05-12,111.5636,Trade Weighted US Dollar Index (Daily)
DTWEXBGS,2021-05-13,111.5955,Trade Weighted US Dollar Index (Daily)
DTWEXBGS,2021-05-14,111.1353,Trade Weighted US Dollar Index (Daily)
DTWEXBGS,2021-05-17,111.079,Trade Weighted US Dollar Index (Daily)
DTWEXBGS,2021-05-18,110.8317,Trade Weighted US Dollar Index (Daily)
DTWEXBGS,2021-05-19,110.8807,Trade Weighted US Dollar Index (Daily)
DTWEXBGS,2021-05-20,110.8605,Trade Weighted US Dollar Index (Daily)
DTWEXBGS,2021-05-21,111.0576,Trade Weighted US Dollar Index (Daily)
DTWEXBGS,2021-05-24,110.9118,Trade Weighted US Dollar Index (Daily)
DTWEXBGS,2021-05-25,110.842,Trade Weighted US Dollar Index (Daily)
DTWEXBGS,2021-05-26,110.8677,Trade Weighted US Dollar Index (Daily)
DTWEXBGS,2021-05-27,110.8688,Trade Weighted US Dollar Index (Daily)
DTWEXBGS,2021-05-28,110.7576,Trade Weighted US Dollar Index (Daily)
DTWEXBGS,2021-06-01,110.5046,Trade Weighted US Dollar Index (Daily)
DTWEXBGS,2021-06-02,110.5799,Trade Weighted US Dollar Index (Daily)
DTWEXBGS,2021-06-03,111.1782,Trade Weighted US Dollar Index (Daily)
DTWEXBGS,2021-06-04,110.7521,Trade Weighted US Dollar Index (Daily)
DTWEXBGS,2021-06-07,110.5155,Trade Weighted US Dollar Index (Daily)
DTWEXBGS,2021-06-08,110.649,Trade Weighted US Dollar Index (Daily)
DTWEXBGS,2021-06-09,110.5707,Trade Weighted US Dollar Index (Daily)
DTWEXBGS,2021-06-10,110.5456,Trade Weighted US Dollar Index (Daily)
DTWEXBGS,2021-06-11,111.0933,Trade Weighted US Dollar Index (Daily)
DTWEXBGS,2021-06-14,110.9659,Trade Weighted US Dollar Index (Daily)
DTWEXBGS,2021-06-15,111.3507,Trade Weighted US Dollar Index (Daily)
DTWEXBGS,2021-06-16,111.1165,Trade Weighted US Dollar Index (Daily)
DTWEXBGS,2021-06-17,112.5772,Trade Weighted US Dollar Index (Daily)
DTWEXBGS,2021-06-18,113.0408,Trade Weighted US Dollar Index (Daily)
DTWEXBGS,2021-06-21,112.8391,Trade Weighted US Dollar Index (Daily)
DTWEXBGS,2021-06-22,112.9174,Trade Weighted US Dollar Index (Daily)
DTWEXBGS,2021-06-23,112.3819,Trade Weighted US Dollar Index (Daily)
DTWEXBGS,2021-06-24,112.326,Trade Weighted US Dollar Index (Daily)
DTWEXBGS,2021-06-25,111.9655,Trade Weighted US Dollar Index (Daily)
DTWEXBGS,2021-06-28,112.0248,Trade Weighted US Dollar Index (Daily)
DTWEXBGS,2021-06-29,112.2613,Trade Weighted US Dollar Index (Daily)
DTWEXBGS,2021-06-30,112.5533,Trade Weighted US Dollar Index (Daily)
DTWEXBGS,2021-07-01,112.74,Trade Weighted US Dollar Index (Daily)
DTWEXBGS,2021-07-02,112.5425,Trade Weighted US Dollar Index (Daily)
DTWEXBGS,2021-07-06,112.9516,Trade Weighted US Dollar Index (Daily)
DTWEXBGS,2021-07-07,113.1048,Trade Weighted US Dollar Index (Daily)
DTWEXBGS,2021-07-08,113.0776,Trade Weighted US Dollar Index (Daily)
DTWEXBGS,2021-07-09,112.8375,Trade Weighted US Dollar Index (Daily)
DTWEXBGS,2021-07-12,112.7611,Trade Weighted US Dollar Index (Daily)
DTWEXBGS,2021-07-13,113.0063,Trade Weighted US Dollar Index (Daily)
DTWEXBGS,2021-07-14,112.8801,Trade Weighted US Dollar Index (Daily)
DTWEXBGS,2021-07-15,113.0041,Trade Weighted US Dollar Index (Daily)
DTWEXBGS,2021-07-16,113.0428,Trade Weighted US Dollar Index (Daily)
DTWEXBGS,2021-07-19,113.5472,Trade Weighted US Dollar Index (Daily)
DTWEXBGS,2021-07-20,113.7502,Trade Weighted US Dollar Index (Daily)
DTWEXBGS,2021-07-21,113.3926,Trade Weighted US Dollar Index (Daily)
DTWEXBGS,2021-07-22,113.4695,Trade Weighted US Dollar Index (Daily)
DTWEXBGS,2021-07-23,113.4398,Trade Weighted US Dollar Index (Daily)
DTWEXBGS,2021-07-26,113.2238,Trade Weighted US Dollar Index (Daily)
DTWEXBGS,2021-07-27,113.2227,Trade Weighted US Dollar Index (Daily)
DTWEXBGS,2021-07-28,113.1807,Trade Weighted US Dollar Index (Daily)
DTWEXBGS,2021-07-29,112.4834,Trade Weighted US Dollar Index (Daily)
DTWEXBGS,2021-07-30,112.6714,Trade Weighted US Dollar Index (Daily)
DTWEXBGS,2021-08-02,112.6691,Trade Weighted US Dollar Index (Daily)
DTWEXBGS,2021-08-03,112.8228,Trade Weighted US Dollar Index (Daily)
DTWEXBGS,2021-08-04,112.8953,Trade Weighted US Dollar Index (Daily)
DTWEXBGS,2021-08-05,112.7674,Trade Weighted US Dollar Index (Daily)
DTWEXBGS,2021-08-06,113.3088,Trade Weighted US Dollar Index (Daily)
DTWEXBGS,2021-08-09,113.4521,Trade Weighted US Dollar Index (Daily)
DTWEXBGS,2021-08-10,113.4973,Trade Weighted US Dollar Index (Daily)
DTWEXBGS,2021-08-11,113.282,Trade Weighted US Dollar Index (Daily)
DTWEXBGS,2021-08-12,113.2691,Trade Weighted US Dollar Index (Daily)
DTWEXBGS,2021-08-13,113.0615,Trade Weighted US Dollar Index (Daily)
DTWEXBGS,2021-08-16,113.1698,Trade Weighted US Dollar Index (Daily)
DTWEXBGS,2021-08-17,113.6174,Trade Weighted US Dollar Index (Daily)
DTWEXBGS,2021-08-18,113.6959,Trade Weighted US Dollar Index (Daily)
DTWEXBGS,2021-08-19,114.1106,Trade Weighted US Dollar Index (Daily)
DTWEXBGS,2021-08-20,114.5009,Trade Weighted US Dollar Index (Daily)
DTWEXBGS,2021-08-23,113.9418,Trade Weighted US Dollar Index (Daily)
DTWEXBGS,2021-08-24,113.6795,Trade Weighted US Dollar Index (Daily)
DTWEXBGS,2021-08-25,113.6322,Trade Weighted US Dollar Index (Daily)
DTWEXBGS,2021-08-26,113.7883,Trade Weighted US Dollar Index (Daily)
DTWEXBGS,2021-08-27,113.3404,Trade Weighted US Dollar Index (Daily)
DTWEXBGS,2021-08-30,113.246,Trade Weighted US Dollar Index (Daily)
DTWEXBGS,2021-08-31,113.1076,Trade Weighted US Dollar Index (Daily)
DTWEXBGS,2021-09-01,112.8732,Trade Weighted US Dollar Index (Daily)
DTWEXBGS,2021-09-02,112.7863,Trade Weighted US Dollar Index (Daily)
DTWEXBGS,2021-09-03,112.5476,Trade Weighted US Dollar Index (Daily)
DTWEXBGS,2021-09-07,112.9795,Trade Weighted US Dollar Index (Daily)
DTWEXBGS,2021-09-08,113.2319,Trade Weighted US Dollar Index (Daily)
DTWEXBGS,2021-09-09,113.043,Trade Weighted US Dollar Index (Daily)
DTWEXBGS,2021-09-10,112.9425,Trade Weighted US Dollar Index (Daily)
DTWEXBGS,2021-09-13,113.0341,Trade Weighted US Dollar Index (Daily)
DTWEXBGS,2021-09-14,113.0061,Trade Weighted US Dollar Index (Daily)
DTWEXBGS,2021-09-15,112.9773,Trade Weighted US Dollar Index (Daily)
DTWEXBGS,2021-09-16,113.3036,Trade Weighted US Dollar Index (Daily)
DTWEXBGS,2021-09-17,113.5989,Trade Weighted US Dollar Index (Daily)
DTWEXBGS,2021-09-20,113.9422,Trade Weighted US Dollar Index (Daily)
DTWEXBGS,2021-09-21,113.8179,Trade Weighted US Dollar Index (Daily)
DTWEXBGS,2021-09-22,113.6223,Trade Weighted US Dollar Index (Daily)
DTWEXBGS,2021-09-23,113.513,Trade Weighted US Dollar Index (Daily)
DTWEXBGS,2021-09-24,113.7597,Trade Weighted US Dollar Index (Daily)
DTWEXBGS,2021-09-27,113.7432,Trade Weighted US Dollar Index (Daily)
DTWEXBGS,2021-09-28,114.2469,Trade Weighted US Dollar Index (Daily)
DTWEXBGS,2021-09-29,114.7092,Trade Weighted US Dollar Index (Daily)
DTWEXBGS,2021-09-30,114.6403,Trade Weighted US Dollar Index (Daily)
DTWEXBGS,2021-10-01,114.3798,Trade Weighted US Dollar Index (Daily)
DTWEXBGS,2021-10-04,114.2739,Trade Weighted US Dollar Index (Daily)
DTWEXBGS,2021-10-05,114.3654,Trade Weighted US Dollar Index (Daily)
DTWEXBGS,2021-10-06,114.7185,Trade Weighted US Dollar Index (Daily)
DTWEXBGS,2021-10-07,114.5044,Trade Weighted US Dollar Index (Daily)
DTWEXBGS,2021-10-08,114.5986,Trade Weighted US Dollar Index (Daily)
DTWEXBGS,2021-10-12,114.7542,Trade Weighted US Dollar Index (Daily)
DTWEXBGS,2021-10-13,114.4705,Trade Weighted US Dollar Index (Daily)
DTWEXBGS,2021-10-14,114.2053,Trade Weighted US Dollar Index (Daily)
DTWEXBGS,2021-10-15,114.0905,Trade Weighted US Dollar Index (Daily)
DTWEXBGS,2021-10-18,113.9899,Trade Weighted US Dollar Index (Daily)
DTWEXBGS,2021-10-19,113.647,Trade Weighted US Dollar Index (Daily)
DTWEXBGS,2021-10-20,113.5083,Trade Weighted US Dollar Index (Daily)
DTWEXBGS,2021-10-21,113.6188,Trade Weighted US Dollar Index (Daily)
DTWEXBGS,2021-10-22,113.67,Trade Weighted US Dollar Index (Daily)
DTWEXBGS,2021-10-25,113.605,Trade Weighted US Dollar Index (Daily)
DTWEXBGS,2021-10-26,113.674,Trade Weighted US Dollar Index (Daily)
DTWEXBGS,2021-10-27,113.6218,Trade Weighted US Dollar Index (Daily)
DTWEXBGS,2021-10-28,113.4389,Trade Weighted US Dollar Index (Daily)
DTWEXBGS,2021-10-29,114.1349,Trade Weighted US Dollar Index (Daily)
DTWEXBGS,2021-11-01,114.2067,Trade Weighted US Dollar Index (Daily)
DTWEXBGS,2021-11-02,114.2847,Trade Weighted US Dollar Index (Daily)
DTWEXBGS,2021-11-03,114.3593,Trade Weighted US Dollar Index (Daily)
DTWEXBGS,2021-11-04,114.3558,Trade Weighted US Dollar Index (Daily)
DTWEXBGS,2021-11-05,114.0732,Trade Weighted US Dollar Index (Daily)
DTWEXBGS,2021-11-08,113.8256,Trade Weighted US Dollar Index (Daily)
DTWEXBGS,2021-11-09,113.762,Trade Weighted US Dollar Index (Daily)
DTWEXBGS,2021-11-10,114.1484,Trade Weighted US Dollar Index (Daily)
DTWEXBGS,2021-11-12,114.5144,Trade Weighted US Dollar Index (Daily)
DTWEXBGS,2021-11-15,114.5876,Trade Weighted US Dollar Index (Daily)
DTWEXBGS,2021-11-16,115.136,Trade Weighted US Dollar Index (Daily)
DTWEXBGS,2021-11-17,115.0263,Trade Weighted US Dollar Index (Daily)
DTWEXBGS,2021-11-18,115.0678,Trade Weighted US Dollar Index (Daily)
DTWEXBGS,2021-11-19,115.2187,Trade Weighted US Dollar Index (Daily)
DTWEXBGS,2021-11-22,115.6481,Trade Weighted US Dollar Index (Daily)
DTWEXBGS,2021-11-23,116.0118,Trade Weighted US Dollar Index (Daily)
DTWEXBGS,2021-11-24,116.2711,Trade Weighted US Dollar Index (Daily)
DTWEXBGS,2021-11-26,116.5103,Trade Weighted US Dollar Index (Daily)
DTWEXBGS,2021-11-29,116.581,Trade Weighted US Dollar Index (Daily)
DTWEXBGS,2021-11-30,116.2071,Trade Weighted US Dollar Index (Daily)
DTWEXBGS,2021-12-01,115.889,Trade Weighted US Dollar Index (Daily)
DTWEXBGS,2021-12-02,116.018,Trade Weighted US Dollar Index (Daily)
DTWEXBGS,2021-12-03,116.2377,Trade Weighted US Dollar Index (Daily)
DTWEXBGS,2021-12-06,116.1538,Trade Weighted US Dollar Index (Daily)
DTWEXBGS,2021-12-07,115.8555,Trade Weighted US Dollar Index (Daily)
DTWEXBGS,2021-12-08,115.4418,Trade Weighted US Dollar Index (Daily)
DTWEXBGS,2021-12-09,115.7784,Trade Weighted US Dollar Index (Daily)
DTWEXBGS,2021-12-10,115.5732,Trade Weighted US Dollar Index (Daily)
DTWEXBGS,2021-12-13,115.842,Trade Weighted US Dollar Index (Daily)
DTWEXBGS,2021-12-14,116.2397,Trade Weighted US Dollar Index (Daily)
DTWEXBGS,2021-12-15,116.4219,Trade Weighted US Dollar Index (Daily)
DTWEXBGS,2021-12-16,115.7146,Trade Weighted US Dollar Index (Daily)
DTWEXBGS,2021-12-17,115.791,Trade Weighted US Dollar Index (Daily)
DTWEXBGS,2021-12-20,116.0092,Trade Weighted US Dollar Index (Daily)
DTWEXBGS,2021-12-21,116.1089,Trade Weighted US Dollar Index (Daily)
DTWEXBGS,2021-12-22,115.7485,Trade Weighted US Dollar Index (Daily)
DTWEXBGS,2021-12-23,115.5337,Trade Weighted US Dollar Index (Daily)
DTWEXBGS,2021-12-27,115.4684,Trade Weighted US Dollar Index (Daily)
DTWEXBGS,2021-12-28,115.4192,Trade Weighted US Dollar Index (Daily)
DTWEXBGS,2021-12-29,115.3678,Trade Weighted US Dollar Index (Daily)
DTWEXBGS,2021-12-30,115.283,Trade Weighted US Dollar Index (Daily)
DTWEXBGS,2022-01-03,115.4101,Trade Weighted US Dollar Index (Daily)
DTWEXBGS,2022-01-04,115.3103,Trade Weighted US Dollar Index (Daily)
DTWEXBGS,2022-01-05,115.137,Trade Weighted US Dollar Index (Daily)
DTWEXBGS,2022-01-06,115.4046,Trade Weighted US Dollar Index (Daily)
DTWEXBGS,2022-01-07,115.0451,Trade Weighted US Dollar Index (Daily)
DTWEXBGS,2022-01-10,115.2216,Trade Weighted US Dollar Index (Daily)
DTWEXBGS,2022-01-11,114.8332,Trade Weighted US Dollar Index (Daily)
DTWEXBGS,2022-01-12,114.355,Trade Weighted US Dollar Index (Daily)
DTWEXBGS,2022-01-13,114.177,Trade Weighted US Dollar Index (Daily)
DTWEXBGS,2022-01-14,114.3825,Trade Weighted US Dollar Index (Daily)
DTWEXBGS,2022-01-18,114.7373,Trade Weighted US Dollar Index (Daily)
DTWEXBGS,2022-01-19,114.6109,Trade Weighted US Dollar Index (Daily)
DTWEXBGS,2022-01-20,114.4642,Trade Weighted US Dollar Index (Daily)
DTWEXBGS,2022-01-21,114.6125,Trade Weighted US Dollar Index (Daily)
DTWEXBGS,2022-01-24,115.2034,Trade Weighted US Dollar Index (Daily)
DTWEXBGS,2022-01-25,115.1654,Trade Weighted US Dollar Index (Daily)
DTWEXBGS,2022-01-26,115.0922,Trade Weighted US Dollar Index (Daily)
DTWEXBGS,2022-01-27,115.978,Trade Weighted US Dollar Index (Daily)
DTWEXBGS,2022-01-28,116.0393,Trade Weighted US Dollar Index (Daily)
DTWEXBGS,2022-01-31,115.566,Trade Weighted US Dollar Index (Daily)
DTWEXBGS,2022-02-01,115.3685,Trade Weighted US Dollar Index (Daily)
DTWEXBGS,2022-02-02,115.1538,Trade Weighted US Dollar Index (Daily)
DTWEXBGS,2022-02-03,114.9065,Trade Weighted US Dollar Index (Daily)
DTWEXBGS,2022-02-04,115.1362,Trade Weighted US Dollar Index (Daily)
DTWEXBGS,2022-02-07,115.0098,Trade Weighted US Dollar Index (Daily)
DTWEXBGS,2022-02-08,115.0892,Trade Weighted US Dollar Index (Daily)
DTWEXBGS,2022-02-09,114.8232,Trade Weighted US Dollar Index (Daily)
DTWEXBGS,2022-02-10,114.5527,Trade Weighted US Dollar Index (Daily)
DTWEXBGS,2022-02-11,114.8413,Trade Weighted US Dollar Index (Daily)
DTWEXBGS,2022-02-14,115.1946,Trade Weighted US Dollar Index (Daily)
DTWEXBGS,2022-02-15,114.93,Trade Weighted US Dollar Index (Daily)
DTWEXBGS,2022-02-16,114.6886,Trade Weighted US Dollar Index (Daily)
DTWEXBGS,2022-02-17,114.6755,Trade Weighted US Dollar Index (Daily)
DTWEXBGS,2022-02-18,114.7982,Trade Weighted US Dollar Index (Daily)
DTWEXBGS,2022-02-22,114.7002,Trade Weighted US Dollar Index (Daily)
DTWEXBGS,2022-02-23,114.6668,Trade Weighted US Dollar Index (Daily)
DTWEXBGS,2022-02-24,115.9419,Trade Weighted US Dollar Index (Daily)
DTWEXBGS,2022-02-25,115.2577,Trade Weighted US Dollar Index (Daily)
DTWEXBGS,2022-02-28,115.2224,Trade Weighted US Dollar Index (Daily)
DTWEXBGS,2022-03-01,115.7962,Trade Weighted US Dollar Index (Daily)
DTWEXBGS,2022-03-02,115.7623,Trade Weighted US Dollar Index (Daily)
DTWEXBGS,2022-03-03,115.9495,Trade Weighted US Dollar Index (Daily)
DTWEXBGS,2022-03-04,116.6503,Trade Weighted US Dollar Index (Daily)
DTWEXBGS,2022-03-07,117.3278,Trade Weighted US Dollar Index (Daily)
DTWEXBGS,2022-03-08,117.6176,Trade Weighted US Dollar Index (Daily)
DTWEXBGS,2022-03-09,116.5961,Trade Weighted US Dollar Index (Daily)
DTWEXBGS,2022-03-10,116.7401,Trade Weighted US Dollar Index (Daily)
DTWEXBGS,2022-03-11,117.0192,Trade Weighted US Dollar Index (Daily)
DTWEXBGS,2022-03-14,117.1506,Trade Weighted US Dollar Index (Daily)
DTWEXBGS,2022-03-15,117.246,Trade Weighted US Dollar Index (Daily)
DTWEXBGS,2022-03-16,116.8073,Trade Weighted US Dollar Index (Daily)
DTWEXBGS,2022-03-17,116.0467,Trade Weighted US Dollar Index (Daily)
DTWEXBGS,2022-03-18,116.1378,Trade Weighted US Dollar Index (Daily)
DTWEXBGS,2022-03-21,115.9398,Trade Weighted US Dollar Index (Daily)
DTWEXBGS,2022-03-22,116.0824,Trade Weighted US Dollar Index (Daily)
DTWEXBGS,2022-03-23,116.005,Trade Weighted US Dollar Index (Daily)
DTWEXBGS,2022-03-24,115.9599,Trade Weighted US Dollar Index (Daily)
DTWEXBGS,2022-03-25,115.7921,Trade Weighted US Dollar Index (Daily)
DTWEXBGS,2022-03-28,116.1911,Trade Weighted US Dollar Index (Daily)
DTWEXBGS,2022-03-29,115.5679,Trade Weighted US Dollar Index (Daily)
DTWEXBGS,2022-03-30,115.0818,Trade Weighted US Dollar Index (Daily)
DTWEXBGS,2022-03-31,115.2218,Trade Weighted US Dollar Index (Daily)
DTWEXBGS,2022-04-01,115.4814,Trade Weighted US Dollar Index (Daily)
DTWEXBGS,2022-04-04,115.4112,Trade Weighted US Dollar Index (Daily)
DTWEXBGS,2022-04-05,115.73,Trade Weighted US Dollar Index (Daily)
DTWEXBGS,2022-04-06,115.9995,Trade Weighted US Dollar Index (Daily)
DTWEXBGS,2022-04-07,116.3512,Trade Weighted US Dollar Index (Daily)
DTWEXBGS,2022-04-08,116.4176,Trade Weighted US Dollar Index (Daily)
DTWEXBGS,2022-04-11,116.5401,Trade Weighted US Dollar Index (Daily)
DTWEXBGS,2022-04-12,116.3866,Trade Weighted US Dollar Index (Daily)
DTWEXBGS,2022-04-13,116.2796,Trade Weighted US Dollar Index (Daily)
DTWEXBGS,2022-04-14,116.7558,Trade Weighted US Dollar Index (Daily)
DTWEXBGS,2022-04-15,116.7017,Trade Weighted US Dollar Index (Daily)
DTWEXBGS,2022-04-18,116.8441,Trade Weighted US Dollar Index (Daily)
DTWEXBGS,2022-04-19,117.1324,Trade Weighted US Dollar Index (Daily)
DTWEXBGS,2022-04-20,116.7306,Trade Weighted US Dollar Index (Daily)
DTWEXBGS,2022-04-21,117.1432,Trade Weighted US Dollar Index (Daily)
DTWEXBGS,2022-04-22,118.0186,Trade Weighted US Dollar Index (Daily)
DTWEXBGS,2022-04-25,118.6271,Trade Weighted US Dollar Index (Daily)
DTWEXBGS,2022-04-26,118.9624,Trade Weighted US Dollar Index (Daily)
DTWEXBGS,2022-04-27,119.4708,Trade Weighted US Dollar Index (Daily)
DTWEXBGS,2022-04-28,120.0675,Trade Weighted US Dollar Index (Daily)
DTWEXBGS,2022-04-29,119.4933,Trade Weighted US Dollar Index (Daily)
DTWEXBGS,2022-05-02,119.8825,Trade Weighted US Dollar Index (Daily)
DTWEXBGS,2022-05-03,119.7043,Trade Weighted US Dollar Index (Daily)
DTWEXBGS,2022-05-04,119.5592,Trade Weighted US Dollar Index (Daily)
DTWEXBGS,2022-05-05,120.0068,Trade Weighted US Dollar Index (Daily)
DTWEXBGS,2022-05-06,119.8577,Trade Weighted US Dollar Index (Daily)
DTWEXBGS,2022-05-09,120.4972,Trade Weighted US Dollar Index (Daily)
DTWEXBGS,2022-05-10,120.7742,Trade Weighted US Dollar Index (Daily)
DTWEXBGS,2022-05-11,120.3925,Trade Weighted US Dollar Index (Daily)
DTWEXBGS,2022-05-12,121.2796,Trade Weighted US Dollar Index (Daily)
DTWEXBGS,2022-05-13,120.8442,Trade Weighted US Dollar Index (Daily)
DTWEXBGS,2022-05-16,120.6881,Trade Weighted US Dollar Index (Daily)
DTWEXBGS,2022-05-17,119.8871,Trade Weighted US Dollar Index (Daily)
DTWEXBGS,2022-05-18,120.0274,Trade Weighted US Dollar Index (Daily)
DTWEXBGS,2022-05-19,119.4278,Trade Weighted US Dollar Index (Daily)
DTWEXBGS,2022-05-20,119.3677,Trade Weighted US Dollar Index (Daily)
DTWEXBGS,2022-05-23,118.7169,Trade Weighted US Dollar Index (Daily)
DTWEXBGS,2022-05-24,118.6245,Trade Weighted US Dollar Index (Daily)
DTWEXBGS,2022-05-25,118.9598,Trade Weighted US Dollar Index (Daily)
DTWEXBGS,2022-05-26,118.7687,Trade Weighted US Dollar Index (Daily)
DTWEXBGS,2022-05-27,118.2834,Trade Weighted US Dollar Index (Daily)
DTWEXBGS,2022-05-31,118.0704,Trade Weighted US Dollar Index (Daily)
DTWEXBGS,2022-06-01,118.6954,Trade Weighted US Dollar Index (Daily)
DTWEXBGS,2022-06-02,118.0658,Trade Weighted US Dollar Index (Daily)
DTWEXBGS,2022-06-03,118.2153,Trade Weighted US Dollar Index (Daily)
DTWEXBGS,2022-06-06,118.3081,Trade Weighted US Dollar Index (Daily)
DTWEXBGS,2022-06-07,118.4414,Trade Weighted US Dollar Index (Daily)
DTWEXBGS,2022-06-08,118.3951,Trade Weighted US Dollar Index (Daily)
DTWEXBGS,2022-06-09,118.9226,Trade Weighted US Dollar Index (Daily)
DTWEXBGS,2022-06-10,119.9981,Trade Weighted US Dollar Index (Daily)
DTWEXBGS,2022-06-13,121.1523,Trade Weighted US Dollar Index (Daily)
DTWEXBGS,2022-06-14,121.6669,Trade Weighted US Dollar Index (Daily)
DTWEXBGS,2022-06-15,121.6403,Trade Weighted US Dollar Index (Daily)
DTWEXBGS,2022-06-16,120.6714,Trade Weighted US Dollar Index (Daily)
DTWEXBGS,2022-06-17,121.2369,Trade Weighted US Dollar Index (Daily)
DTWEXBGS,2022-06-21,120.6427,Trade Weighted US Dollar Index (Daily)
DTWEXBGS,2022-06-22,120.5197,Trade Weighted US Dollar Index (Daily)
DTWEXBGS,2022-06-23,120.7622,Trade Weighted US Dollar Index (Daily)
DTWEXBGS,2022-06-24,120.4853,Trade Weighted US Dollar Index (Daily)
DTWEXBGS,2022-06-27,120.1736,Trade Weighted US Dollar Index (Daily)
DTWEXBGS,2022-06-28,120.62,Trade Weighted US Dollar Index (Daily)
DTWEXBGS,2022-06-29,120.9616,Trade Weighted US Dollar Index (Daily)
DTWEXBGS,2022-06-30,120.9652,Trade Weighted US Dollar Index (Daily)
DTWEXBGS,2022-07-01,121.5058,Trade Weighted US Dollar Index (Daily)
DTWEXBGS,2022-07-05,122.6203,Trade Weighted US Dollar Index (Daily)
DTWEXBGS,2022-07-06,123.0073,Trade Weighted US Dollar Index (Daily)
DTWEXBGS,2022-07-07,122.7257,Trade Weighted US Dollar Index (Daily)
DTWEXBGS,2022-07-08,122.4662,Trade Weighted US Dollar Index (Daily)
DTWEXBGS,2022-07-11,123.2974,Trade Weighted US Dollar Index (Daily)
DTWEXBGS,2022-07-12,123.4524,Trade Weighted US Dollar Index (Daily)
DTWEXBGS,2022-07-13,123.2834,Trade Weighted US Dollar Index (Daily)
DTWEXBGS,2022-07-14,124.0622,Trade Weighted US Dollar Index (Daily)
DTWEXBGS,2022-07-15,123.4765,Trade Weighted US Dollar Index (Daily)
DTWEXBGS,2022-07-18,122.7727,Trade Weighted US Dollar Index (Daily)
DTWEXBGS,2022-07-19,122.4819,Trade Weighted US Dollar Index (Daily)
DTWEXBGS,2022-07-20,122.5997,Trade Weighted US Dollar Index (Daily)
DTWEXBGS,2022-07-21,122.9032,Trade Weighted US Dollar Index (Daily)
DTWEXBGS,2022-07-22,122.451,Trade Weighted US Dollar Index (Daily)
DTWEXBGS,2022-07-25,122.4594,Trade Weighted US Dollar Index (Daily)
DTWEXBGS,2022-07-26,122.7581,Trade Weighted US Dollar Index (Daily)
DTWEXBGS,2022-07-27,122.8169,Trade Weighted US Dollar Index (Daily)
DTWEXBGS,2022-07-28,122.1161,Trade Weighted US Dollar Index (Daily)
DTWEXBGS,2022-07-29,121.7678,Trade Weighted US Dollar Index (Daily)
DTWEXBGS,2022-08-01,121.4109,Trade Weighted US Dollar Index (Daily)
DTWEXBGS,2022-08-02,121.9486,Trade Weighted US Dollar Index (Daily)
DTWEXBGS,2022-08-03,122.3888,Trade Weighted US Dollar Index (Daily)
DTWEXBGS,2022-08-04,121.8333,Trade Weighted US Dollar Index (Daily)
DTWEXBGS,2022-08-05,122.321,Trade Weighted US Dollar Index (Daily)
DTWEXBGS,2022-08-08,121.8783,Trade Weighted US Dollar Index (Daily)
DTWEXBGS,2022-08-09,121.8614,Trade Weighted US Dollar Index (Daily)
DTWEXBGS,2022-08-10,120.7543,Trade Weighted US Dollar Index (Daily)
DTWEXBGS,2022-08-11,120.7163,Trade Weighted US Dollar Index (Daily)
DTWEXBGS,2022-08-12,121.018,Trade Weighted US Dollar Index (Daily)
DTWEXBGS,2022-08-15,121.4315,Trade Weighted US Dollar Index (Daily)
DTWEXBGS,2022-08-16,121.6807,Trade Weighted US Dollar Index (Daily)
DTWEXBGS,2022-08-17,122.0711,Trade Weighted US Dollar Index (Daily)
DTWEXBGS,2022-08-18,122.3627,Trade Weighted US Dollar Index (Daily)
DTWEXBGS,2022-08-19,123.0501,Trade Weighted US Dollar Index (Daily)
DTWEXBGS,2022-08-22,123.605,Trade Weighted US Dollar Index (Daily)
DTWEXBGS,2022-08-23,123.0547,Trade Weighted US Dollar Index (Daily)
DTWEXBGS,2022-08-24,123.109,Trade Weighted US Dollar Index (Daily)
DTWEXBGS,2022-08-25,123.0586,Trade Weighted US Dollar Index (Daily)
DTWEXBGS,2022-08-26,123.0656,Trade Weighted US Dollar Index (Daily)
DTWEXBGS,2022-08-29,123.4686,Trade Weighted US Dollar Index (Daily)
DTWEXBGS,2022-08-30,123.6848,Trade Weighted US Dollar Index (Daily)
DTWEXBGS,2022-08-31,123.535,Trade Weighted US Dollar Index (Daily)
DTWEXBGS,2022-09-01,124.4006,Trade Weighted US Dollar Index (Daily)
DTWEXBGS,2022-09-02,123.7743,Trade Weighted US Dollar Index (Daily)
DTWEXBGS,2022-09-06,124.767,Trade Weighted US Dollar Index (Daily)
DTWEXBGS,2022-09-07,124.8408,Trade Weighted US Dollar Index (Daily)
DTWEXBGS,2022-09-08,124.578,Trade Weighted US Dollar Index (Daily)
DTWEXBGS,2022-09-09,123.7874,Trade Weighted US Dollar Index (Daily)
DTWEXBGS,2022-09-12,123.3332,Trade Weighted US Dollar Index (Daily)
DTWEXBGS,2022-09-13,124.4242,Trade Weighted US Dollar Index (Daily)
DTWEXBGS,2022-09-14,124.4509,Trade Weighted US Dollar Index (Daily)
DTWEXBGS,2022-09-15,124.8843,Trade Weighted US Dollar Index (Daily)
DTWEXBGS,2022-09-16,124.8794,Trade Weighted US Dollar Index (Daily)
DTWEXBGS,2022-09-19,125.0104,Trade Weighted US Dollar Index (Daily)
DTWEXBGS,2022-09-20,125.1248,Trade Weighted US Dollar Index (Daily)
DTWEXBGS,2022-09-21,125.7399,Trade Weighted US Dollar Index (Daily)
DTWEXBGS,2022-09-22,126.1667,Trade Weighted US Dollar Index (Daily)
DTWEXBGS,2022-09-23,127.2853,Trade Weighted US Dollar Index (Daily)
DTWEXBGS,2022-09-26,128.4539,Trade Weighted US Dollar Index (Daily)
DTWEXBGS,2022-09-27,128.4386,Trade Weighted US Dollar Index (Daily)
DTWEXBGS,2022-09-28,128.0884,Trade Weighted US Dollar Index (Daily)
DTWEXBGS,2022-09-29,127.5437,Trade Weighted US Dollar Index (Daily)
DTWEXBGS,2022-09-30,127.5148,Trade Weighted US Dollar Index (Daily)
DTWEXBGS,2022-10-03,127.0813,Trade Weighted US Dollar Index (Daily)
DTWEXBGS,2022-10-04,126.1819,Trade Weighted US Dollar Index (Daily)
DTWEXBGS,2022-10-05,126.8616,Trade Weighted US Dollar Index (Daily)
DTWEXBGS,2022-10-06,127.2493,Trade Weighted US Dollar Index (Daily)
DTWEXBGS,2022-10-07,127.3111,Trade Weighted US Dollar Index (Daily)
DTWEXBGS,2022-10-11,127.6641,Trade Weighted US Dollar Index (Daily)
DTWEXBGS,2022-10-12,128.1481,Trade Weighted US Dollar Index (Daily)
DTWEXBGS,2022-10-13,127.7286,Trade Weighted US Dollar Index (Daily)
DTWEXBGS,2022-10-14,128.3325,Trade Weighted US Dollar Index (Daily)
DTWEXBGS,2022-10-17,127.6448,Trade Weighted US Dollar Index (Daily)
DTWEXBGS,2022-10-18,127.9153,Trade Weighted US Dollar Index (Daily)
DTWEXBGS,2022-10-19,128.3968,Trade Weighted US Dollar Index (Daily)
DTWEXBGS,2022-10-20,128.0052,Trade Weighted US Dollar Index (Daily)
DTWEXBGS,2022-10-21,127.6735,Trade Weighted US Dollar Index (Daily)
DTWEXBGS,2022-10-24,128.0304,Trade Weighted US Dollar Index (Daily)
DTWEXBGS,2022-10-25,127.3771,Trade Weighted US Dollar Index (Daily)
DTWEXBGS,2022-10-26,126.4723,Trade Weighted US Dollar Index (Daily)
DTWEXBGS,2022-10-27,126.7028,Trade Weighted US Dollar Index (Daily)
DTWEXBGS,2022-10-28,127.2135,Trade Weighted US Dollar Index (Daily)
DTWEXBGS,2022-10-31,127.6219,Trade Weighted US Dollar Index (Daily)
DTWEXBGS,2022-11-01,127.3987,Trade Weighted US Dollar Index (Daily)
DTWEXBGS,2022-11-02,127.3115,Trade Weighted US Dollar Index (Daily)
DTWEXBGS,2022-11-03,128.1743,Trade Weighted US Dollar Index (Daily)
DTWEXBGS,2022-11-04,127.1468,Trade Weighted US Dollar Index (Daily)
DTWEXBGS,2022-11-07,126.3062,Trade Weighted US Dollar Index (Daily)
DTWEXBGS,2022-11-08,125.633,Trade Weighted US Dollar Index (Daily)
DTWEXBGS,2022-11-09,125.9861,Trade Weighted US Dollar Index (Daily)
DTWEXBGS,2022-11-10,124.7044,Trade Weighted US Dollar Index (Daily)
DTWEXBGS,2022-11-14,123.4277,Trade Weighted US Dollar Index (Daily)
DTWEXBGS,2022-11-15,123.039,Trade Weighted US Dollar Index (Daily)
DTWEXBGS,2022-11-16,123.2817,Trade Weighted US Dollar Index (Daily)
DTWEXBGS,2022-11-17,123.977,Trade Weighted US Dollar Index (Daily)
DTWEXBGS,2022-11-18,123.8524,Trade Weighted US Dollar Index (Daily)
DTWEXBGS,2022-11-21,124.7009,Trade Weighted US Dollar Index (Daily)
DTWEXBGS,2022-11-22,124.2365,Trade Weighted US Dollar Index (Daily)
DTWEXBGS,2022-11-23,123.7574,Trade Weighted US Dollar Index (Daily)
DTWEXBGS,2022-11-25,123.3386,Trade Weighted US Dollar Index (Daily)
DTWEXBGS,2022-11-28,123.6032,Trade Weighted US Dollar Index (Daily)
DTWEXBGS,2022-11-29,123.6615,Trade Weighted US Dollar Index (Daily)
DTWEXBGS,2022-11-30,123.5175,Trade Weighted US Dollar Index (Daily)
DTWEXBGS,2022-12-01,122.0045,Trade Weighted US Dollar Index (Daily)
DTWEXBGS,2022-12-02,122.0102,Trade Weighted US Dollar Index (Daily)
DTWEXBGS,2022-12-05,122.6384,Trade Weighted US Dollar Index (Daily)
DTWEXBGS,2022-12-06,123.0191,Trade Weighted US Dollar Index (Daily)
DTWEXBGS,2022-12-07,122.7608,Trade Weighted US Dollar Index (Daily)
DTWEXBGS,2022-12-08,122.4152,Trade Weighted US Dollar Index (Daily)
DTWEXBGS,2022-12-09,122.4201,Trade Weighted US Dollar Index (Daily)
DTWEXBGS,2022-12-12,122.7714,Trade Weighted US Dollar Index (Daily)
DTWEXBGS,2022-12-13,121.8493,Trade Weighted US Dollar Index (Daily)
DTWEXBGS,2022-12-14,121.8226,Trade Weighted US Dollar Index (Daily)
DTWEXBGS,2022-12-15,122.5519,Trade Weighted US Dollar Index (Daily)
DTWEXBGS,2022-12-16,122.6505,Trade Weighted US Dollar Index (Daily)
DTWEXBGS,2022-12-19,122.5275,Trade Weighted US Dollar Index (Daily)
DTWEXBGS,2022-12-20,122.1357,Trade Weighted US Dollar Index (Daily)
DTWEXBGS,2022-12-21,122.2828,Trade Weighted US Dollar Index (Daily)
DTWEXBGS,2022-12-22,122.2419,Trade Weighted US Dollar Index (Daily)
DTWEXBGS,2022-12-23,121.9743,Trade Weighted US Dollar Index (Daily)
DTWEXBGS,2022-12-27,121.7539,Trade Weighted US Dollar Index (Daily)
DTWEXBGS,2022-12-28,122.0075,Trade Weighted US Dollar Index (Daily)
DTWEXBGS,2022-12-29,121.6577,Trade Weighted US Dollar Index (Daily)
DTWEXBGS,2022-12-30,121.4256,Trade Weighted US Dollar Index (Daily)
DTWEXBGS,2023-01-03,122.0905,Trade Weighted US Dollar Index (Daily)
DTWEXBGS,2023-01-04,121.5008,Trade Weighted US Dollar Index (Daily)
DTWEXBGS,2023-01-05,122.1017,Trade Weighted US Dollar Index (Daily)
DTWEXBGS,2023-01-06,121.0852,Trade Weighted US Dollar Index (Daily)
DTWEXBGS,2023-01-09,120.1508,Trade Weighted US Dollar Index (Daily)
DTWEXBGS,2023-01-10,120.2483,Trade Weighted US Dollar Index (Daily)
DTWEXBGS,2023-01-11,120.1614,Trade Weighted US Dollar Index (Daily)
DTWEXBGS,2023-01-12,119.4218,Trade Weighted US Dollar Index (Daily)
DTWEXBGS,2023-01-13,119.1673,Trade Weighted US Dollar Index (Daily)
DTWEXBGS,2023-01-17,119.2121,Trade Weighted US Dollar Index (Daily)
DTWEXBGS,2023-01-18,119.0755,Trade Weighted US Dollar Index (Daily)
DTWEXBGS,2023-01-19,119.6107,Trade Weighted US Dollar Index (Daily)
DTWEXBGS,2023-01-20,119.3486,Trade Weighted US Dollar Index (Daily)
DTWEXBGS,2023-01-23,119.1434,Trade Weighted US Dollar Index (Daily)
DTWEXBGS,2023-01-24,119.0958,Trade Weighted US Dollar Index (Daily)
DTWEXBGS,2023-01-25,118.9686,Trade Weighted US Dollar Index (Daily)
DTWEXBGS,2023-01-26,119.021,Trade Weighted US Dollar Index (Daily)
DTWEXBGS,2023-01-27,118.9223,Trade Weighted US Dollar Index (Daily)
DTWEXBGS,2023-01-30,118.8953,Trade Weighted US Dollar Index (Daily)
DTWEXBGS,2023-01-31,118.9802,Trade Weighted US Dollar Index (Daily)
DTWEXBGS,2023-02-01,118.6259,Trade Weighted US Dollar Index (Daily)
DTWEXBGS,2023-02-02,118.3421,Trade Weighted US Dollar Index (Daily)
DTWEXBGS,2023-02-03,119.5095,Trade Weighted US Dollar Index (Daily)
DTWEXBGS,2023-02-06,120.541,Trade Weighted US Dollar Index (Daily)
DTWEXBGS,2023-02-07,120.3475,Trade Weighted US Dollar Index (Daily)
DTWEXBGS,2023-02-08,120.1436,Trade Weighted US Dollar Index (Daily)
DTWEXBGS,2023-02-09,119.9781,Trade Weighted US Dollar Index (Daily)
DTWEXBGS,2023-02-10,120.1419,Trade Weighted US Dollar Index (Daily)
DTWEXBGS,2023-02-13,119.9828,Trade Weighted US Dollar Index (Daily)
DTWEXBGS,2023-02-14,119.9229,Trade Weighted US Dollar Index (Daily)
DTWEXBGS,2023-02-15,120.4557,Trade Weighted US Dollar Index (Daily)
DTWEXBGS,2023-02-16,120.4651,Trade Weighted US Dollar Index (Daily)
DTWEXBGS,2023-02-17,120.5526,Trade Weighted US Dollar Index (Daily)
DTWEXBGS,2023-02-21,120.6256,Trade Weighted US Dollar Index (Daily)
DTWEXBGS,2023-02-22,120.8389,Trade Weighted US Dollar Index (Daily)
DTWEXBGS,2023-02-23,121.0896,Trade Weighted US Dollar Index (Daily)
DTWEXBGS,2023-02-24,121.5681,Trade Weighted US Dollar Index (Daily)
DTWEXBGS,2023-02-27,121.3941,Trade Weighted US Dollar Index (Daily)
DTWEXBGS,2023-02-28,121.3341,Trade Weighted US Dollar Index (Daily)
DTWEXBGS,2023-03-01,120.6347,Trade Weighted US Dollar Index (Daily)
DTWEXBGS,2023-03-02,121.1302,Trade Weighted US Dollar Index (Daily)
DTWEXBGS,2023-03-03,120.7742,Trade Weighted US Dollar Index (Daily)
DTWEXBGS,2023-03-06,120.485,Trade Weighted US Dollar Index (Daily)
DTWEXBGS,2023-03-07,121.4623,Trade Weighted US Dollar Index (Daily)
DTWEXBGS,2023-03-08,121.4511,Trade Weighted US Dollar Index (Daily)
DTWEXBGS,2023-03-09,121.4458,Trade Weighted US Dollar Index (Daily)
DTWEXBGS,2023-03-10,121.2421,Trade Weighted US Dollar Index (Daily)
DTWEXBGS,2023-03-13,120.8897,Trade Weighted US Dollar Index (Daily)
DTWEXBGS,2023-03-14,121.0141,Trade Weighted US Dollar Index (Daily)
DTWEXBGS,2023-03-15,122.1079,Trade Weighted US Dollar Index (Daily)
DTWEXBGS,2023-03-16,121.7221,Trade Weighted US Dollar Index (Daily)
DTWEXBGS,2023-03-17,121.5643,Trade Weighted US Dollar Index (Daily)
DTWEXBGS,2023-03-20,121.0141,Trade Weighted US Dollar Index (Daily)
DTWEXBGS,2023-03-21,120.8958,Trade Weighted US Dollar Index (Daily)
DTWEXBGS,2023-03-22,120.6217,Trade Weighted US Dollar Index (Daily)
DTWEXBGS,2023-03-23,119.7587,Trade Weighted US Dollar Index (Daily)
DTWEXBGS,2023-03-24,120.4598,Trade Weighted US Dollar Index (Daily)
DTWEXBGS,2023-03-27,120.2541,Trade Weighted US Dollar Index (Daily)
DTWEXBGS,2023-03-28,119.7138,Trade Weighted US Dollar Index (Daily)
DTWEXBGS,2023-03-29,119.7258,Trade Weighted US Dollar Index (Daily)
DTWEXBGS,2023-03-30,119.4078,Trade Weighted US Dollar Index (Daily)
DTWEXBGS,2023-03-31,119.3602,Trade Weighted US Dollar Index (Daily)
DTWEXBGS,2023-04-03,119.3204,Trade Weighted US Dollar Index (Daily)
DTWEXBGS,2023-04-04,119.142,Trade Weighted US Dollar Index (Daily)
DTWEXBGS,2023-04-05,119.2953,Trade Weighted US Dollar Index (Daily)
DTWEXBGS,2023-04-06,119.3072,Trade Weighted US Dollar Index (Daily)
DTWEXBGS,2023-04-07,119.3547,Trade Weighted US Dollar Index (Daily)
DTWEXBGS,2023-04-10,119.7948,Trade Weighted US Dollar Index (Daily)
DTWEXBGS,2023-04-11,119.5248,Trade Weighted US Dollar Index (Daily)
DTWEXBGS,2023-04-12,119.003,Trade Weighted US Dollar Index (Daily)
DTWEXBGS,2023-04-13,118.3915,Trade Weighted US Dollar Index (Daily)
DTWEXBGS,2023-04-14,118.8567,Trade Weighted US Dollar Index (Daily)
DTWEXBGS,2023-04-17,119.2787,Trade Weighted US Dollar Index (Daily)
DTWEXBGS,2023-04-18,119.1049,Trade Weighted US Dollar Index (Daily)
DTWEXBGS,2023-04-19,119.303,Trade Weighted US Dollar Index (Daily)
DTWEXBGS,2023-04-20,119.1199,Trade Weighted US Dollar Index (Daily)
DTWEXBGS,2023-04-21,119.3117,Trade Weighted US Dollar Index (Daily)
DTWEXBGS,2023-04-24,119.2039,Trade Weighted US Dollar Index (Daily)
DTWEXBGS,2023-04-25,119.613,Trade Weighted US Dollar Index (Daily)
DTWEXBGS,2023-04-26,119.3228,Trade Weighted US Dollar Index (Daily)
DTWEXBGS,2023-04-27,119.4298,Trade Weighted US Dollar Index (Daily)
DTWEXBGS,2023-04-28,119.2248,Trade Weighted US Dollar Index (Daily)
DTWEXBGS,2023-05-01,119.4435,Trade Weighted US Dollar Index (Daily)
DTWEXBGS,2023-05-02,119.6105,Trade Weighted US Dollar Index (Daily)
DTWEXBGS,2023-05-03,119.1233,Trade Weighted US Dollar Index (Daily)
DTWEXBGS,2023-05-04,119.0465,Trade Weighted US Dollar Index (Daily)
DTWEXBGS,2023-05-05,118.5548,Trade Weighted US Dollar Index (Daily)
DTWEXBGS,2023-05-08,118.5759,Trade Weighted US Dollar Index (Daily)
DTWEXBGS,2023-05-09,118.8239,Trade Weighted US Dollar Index (Daily)
DTWEXBGS,2023-05-10,118.5864,Trade Weighted US Dollar Index (Daily)
DTWEXBGS,2023-05-11,119.0303,Trade Weighted US Dollar Index (Daily)
DTWEXBGS,2023-05-12,119.3671,Trade Weighted US Dollar Index (Daily)
DTWEXBGS,2023-05-15,119.1608,Trade Weighted US Dollar Index (Daily)
DTWEXBGS,2023-05-16,119.1743,Trade Weighted US Dollar Index (Daily)
DTWEXBGS,2023-05-17,119.607,Trade Weighted US Dollar Index (Daily)
DTWEXBGS,2023-05-18,120.0886,Trade Weighted US Dollar Index (Daily)
DTWEXBGS,2023-05-19,119.7751,Trade Weighted US Dollar Index (Daily)
DTWEXBGS,2023-05-22,120.0875,Trade Weighted US Dollar Index (Daily)
DTWEXBGS,2023-05-23,120.3204,Trade Weighted US Dollar Index (Daily)
DTWEXBGS,2023-05-24,120.4752,Trade Weighted US Dollar Index (Daily)
DTWEXBGS,2023-05-25,120.8413,Trade Weighted US Dollar Index (Daily)
DTWEXBGS,2023-05-26,120.6304,Trade Weighted US Dollar Index (Daily)
DTWEXBGS,2023-05-30,120.5546,Trade Weighted US Dollar Index (Daily)
DTWEXBGS,2023-05-31,120.9662,Trade Weighted US Dollar Index (Daily)
DTWEXBGS,2023-06-01,120.0491,Trade Weighted US Dollar Index (Daily)
DTWEXBGS,2023-06-02,120.0049,Trade Weighted US Dollar Index (Daily)
DTWEXBGS,2023-06-05,120.0048,Trade Weighted US Dollar Index (Daily)
DTWEXBGS,2023-06-06,119.9718,Trade Weighted US Dollar Index (Daily)
DTWEXBGS,2023-06-07,119.859,Trade Weighted US Dollar Index (Daily)
DTWEXBGS,2023-06-08,119.5712,Trade Weighted US Dollar Index (Daily)
DTWEXBGS,2023-06-09,119.4322,Trade Weighted US Dollar Index (Daily)
DTWEXBGS,2023-06-12,119.6376,Trade Weighted US Dollar Index (Daily)
DTWEXBGS,2023-06-13,119.1899,Trade Weighted US Dollar Index (Daily)
DTWEXBGS,2023-06-14,118.776,Trade Weighted US Dollar Index (Daily)
DTWEXBGS,2023-06-15,118.5521,Trade Weighted US Dollar Index (Daily)
DTWEXBGS,2023-06-16,118.4184,Trade Weighted US Dollar Index (Daily)
DTWEXBGS,2023-06-20,118.938,Trade Weighted US Dollar Index (Daily)
DTWEXBGS,2023-06-21,118.727,Trade Weighted US Dollar Index (Daily)
DTWEXBGS,2023-06-22,118.7552,Trade Weighted US Dollar Index (Daily)
DTWEXBGS,2023-06-23,119.152,Trade Weighted US Dollar Index (Daily)
DTWEXBGS,2023-06-26,119.0761,Trade Weighted US Dollar Index (Daily)
DTWEXBGS,2023-06-27,118.8949,Trade Weighted US Dollar Index (Daily)
DTWEXBGS,2023-06-28,119.3382,Trade Weighted US Dollar Index (Daily)
DTWEXBGS,2023-06-29,119.527,Trade Weighted US Dollar Index (Daily)
DTWEXBGS,2023-06-30,119.3606,Trade Weighted US Dollar Index (Daily)
DTWEXBGS,2023-07-03,119.2119,Trade Weighted US Dollar Index (Daily)
DTWEXBGS,2023-07-05,119.3483,Trade Weighted US Dollar Index (Daily)
DTWEXBGS,2023-07-06,119.8193,Trade Weighted US Dollar Index (Daily)
DTWEXBGS,2023-07-07,119.0761,Trade Weighted US Dollar Index (Daily)
DTWEXBGS,2023-07-10,118.9548,Trade Weighted US Dollar Index (Daily)
DTWEXBGS,2023-07-11,118.7344,Trade Weighted US Dollar Index (Daily)
DTWEXBGS,2023-07-12,117.6385,Trade Weighted US Dollar Index (Daily)
DTWEXBGS,2023-07-13,117.1831,Trade Weighted US Dollar Index (Daily)
DTWEXBGS,2023-07-14,117.0463,Trade Weighted US Dollar Index (Daily)
DTWEXBGS,2023-07-17,117.1267,Trade Weighted US Dollar Index (Daily)
DTWEXBGS,2023-07-18,117.0264,Trade Weighted US Dollar Index (Daily)
DTWEXBGS,2023-07-19,117.3462,Trade Weighted US Dollar Index (Daily)
DTWEXBGS,2023-07-20,117.5947,Trade Weighted US Dollar Index (Daily)
DTWEXBGS,2023-07-21,117.9418,Trade Weighted US Dollar Index (Daily)
DTWEXBGS,2023-07-24,117.8124,Trade Weighted US Dollar Index (Daily)
DTWEXBGS,2023-07-25,117.8565,Trade Weighted US Dollar Index (Daily)
DTWEXBGS,2023-07-26,117.76,Trade Weighted US Dollar Index (Daily)
DTWEXBGS,2023-07-27,117.8938,Trade Weighted US Dollar Index (Daily)
DTWEXBGS,2023-07-28,117.788,Trade Weighted US Dollar Index (Daily)
DTWEXBGS,2023-07-31,117.8241,Trade Weighted US Dollar Index (Daily)
DTWEXBGS,2023-08-01,118.5738,Trade Weighted US Dollar Index (Daily)
DTWEXBGS,2023-08-02,119.1268,Trade Weighted US Dollar Index (Daily)
DTWEXBGS,2023-08-03,119.3963,Trade Weighted US Dollar Index (Daily)
DTWEXBGS,2023-08-04,118.821,Trade Weighted US Dollar Index (Daily)
DTWEXBGS,2023-08-07,119.0809,Trade Weighted US Dollar Index (Daily)
DTWEXBGS,2023-08-08,119.6407,Trade Weighted US Dollar Index (Daily)
DTWEXBGS,2023-08-09,119.476,Trade Weighted US Dollar Index (Daily)
DTWEXBGS,2023-08-10,119.1581,Trade Weighted US Dollar Index (Daily)
DTWEXBGS,2023-08-11,119.6268,Trade Weighted US Dollar Index (Daily)
DTWEXBGS,2023-08-14,120.0725,Trade Weighted US Dollar Index (Daily)
DTWEXBGS,2023-08-15,120.2127,Trade Weighted US Dollar Index (Daily)
DTWEXBGS,2023-08-16,120.3551,Trade Weighted US Dollar Index (Daily)
DTWEXBGS,2023-08-17,120.5242,Trade Weighted US Dollar Index (Daily)
DTWEXBGS,2023-08-18,120.4321,Trade Weighted US Dollar Index (Daily)
DTWEXBGS,2023-08-21,120.4627,Trade Weighted US Dollar Index (Daily)
DTWEXBGS,2023-08-22,120.3554,Trade Weighted US Dollar Index (Daily)
DTWEXBGS,2023-08-23,120.0307,Trade Weighted US Dollar Index (Daily)
DTWEXBGS,2023-08-24,120.2354,Trade Weighted US Dollar Index (Daily)
DTWEXBGS,2023-08-25,120.5137,Trade Weighted US Dollar Index (Daily)
DTWEXBGS,2023-08-28,120.3155,Trade Weighted US Dollar Index (Daily)
DTWEXBGS,2023-08-29,120.2669,Trade Weighted US Dollar Index (Daily)
DTWEXBGS,2023-08-30,119.7937,Trade Weighted US Dollar Index (Daily)
DTWEXBGS,2023-08-31,120.225,Trade Weighted US Dollar Index (Daily)
DTWEXBGS,2023-09-01,120.759,Trade Weighted US Dollar Index (Daily)
DTWEXBGS,2023-09-05,121.4345,Trade Weighted US Dollar Index (Daily)
DTWEXBGS,2023-09-06,121.8671,Trade Weighted US Dollar Index (Daily)
DTWEXBGS,2023-09-07,121.9528,Trade Weighted US Dollar Index (Daily)
DTWEXBGS,2023-09-08,121.9475,Trade Weighted US Dollar Index (Daily)
DTWEXBGS,2023-09-11,121.3386,Trade Weighted US Dollar Index (Daily)
DTWEXBGS,2023-09-12,121.2913,Trade Weighted US Dollar Index (Daily)
DTWEXBGS,2023-09-13,121.0549,Trade Weighted US Dollar Index (Daily)
DTWEXBGS,2023-09-14,121.2395,Trade Weighted US Dollar Index (Daily)
DTWEXBGS,2023-09-15,121.199,Trade Weighted US Dollar Index (Daily)
DTWEXBGS,2023-09-18,121.1938,Trade Weighted US Dollar Index (Daily)
DTWEXBGS,2023-09-19,121.1645,Trade Weighted US Dollar Index (Daily)
DTWEXBGS,2023-09-20,120.9648,Trade Weighted US Dollar Index (Daily)
DTWEXBGS,2023-09-21,121.5528,Trade Weighted US Dollar Index (Daily)
DTWEXBGS,2023-09-22,121.5306,Trade Weighted US Dollar Index (Daily)
DTWEXBGS,2023-09-25,122.1143,Trade Weighted US Dollar Index (Daily)
DTWEXBGS,2023-09-26,122.4742,Trade Weighted US Dollar Index (Daily)
DTWEXBGS,2023-09-27,122.9895,Trade Weighted US Dollar Index (Daily)
DTWEXBGS,2023-09-28,122.5342,Trade Weighted US Dollar Index (Daily)
DTWEXBGS,2023-09-29,122.3077,Trade Weighted US Dollar Index (Daily)
DTWEXBGS,2023-10-02,123.0545,Trade Weighted US Dollar Index (Daily)
DTWEXBGS,2023-10-03,123.7848,Trade Weighted US Dollar Index (Daily)
DTWEXBGS,2023-10-04,123.5946,Trade Weighted US Dollar Index (Daily)
DTWEXBGS,2023-10-05,123.8993,Trade Weighted US Dollar Index (Daily)
DTWEXBGS,2023-10-06,123.3563,Trade Weighted US Dollar Index (Daily)
DTWEXBGS,2023-10-10,122.9282,Trade Weighted US Dollar Index (Daily)
DTWEXBGS,2023-10-11,122.7697,Trade Weighted US Dollar Index (Daily)
DTWEXBGS,2023-10-12,123.2101,Trade Weighted US Dollar Index (Daily)
DTWEXBGS,2023-10-13,123.5954,Trade Weighted US Dollar Index (Daily)
DTWEXBGS,2023-10-16,123.3185,Trade Weighted US Dollar Index (Daily)
DTWEXBGS,2023-10-17,123.1202,Trade Weighted US Dollar Index (Daily)
DTWEXBGS,2023-10-18,123.8148,Trade Weighted US Dollar Index (Daily)
DTWEXBGS,2023-10-19,123.798,Trade Weighted US Dollar Index (Daily)
DTWEXBGS,2023-10-20,123.612,Trade Weighted US Dollar Index (Daily)
DTWEXBGS,2023-10-23,123.2846,Trade Weighted US Dollar Index (Daily)
DTWEXBGS,2023-10-24,123.6416,Trade Weighted US Dollar Index (Daily)
DTWEXBGS,2023-10-25,123.7871,Trade Weighted US Dollar Index (Daily)
DTWEXBGS,2023-10-26,124.0064,Trade Weighted US Dollar Index (Daily)
DTWEXBGS,2023-10-27,123.62,Trade Weighted US Dollar Index (Daily)
DTWEXBGS,2023-10-30,123.4076,Trade Weighted US Dollar Index (Daily)
DTWEXBGS,2023-10-31,123.8364,Trade Weighted US Dollar Index (Daily)
DTWEXBGS,2023-11-01,123.7922,Trade Weighted US Dollar Index (Daily)
DTWEXBGS,2023-11-02,122.8818,Trade Weighted US Dollar Index (Daily)
DTWEXBGS,2023-11-03,121.7564,Trade Weighted US Dollar Index (Daily)
DTWEXBGS,2023-11-06,121.6484,Trade Weighted US Dollar Index (Daily)
DTWEXBGS,2023-11-07,122.0777,Trade Weighted US Dollar Index (Daily)
DTWEXBGS,2023-11-08,122.0926,Trade Weighted US Dollar Index (Daily)
DTWEXBGS,2023-11-09,122.1281,Trade Weighted US Dollar Index (Daily)
DTWEXBGS,2023-11-13,122.4264,Trade Weighted US Dollar Index (Daily)
DTWEXBGS,2023-11-14,121.35,Trade Weighted US Dollar Index (Daily)
DTWEXBGS,2023-11-15,121.0749,Trade Weighted US Dollar Index (Daily)
DTWEXBGS,2023-11-16,121.1754,Trade Weighted US Dollar Index (Daily)
DTWEXBGS,2023-11-17,120.8477,Trade Weighted US Dollar Index (Daily)
DTWEXBGS,2023-11-20,120.2533,Trade Weighted US Dollar Index (Daily)
DTWEXBGS,2023-11-21,120.2241,Trade Weighted US Dollar Index (Daily)
DTWEXBGS,2023-11-22,120.6802,Trade Weighted US Dollar Index (Daily)
DTWEXBGS,2023-11-24,120.2105,Trade Weighted US Dollar Index (Daily)
DTWEXBGS,2023-11-27,120.173,Trade Weighted US Dollar Index (Daily)
DTWEXBGS,2023-11-28,119.5904,Trade Weighted US Dollar Index (Daily)
DTWEXBGS,2023-11-29,119.8159,Trade Weighted US Dollar Index (Daily)
DTWEXBGS,2023-11-30,120.2434,Trade Weighted US Dollar Index (Daily)
DTWEXBGS,2023-12-01,119.9424,Trade Weighted US Dollar Index (Daily)
DTWEXBGS,2023-12-04,120.4727,Trade Weighted US Dollar Index (Daily)
DTWEXBGS,2023-12-05,120.7913,Trade Weighted US Dollar Index (Daily)
DTWEXBGS,2023-12-06,120.5334,Trade Weighted US Dollar Index (Daily)
DTWEXBGS,2023-12-07,120.6013,Trade Weighted US Dollar Index (Daily)
DTWEXBGS,2023-12-08,120.7607,Trade Weighted US Dollar Index (Daily)
DTWEXBGS,2023-12-11,120.9279,Trade Weighted US Dollar Index (Daily)
DTWEXBGS,2023-12-12,120.6817,Trade Weighted US Dollar Index (Daily)
DTWEXBGS,2023-12-13,121.1571,Trade Weighted US Dollar Index (Daily)
DTWEXBGS,2023-12-14,119.5683,Trade Weighted US Dollar Index (Daily)
DTWEXBGS,2023-12-15,119.7382,Trade Weighted US Dollar Index (Daily)
DTWEXBGS,2023-12-18,119.9102,Trade Weighted US Dollar Index (Daily)
DTWEXBGS,2023-12-19,119.4632,Trade Weighted US Dollar Index (Daily)
DTWEXBGS,2023-12-20,119.5435,Trade Weighted US Dollar Index (Daily)
DTWEXBGS,2023-12-21,119.3168,Trade Weighted US Dollar Index (Daily)
DTWEXBGS,2023-12-22,119.0625,Trade Weighted US Dollar Index (Daily)
DTWEXBGS,2023-12-26,118.8875,Trade Weighted US Dollar Index (Daily)
DTWEXBGS,2023-12-27,118.4729,Trade Weighted US Dollar Index (Daily)
DTWEXBGS,2023-12-28,118.4104,Trade Weighted US Dollar Index (Daily)
DTWEXBGS,2023-12-29,118.4208,Trade Weighted US Dollar Index (Daily)
DTWEXBGS,2024-01-02,119.2686,Trade Weighted US Dollar Index (Daily)
DTWEXBGS,2024-01-03,119.6958,Trade Weighted US Dollar Index (Daily)
DTWEXBGS,2024-01-04,119.6208,Trade Weighted US Dollar Index (Daily)
DTWEXBGS,2024-01-05,119.388,Trade Weighted US Dollar Index (Daily)
DTWEXBGS,2024-01-08,119.2506,Trade Weighted US Dollar Index (Daily)
DTWEXBGS,2024-01-09,119.6666,Trade Weighted US Dollar Index (Daily)
DTWEXBGS,2024-01-10,119.7614,Trade Weighted US Dollar Index (Daily)
DTWEXBGS,2024-01-11,119.8916,Trade Weighted US Dollar Index (Daily)
DTWEXBGS,2024-01-12,119.534,Trade Weighted US Dollar Index (Daily)
DTWEXBGS,2024-01-16,120.5759,Trade Weighted US Dollar Index (Daily)
DTWEXBGS,2024-01-17,121.0402,Trade Weighted US Dollar Index (Daily)
DTWEXBGS,2024-01-18,120.8895,Trade Weighted US Dollar Index (Daily)
DTWEXBGS,2024-01-19,120.6442,Trade Weighted US Dollar Index (Daily)
DTWEXBGS,2024-01-22,120.6178,Trade Weighted US Dollar Index (Daily)
DTWEXBGS,2024-01-23,121.1001,Trade Weighted US Dollar Index (Daily)
DTWEXBGS,2024-01-24,120.4916,Trade Weighted US Dollar Index (Daily)
DTWEXBGS,2024-01-25,120.8311,Trade Weighted US Dollar Index (Daily)
DTWEXBGS,2024-01-26,120.6173,Trade Weighted US Dollar Index (Daily)
DTWEXBGS,2024-01-29,120.8538,Trade Weighted US Dollar Index (Daily)
DTWEXBGS,2024-01-30,120.6025,Trade Weighted US Dollar Index (Daily)
DTWEXBGS,2024-01-31,120.4331,Trade Weighted US Dollar Index (Daily)
DTWEXBGS,2024-02-01,120.3335,Trade Weighted US Dollar Index (Daily)
DTWEXBGS,2024-02-02,120.902,Trade Weighted US Dollar Index (Daily)
DTWEXBGS,2024-02-05,121.349,Trade Weighted US Dollar Index (Daily)
DTWEXBGS,2024-02-06,120.9588,Trade Weighted US Dollar Index (Daily)
DTWEXBGS,2024-02-07,120.9049,Trade Weighted US Dollar Index (Daily)
DTWEXBGS,2024-02-08,121.0798,Trade Weighted US Dollar Index (Daily)
DTWEXBGS,2024-02-09,121.039,Trade Weighted US Dollar Index (Daily)
DTWEXBGS,2024-02-12,120.9378,Trade Weighted US Dollar Index (Daily)
DTWEXBGS,2024-02-13,121.5202,Trade Weighted US Dollar Index (Daily)
DTWEXBGS,2024-02-14,121.4002,Trade Weighted US Dollar Index (Daily)
DTWEXBGS,2024-02-15,121.2121,Trade Weighted US Dollar Index (Daily)
DTWEXBGS,2024-02-16,121.1505,Trade Weighted US Dollar Index (Daily)
DTWEXBGS,2024-02-20,121.0199,Trade Weighted US Dollar Index (Daily)
DTWEXBGS,2024-02-21,121.0379,Trade Weighted US Dollar Index (Daily)
DTWEXBGS,2024-02-22,121.102,Trade Weighted US Dollar Index (Daily)
DTWEXBGS,2024-02-23,121.0369,Trade Weighted US Dollar Index (Daily)
DTWEXBGS,2024-02-26,121.0592,Trade Weighted US Dollar Index (Daily)
DTWEXBGS,2024-02-27,120.9647,Trade Weighted US Dollar Index (Daily)
DTWEXBGS,2024-02-28,121.128,Trade Weighted US Dollar Index (Daily)
DTWEXBGS,2024-02-29,121.1824,Trade Weighted US Dollar Index (Daily)
DTWEXBGS,2024-03-01,121.0111,Trade Weighted US Dollar Index (Daily)
DTWEXBGS,2024-03-04,120.872,Trade Weighted US Dollar Index (Daily)
DTWEXBGS,2024-03-05,120.8846,Trade Weighted US Dollar Index (Daily)
DTWEXBGS,2024-03-06,120.4649,Trade Weighted US Dollar Index (Daily)
DTWEXBGS,2024-03-07,120.1909,Trade Weighted US Dollar Index (Daily)
DTWEXBGS,2024-03-08,119.975,Trade Weighted US Dollar Index (Daily)
DTWEXBGS,2024-03-11,120.0394,Trade Weighted US Dollar Index (Daily)
DTWEXBGS,2024-03-12,120.1668,Trade Weighted US Dollar Index (Daily)
DTWEXBGS,2024-03-13,119.9642,Trade Weighted US Dollar Index (Daily)
DTWEXBGS,2024-03-14,120.241,Trade Weighted US Dollar Index (Daily)
DTWEXBGS,2024-03-15,120.4003,Trade Weighted US Dollar Index (Daily)
DTWEXBGS,2024-03-18,120.5752,Trade Weighted US Dollar Index (Daily)
DTWEXBGS,2024-03-19,120.9332,Trade Weighted US Dollar Index (Daily)
DTWEXBGS,2024-03-20,120.9289,Trade Weighted US Dollar Index (Daily)
DTWEXBGS,2024-03-21,120.8086,Trade Weighted US Dollar Index (Daily)
DTWEXBGS,2024-03-22,121.1842,Trade Weighted US Dollar Index (Daily)
DTWEXBGS,2024-03-25,121.0295,Trade Weighted US Dollar Index (Daily)
DTWEXBGS,2024-03-26,121.0742,Trade Weighted US Dollar Index (Daily)
DTWEXBGS,2024-03-27,121.0089,Trade Weighted US Dollar Index (Daily)
DTWEXBGS,2024-03-28,121.0635,Trade Weighted US Dollar Index (Daily)
DTWEXBGS,2024-03-29,121.0191,Trade Weighted US Dollar Index (Daily)
DTWEXBGS,2024-04-01,121.5151,Trade Weighted US Dollar Index (Daily)
DTWEXBGS,2024-04-02,121.3035,Trade Weighted US Dollar Index (Daily)
DTWEXBGS,2024-04-03,121.0198,Trade Weighted US Dollar Index (Daily)
DTWEXBGS,2024-04-04,120.7613,Trade Weighted US Dollar Index (Daily)
DTWEXBGS,2024-04-05,120.9646,Trade Weighted US Dollar Index (Daily)
DTWEXBGS,2024-04-08,120.7359,Trade Weighted US Dollar Index (Daily)
DTWEXBGS,2024-04-09,120.7048,Trade Weighted US Dollar Index (Daily)
DTWEXBGS,2024-04-10,121.5727,Trade Weighted US Dollar Index (Daily)
DTWEXBGS,2024-04-11,121.6081,Trade Weighted US Dollar Index (Daily)
DTWEXBGS,2024-04-12,122.2885,Trade Weighted US Dollar Index (Daily)
DTWEXBGS,2024-04-15,122.425,Trade Weighted US Dollar Index (Daily)
DTWEXBGS,2024-04-16,123.1234,Trade Weighted US Dollar Index (Daily)
DTWEXBGS,2024-04-17,123.0207,Trade Weighted US Dollar Index (Daily)
DTWEXBGS,2024-04-18,123.0017,Trade Weighted US Dollar Index (Daily)
DTWEXBGS,2024-04-19,123.1075,Trade Weighted US Dollar Index (Daily)
DTWEXBGS,2024-04-22,123.0609,Trade Weighted US Dollar Index (Daily)
DTWEXBGS,2024-04-23,122.7227,Trade Weighted US Dollar Index (Daily)
DTWEXBGS,2024-04-24,122.89,Trade Weighted US Dollar Index (Daily)
DTWEXBGS,2024-04-25,122.8384,Trade Weighted US Dollar Index (Daily)
DTWEXBGS,2024-04-26,122.9471,Trade Weighted US Dollar Index (Daily)
DTWEXBGS,2024-04-29,122.5449,Trade Weighted US Dollar Index (Daily)
DTWEXBGS,2024-04-30,122.9853,Trade Weighted US Dollar Index (Daily)
DTWEXBGS,2024-05-01,123.0168,Trade Weighted US Dollar Index (Daily)
DTWEXBGS,2024-05-02,122.4384,Trade Weighted US Dollar Index (Daily)
DTWEXBGS,2024-05-03,122.1375,Trade Weighted US Dollar Index (Daily)
DTWEXBGS,2024-05-06,121.8913,Trade Weighted US Dollar Index (Daily)
DTWEXBGS,2024-05-07,122.093,Trade Weighted US Dollar Index (Daily)
DTWEXBGS,2024-05-08,122.1926,Trade Weighted US Dollar Index (Daily)
DTWEXBGS,2024-05-09,122.1634,Trade Weighted US Dollar Index (Daily)
DTWEXBGS,2024-05-10,122.014,Trade Weighted US Dollar Index (Daily)
DTWEXBGS,2024-05-13,122.0261,Trade Weighted US Dollar Index (Daily)
DTWEXBGS,2024-05-14,121.9256,Trade Weighted US Dollar Index (Daily)
DTWEXBGS,2024-05-15,121.3543,Trade Weighted US Dollar Index (Daily)
DTWEXBGS,2024-05-16,121.2236,Trade Weighted US Dollar Index (Daily)
DTWEXBGS,2024-05-17,121.2354,Trade Weighted US Dollar Index (Daily)
DTWEXBGS,2024-05-20,121.2289,Trade Weighted US Dollar Index (Daily)
DTWEXBGS,2024-05-21,121.3793,Trade Weighted US Dollar Index (Daily)
DTWEXBGS,2024-05-22,121.5462,Trade Weighted US Dollar Index (Daily)
DTWEXBGS,2024-05-23,121.7477,Trade Weighted US Dollar Index (Daily)
DTWEXBGS,2024-05-24,121.6172,Trade Weighted US Dollar Index (Daily)
DTWEXBGS,2024-05-28,121.43,Trade Weighted US Dollar Index (Daily)
DTWEXBGS,2024-05-29,122.1641,Trade Weighted US Dollar Index (Daily)
DTWEXBGS,2024-05-30,121.9601,Trade Weighted US Dollar Index (Daily)
DTWEXBGS,2024-05-31,122.098,Trade Weighted US Dollar Index (Daily)
DTWEXBGS,2024-06-03,122.3509,Trade Weighted US Dollar Index (Daily)
DTWEXBGS,2024-06-04,122.7256,Trade Weighted US Dollar Index (Daily)
DTWEXBGS,2024-06-05,122.5339,Trade Weighted US Dollar Index (Daily)
DTWEXBGS,2024-06-06,122.3713,Trade Weighted US Dollar Index (Daily)
DTWEXBGS,2024-06-07,123.549,Trade Weighted US Dollar Index (Daily)
DTWEXBGS,2024-06-10,123.9125,Trade Weighted US Dollar Index (Daily)
DTWEXBGS,2024-06-11,124.0349,Trade Weighted US Dollar Index (Daily)
DTWEXBGS,2024-06-12,123.8295,Trade Weighted US Dollar Index (Daily)
DTWEXBGS,2024-06-13,124.0235,Trade Weighted US Dollar Index (Daily)
DTWEXBGS,2024-06-14,124.1694,Trade Weighted US Dollar Index (Daily)
DTWEXBGS,2024-06-17,124.239,Trade Weighted US Dollar Index (Daily)
DTWEXBGS,2024-06-18,123.9776,Trade Weighted US Dollar Index (Daily)
DTWEXBGS,2024-06-20,124.192,Trade Weighted US Dollar Index (Daily)
DTWEXBGS,2024-06-21,124.1086,Trade Weighted US Dollar Index (Daily)
DTWEXBGS,2024-06-24,123.7125,Trade Weighted US Dollar Index (Daily)
DTWEXBGS,2024-06-25,123.9417,Trade Weighted US Dollar Index (Daily)
DTWEXBGS,2024-06-26,124.26,Trade Weighted US Dollar Index (Daily)
DTWEXBGS,2024-06-27,124.3379,Trade Weighted US Dollar Index (Daily)
DTWEXBGS,2024-06-28,124.2103,Trade Weighted US Dollar Index (Daily)
DTWEXBGS,2024-07-01,124.4667,Trade Weighted US Dollar Index (Daily)
DTWEXBGS,2024-07-02,124.2917,Trade Weighted US Dollar Index (Daily)
DTWEXBGS,2024-07-03,123.7768,Trade Weighted US Dollar Index (Daily)
DTWEXBGS,2024-07-05,123.4762,Trade Weighted US Dollar Index (Daily)
DTWEXBGS,2024-07-08,123.3576,Trade Weighted US Dollar Index (Daily)
DTWEXBGS,2024-07-09,123.4071,Trade Weighted US Dollar Index (Daily)
DTWEXBGS,2024-07-10,123.1895,Trade Weighted US Dollar Index (Daily)
DTWEXBGS,2024-07-11,122.769,Trade Weighted US Dollar Index (Daily)
DTWEXBGS,2024-07-12,122.4404,Trade Weighted US Dollar Index (Daily)
DTWEXBGS,2024-07-15,122.6347,Trade Weighted US Dollar Index (Daily)
DTWEXBGS,2024-07-16,122.7264,Trade Weighted US Dollar Index (Daily)
DTWEXBGS,2024-07-17,122.518,Trade Weighted US Dollar Index (Daily)
DTWEXBGS,2024-07-18,122.7909,Trade Weighted US Dollar Index (Daily)
DTWEXBGS,2024-07-19,123.147,Trade Weighted US Dollar Index (Daily)
DTWEXBGS,2024-07-22,123.2172,Trade Weighted US Dollar Index (Daily)
DTWEXBGS,2024-07-23,123.3843,Trade Weighted US Dollar Index (Daily)
DTWEXBGS,2024-07-24,123.5575,Trade Weighted US Dollar Index (Daily)
DTWEXBGS,2024-07-25,123.5286,Trade Weighted US Dollar Index (Daily)
DTWEXBGS,2024-07-26,123.672,Trade Weighted US Dollar Index (Daily)
DTWEXBGS,2024-07-29,124.1392,Trade Weighted US Dollar Index (Daily)
DTWEXBGS,2024-07-30,124.2855,Trade Weighted US Dollar Index (Daily)
DTWEXBGS,2024-07-31,123.6373,Trade Weighted US Dollar Index (Daily)
DTWEXBGS,2024-08-01,123.8693,Trade Weighted US Dollar Index (Daily)
DTWEXBGS,2024-08-02,123.4681,Trade Weighted US Dollar Index (Daily)
DTWEXBGS,2024-08-05,123.5787,Trade Weighted US Dollar Index (Daily)
DTWEXBGS,2024-08-06,123.6532,Trade Weighted US Dollar Index (Daily)
DTWEXBGS,2024-08-07,123.5698,Trade Weighted US Dollar Index (Daily)
DTWEXBGS,2024-08-08,123.4466,Trade Weighted US Dollar Index (Daily)
DTWEXBGS,2024-08-09,122.9276,Trade Weighted US Dollar Index (Daily)
DTWEXBGS,2024-08-12,123.2204,Trade Weighted US Dollar Index (Daily)
DTWEXBGS,2024-08-13,123.0146,Trade Weighted US Dollar Index (Daily)
DTWEXBGS,2024-08-14,122.4297,Trade Weighted US Dollar Index (Daily)
DTWEXBGS,2024-08-15,122.5844,Trade Weighted US Dollar Index (Daily)
DTWEXBGS,2024-08-16,122.3972,Trade Weighted US Dollar Index (Daily)
DTWEXBGS,2024-08-19,121.8788,Trade Weighted US Dollar Index (Daily)
DTWEXBGS,2024-08-20,121.7728,Trade Weighted US Dollar Index (Daily)
DTWEXBGS,2024-08-21,121.8535,Trade Weighted US Dollar Index (Daily)
DTWEXBGS,2024-08-22,122.3626,Trade Weighted US Dollar Index (Daily)
DTWEXBGS,2024-08-23,121.4597,Trade Weighted US Dollar Index (Daily)
DTWEXBGS,2024-08-26,121.6943,Trade Weighted US Dollar Index (Daily)
DTWEXBGS,2024-08-27,121.8672,Trade Weighted US Dollar Index (Daily)
DTWEXBGS,2024-08-28,121.8943,Trade Weighted US Dollar Index (Daily)
DTWEXBGS,2024-08-29,122.2333,Trade Weighted US Dollar Index (Daily)
DTWEXBGS,2024-08-30,122.3262,Trade Weighted US Dollar Index (Daily)
DTWEXBGS,2024-09-03,122.7811,Trade Weighted US Dollar Index (Daily)
DTWEXBGS,2024-09-04,122.5144,Trade Weighted US Dollar Index (Daily)
DTWEXBGS,2024-09-05,122.4533,Trade Weighted US Dollar Index (Daily)
DTWEXBGS,2024-09-06,122.4991,Trade Weighted US Dollar Index (Daily)
DTWEXBGS,2024-09-09,122.7156,Trade Weighted US Dollar Index (Daily)
DTWEXBGS,2024-09-10,123.0071,Trade Weighted US Dollar Index (Daily)
DTWEXBGS,2024-09-11,122.7754,Trade Weighted US Dollar Index (Daily)
DTWEXBGS,2024-09-12,122.4423,Trade Weighted US Dollar Index (Daily)
DTWEXBGS,2024-09-13,121.6551,Trade Weighted US Dollar Index (Daily)
DTWEXBGS,2024-09-16,121.4976,Trade Weighted US Dollar Index (Daily)
DTWEXBGS,2024-09-17,121.6031,Trade Weighted US Dollar Index (Daily)
DTWEXBGS,2024-09-18,121.5618,Trade Weighted US Dollar Index (Daily)
DTWEXBGS,2024-09-19,121.3059,Trade Weighted US Dollar Index (Daily)
DTWEXBGS,2024-09-20,121.4052,Trade Weighted US Dollar Index (Daily)
DTWEXBGS,2024-09-23,121.4303,Trade Weighted US Dollar Index (Daily)
DTWEXBGS,2024-09-24,121.1291,Trade Weighted US Dollar Index (Daily)
DTWEXBGS,2024-09-25,121.4447,Trade Weighted US Dollar Index (Daily)
DTWEXBGS,2024-09-26,121.0785,Trade Weighted US Dollar Index (Daily)
DTWEXBGS,2024-09-27,121.1111,Trade Weighted US Dollar Index (Daily)
DTWEXBGS,2024-09-30,121.2864,Trade Weighted US Dollar Index (Daily)
DTWEXBGS,2024-10-01,121.6881,Trade Weighted US Dollar Index (Daily)
DTWEXBGS,2024-10-02,121.5724,Trade Weighted US Dollar Index (Daily)
DTWEXBGS,2024-10-03,122.1197,Trade Weighted US Dollar Index (Daily)
DTWEXBGS,2024-10-04,122.2197,Trade Weighted US Dollar Index (Daily)
DTWEXBGS,2024-10-07,122.4241,Trade Weighted US Dollar Index (Daily)
DTWEXBGS,2024-10-08,122.6625,Trade Weighted US Dollar Index (Daily)
DTWEXBGS,2024-10-09,122.8821,Trade Weighted US Dollar Index (Daily)
DTWEXBGS,2024-10-10,123.0951,Trade Weighted US Dollar Index (Daily)
DTWEXBGS,2024-10-11,122.9805,Trade Weighted US Dollar Index (Daily)
DTWEXBGS,2024-10-15,123.5124,Trade Weighted US Dollar Index (Daily)
DTWEXBGS,2024-10-16,123.9235,Trade Weighted US Dollar Index (Daily)
DTWEXBGS,2024-10-17,124.1122,Trade Weighted US Dollar Index (Daily)
DTWEXBGS,2024-10-18,123.9185,Trade Weighted US Dollar Index (Daily)
DTWEXBGS,2024-10-21,124.4757,Trade Weighted US Dollar Index (Daily)
DTWEXBGS,2024-10-22,124.4107,Trade Weighted US Dollar Index (Daily)
DTWEXBGS,2024-10-23,124.6931,Trade Weighted US Dollar Index (Daily)
DTWEXBGS,2024-10-24,124.5127,Trade Weighted US Dollar Index (Daily)
DTWEXBGS,2024-10-25,124.6105,Trade Weighted US Dollar Index (Daily)
DTWEXBGS,2024-10-28,124.8076,Trade Weighted US Dollar Index (Daily)
DTWEXBGS,2024-10-29,124.8612,Trade Weighted US Dollar Index (Daily)
DTWEXBGS,2024-10-30,124.8153,Trade Weighted US Dollar Index (Daily)
DTWEXBGS,2024-10-31,124.7988,Trade Weighted US Dollar Index (Daily)
DTWEXBGS,2024-11-01,124.8076,Trade Weighted US Dollar Index (Daily)
DTWEXBGS,2024-11-04,124.5903,Trade Weighted US Dollar Index (Daily)
DTWEXBGS,2024-11-05,124.5532,Trade Weighted US Dollar Index (Daily)
DTWEXBGS,2024-11-06,125.7035,Trade Weighted US Dollar Index (Daily)
DTWEXBGS,2024-11-07,124.775,Trade Weighted US Dollar Index (Daily)
DTWEXBGS,2024-11-08,125.5811,Trade Weighted US Dollar Index (Daily)
DTWEXBGS,2024-11-12,126.7762,Trade Weighted US Dollar Index (Daily)
DTWEXBGS,2024-11-13,126.9572,Trade Weighted US Dollar Index (Daily)
DTWEXBGS,2024-11-14,127.0015,Trade Weighted US Dollar Index (Daily)
DTWEXBGS,2024-11-15,126.8848,Trade Weighted US Dollar Index (Daily)
DTWEXBGS,2024-11-18,126.6045,Trade Weighted US Dollar Index (Daily)
DTWEXBGS,2024-11-19,126.3994,Trade Weighted US Dollar Index (Daily)
DTWEXBGS,2024-11-20,126.88,Trade Weighted US Dollar Index (Daily)
DTWEXBGS,2024-11-21,127.1047,Trade Weighted US Dollar Index (Daily)
DTWEXBGS,2024-11-22,127.4712,Trade Weighted US Dollar Index (Daily)
DTWEXBGS,2024-11-25,126.9948,Trade Weighted US Dollar Index (Daily)
DTWEXBGS,2024-11-26,127.4301,Trade Weighted US Dollar Index (Daily)
DTWEXBGS,2024-11-27,126.8205,Trade Weighted US Dollar Index (Daily)
DTWEXBGS,2024-11-29,126.5798,Trade Weighted US Dollar Index (Daily)
DTWEXBGS,2024-12-02,127.1272,Trade Weighted US Dollar Index (Daily)
DTWEXBGS,2024-12-03,126.9565,Trade Weighted US Dollar Index (Daily)
DTWEXBGS,2024-12-04,126.7574,Trade Weighted US Dollar Index (Daily)
DTWEXBGS,2024-12-05,126.4286,Trade Weighted US Dollar Index (Daily)
DTWEXBGS,2024-12-06,126.688,Trade Weighted US Dollar Index (Daily)
DTWEXBGS,2024-12-09,126.5981,Trade Weighted US Dollar Index (Daily)
DTWEXBGS,2024-12-10,126.957,Trade Weighted US Dollar Index (Daily)
DTWEXBGS,2024-12-11,126.8483,Trade Weighted US Dollar Index (Daily)
DTWEXBGS,2024-12-12,126.9556,Trade Weighted US Dollar Index (Daily)
DTWEXBGS,2024-12-13,127.3096,Trade Weighted US Dollar Index (Daily)
DTWEXBGS,2024-12-16,127.2687,Trade Weighted US Dollar Index (Daily)
DTWEXBGS,2024-12-17,127.5043,Trade Weighted US Dollar Index (Daily)
DTWEXBGS,2024-12-18,127.6418,Trade Weighted US Dollar Index (Daily)
DTWEXBGS,2024-12-19,128.6366,Trade Weighted US Dollar Index (Daily)
DTWEXBGS,2024-12-20,127.893,Trade Weighted US Dollar Index (Daily)
DTWEXBGS,2024-12-23,128.3021,Trade Weighted US Dollar Index (Daily)
DTWEXBGS,2024-12-24,128.3377,Trade Weighted US Dollar Index (Daily)
DTWEXBGS,2024-12-26,128.3329,Trade Weighted US Dollar Index (Daily)
DTWEXBGS,2024-12-27,128.45,Trade Weighted US Dollar Index (Daily)
DTWEXBGS,2024-12-30,128.8205,Trade Weighted US Dollar Index (Daily)
DTWEXBGS,2024-12-31,129.2775,Trade Weighted US Dollar Index (Daily)
DTWEXBGS,2025-01-02,129.4598,Trade Weighted US Dollar Index (Daily)
DTWEXBGS,2025-01-03,129.4535,Trade Weighted US Dollar Index (Daily)
DTWEXBGS,2025-01-06,128.538,Trade Weighted US Dollar Index (Daily)
DTWEXBGS,2025-01-07,128.613,Trade Weighted US Dollar Index (Daily)
DTWEXBGS,2025-01-08,129.0785,Trade Weighted US Dollar Index (Daily)
DTWEXBGS,2025-01-09,129.2827,Trade Weighted US Dollar Index (Daily)
DTWEXBGS,2025-01-10,129.8664,Trade Weighted US Dollar Index (Daily)
DTWEXBGS,2025-01-13,130.0413,Trade Weighted US Dollar Index (Daily)
DTWEXBGS,2025-01-14,129.3812,Trade Weighted US Dollar Index (Daily)
DTWEXBGS,2025-01-15,129.2092,Trade Weighted US Dollar Index (Daily)
DTWEXBGS,2025-01-16,129.436,Trade Weighted US Dollar Index (Daily)
DTWEXBGS,2025-01-17,129.4859,Trade Weighted US Dollar Index (Daily)
DTWEXBGS,2025-01-21,128.4151,Trade Weighted US Dollar Index (Daily)
DTWEXBGS,2025-01-22,128.3402,Trade Weighted US Dollar Index (Daily)
DTWEXBGS,2025-01-23,128.2162,Trade Weighted US Dollar Index (Daily)
DTWEXBGS,2025-01-24,127.4611,Trade Weighted US Dollar Index (Daily)
DTWEXBGS,2025-01-27,128.0912,Trade Weighted US Dollar Index (Daily)
DTWEXBGS,2025-01-28,128.2817,Trade Weighted US Dollar Index (Daily)
DTWEXBGS,2025-01-29,128.3418,Trade Weighted US Dollar Index (Daily)
DTWEXBGS,2025-01-30,128.1004,Trade Weighted US Dollar Index (Daily)
DTWEXBGS,2025-01-31,128.4828,Trade Weighted US Dollar Index (Daily)
DTWEXBGS,2025-02-03,129.109,Trade Weighted US Dollar Index (Daily)
DTWEXBGS,2025-02-04,128.1083,Trade Weighted US Dollar Index (Daily)
DTWEXBGS,2025-02-05,127.9751,Trade Weighted US Dollar Index (Daily)
DTWEXBGS,2025-02-06,128.2017,Trade Weighted US Dollar Index (Daily)
DTWEXBGS,2025-02-07,128.4292,Trade Weighted US Dollar Index (Daily)
DTWEXBGS,2025-02-10,128.6382,Trade Weighted US Dollar Index (Daily)
DTWEXBGS,2025-02-11,128.4322,Trade Weighted US Dollar Index (Daily)
DTWEXBGS,2025-02-12,128.3288,Trade Weighted US Dollar Index (Daily)
DTWEXBGS,2025-02-13,127.8931,Trade Weighted US Dollar Index (Daily)
DTWEXBGS,2025-02-14,127.1491,Trade Weighted US Dollar Index (Daily)
DTWEXBGS,2025-02-18,127.2906,Trade Weighted US Dollar Index (Daily)
DTWEXBGS,2025-02-19,127.7317,Trade Weighted US Dollar Index (Daily)
DTWEXBGS,2025-02-20,127.1126,Trade Weighted US Dollar Index (Daily)
DTWEXBGS,2025-02-21,127.1408,Trade Weighted US Dollar Index (Daily)
DTWEXBGS,2025-02-24,127.1921,Trade Weighted US Dollar Index (Daily)
DTWEXBGS,2025-02-25,127.3752,Trade Weighted US Dollar Index (Daily)
DTWEXBGS,2025-02-26,127.2822,Trade Weighted US Dollar Index (Daily)
DTWEXBGS,2025-02-27,127.9704,Trade Weighted US Dollar Index (Daily)
DTWEXBGS,2025-02-28,128.2805,Trade Weighted US Dollar Index (Daily)
DTWEXBGS,2025-03-03,127.75,Trade Weighted US Dollar Index (Daily)
DTWEXBGS,2025-03-04,127.9966,Trade Weighted US Dollar Index (Daily)
DTWEXBGS,2025-03-05,126.504,Trade Weighted US Dollar Index (Daily)
DTWEXBGS,2025-03-06,126.1099,Trade Weighted US Dollar Index (Daily)
DTWEXBGS,2025-03-07,125.9814,Trade Weighted US Dollar Index (Daily)
DTWEXBGS,2025-03-10,126.268,Trade Weighted US Dollar Index (Daily)
DTWEXBGS,2025-03-11,126.0457,Trade Weighted US Dollar Index (Daily)
DTWEXBGS,2025-03-12,125.8664,Trade Weighted US Dollar Index (Daily)
DTWEXBGS,2025-03-13,126.0031,Trade Weighted US Dollar Index (Daily)
DTWEXBGS,2025-03-14,125.6942,Trade Weighted US Dollar Index (Daily)
DTWEXBGS,2025-03-17,125.3688,Trade Weighted US Dollar Index (Daily)
DTWEXBGS,2025-03-18,125.488,Trade Weighted US Dollar Index (Daily)
DTWEXBGS,2025-03-19,125.8006,Trade Weighted US Dollar Index (Daily)
DTWEXBGS,2025-03-20,125.985,Trade Weighted US Dollar Index (Daily)
DTWEXBGS,2025-03-21,126.2679,Trade Weighted US Dollar Index (Daily)
DTWEXBGS,2025-03-24,126.1956,Trade Weighted US Dollar Index (Daily)
DTWEXBGS,2025-03-25,126.0535,Trade Weighted US Dollar Index (Daily)
DTWEXBGS,2025-03-26,126.2364,Trade Weighted US Dollar Index (Daily)
DTWEXBGS,2025-03-27,126.3626,Trade Weighted US Dollar Index (Daily)
DTWEXBGS,2025-03-28,126.4187,Trade Weighted US Dollar Index (Daily)
DTWEXBGS,2025-03-31,126.7075,Trade Weighted US Dollar Index (Daily)
DTWEXBGS,2025-04-01,126.4338,Trade Weighted US Dollar Index (Daily)
DTWEXBGS,2025-04-02,126.3811,Trade Weighted US Dollar Index (Daily)
DTWEXBGS,2025-04-03,124.7316,Trade Weighted US Dollar Index (Daily)
DTWEXBGS,2025-04-04,125.8129,Trade Weighted US Dollar Index (Daily)
DTWEXBGS,2025-04-07,126.8282,Trade Weighted US Dollar Index (Daily)
DTWEXBGS,2025-04-08,126.8668,Trade Weighted US Dollar Index (Daily)
DTWEXBGS,2025-04-09,126.628,Trade Weighted US Dollar Index (Daily)
DTWEXBGS,2025-04-10,125.089,Trade Weighted US Dollar Index (Daily)
DTWEXBGS,2025-04-11,124.0163,Trade Weighted US Dollar Index (Daily)
DTWEXBGS,2025-04-14,123.6598,Trade Weighted US Dollar Index (Daily)
DTWEXBGS,2025-04-15,123.776,Trade Weighted US Dollar Index (Daily)
DTWEXBGS,2025-04-16,123.2724,Trade Weighted US Dollar Index (Daily)
DTWEXBGS,2025-04-17,123.1298,Trade Weighted US Dollar Index (Daily)
DTWEXBGS,2025-04-18,122.9865,Trade Weighted US Dollar Index (Daily)
DTWEXBGS,2025-04-21,122.3145,Trade Weighted US Dollar Index (Daily)
DTWEXBGS,2025-04-22,122.4175,Trade Weighted US Dollar Index (Daily)
DTWEXBGS,2025-04-23,123.0252,Trade Weighted US Dollar Index (Daily)
DTWEXBGS,2025-04-24,122.9251,Trade Weighted US Dollar Index (Daily)
DTWEXBGS,2025-04-25,122.8858,Trade Weighted US Dollar Index (Daily)
DTWEXBGS,2025-04-28,122.7176,Trade Weighted US Dollar Index (Daily)
DTWEXBGS,2025-04-29,122.5944,Trade Weighted US Dollar Index (Daily)
DTWEXBGS,2025-04-30,122.5921,Trade Weighted US Dollar Index (Daily)
DTWEXBGS,2025-05-01,123.1405,Trade Weighted US Dollar Index (Daily)
DTWEXBGS,2025-05-02,122.4962,Trade Weighted US Dollar Index (Daily)
DTWEXBGS,2025-05-05,122.2613,Trade Weighted US Dollar Index (Daily)
DTWEXBGS,2025-05-06,122.0417,Trade Weighted US Dollar Index (Daily)
DTWEXBGS,2025-05-07,122.117,Trade Weighted US Dollar Index (Daily)
DTWEXBGS,2025-05-08,122.7568,Trade Weighted US Dollar Index (Daily)
DTWEXBGS,2025-05-09,122.5191,Trade Weighted US Dollar Index (Daily)
DTWEXBGS,2025-05-12,123.4863,Trade Weighted US Dollar Index (Daily)
DTWEXBGS,2025-05-13,122.9583,Trade Weighted US Dollar Index (Daily)
DTWEXBGS,2025-05-14,122.6746,Trade Weighted US Dollar Index (Daily)
DTWEXBGS,2025-05-15,122.8174,Trade Weighted US Dollar Index (Daily)
DTWEXBGS,2025-05-16,123.0737,Trade Weighted US Dollar Index (Daily)
DTWEXBGS,2025-05-19,122.4186,Trade Weighted US Dollar Index (Daily)
DTWEXBGS,2025-05-20,122.3199,Trade Weighted US Dollar Index (Daily)
DTWEXBGS,2025-05-21,121.7496,Trade Weighted US Dollar Index (Daily)
DTWEXBGS,2025-05-22,122.0429,Trade Weighted US Dollar Index (Daily)
DTWEXBGS,2025-05-23,121.3837,Trade Weighted US Dollar Index (Daily)
DTWEXBGS,2025-05-27,121.6099,Trade Weighted US Dollar Index (Daily)
DTWEXBGS,2025-05-28,121.9888,Trade Weighted US Dollar Index (Daily)
DTWEXBGS,2025-05-29,121.5617,Trade Weighted US Dollar Index (Daily)
DTWEXBGS,2025-05-30,121.7674,Trade Weighted US Dollar Index (Daily)
DTWEXBGS,2025-06-02,121.1881,Trade Weighted US Dollar Index (Daily)
DTWEXBGS,2025-06-03,121.4592,Trade Weighted US Dollar Index (Daily)
DTWEXBGS,2025-06-04,121.0539,Trade Weighted US Dollar Index (Daily)
DTWEXBGS,2025-06-05,120.9596,Trade Weighted US Dollar Index (Daily)
DTWEXBGS,2025-06-06,121.161,Trade Weighted US Dollar Index (Daily)
DTWEXBGS,2025-06-09,120.9103,Trade Weighted US Dollar Index (Daily)
DTWEXBGS,2025-06-10,121.0485,Trade Weighted US Dollar Index (Daily)
DTWEXBGS,2025-06-11,120.587,Trade Weighted US Dollar Index (Daily)
DTWEXBGS,2025-06-12,120.1723,Trade Weighted US Dollar Index (Daily)
DTWEXBGS,2025-06-13,120.3245,Trade Weighted US Dollar Index (Daily)
DTWEXBGS,2025-06-16,120.1565,Trade Weighted US Dollar Index (Daily)
DTWEXBGS,2025-06-17,120.5048,Trade Weighted US Dollar Index (Daily)
DTWEXBGS,2025-06-18,120.7305,Trade Weighted US Dollar Index (Daily)
DTWEXBGS,2025-06-20,121.0408,Trade Weighted US Dollar Index (Daily)
DTWEXBGS,2025-06-23,121.1694,Trade Weighted US Dollar Index (Daily)
DTWEXBGS,2025-06-24,120.3645,Trade Weighted US Dollar Index (Daily)
DTWEXBGS,2025-06-25,120.3336,Trade Weighted US Dollar Index (Daily)
DTWEXBGS,2025-06-26,119.6451,Trade Weighted US Dollar Index (Daily)
DTWEXBGS,2025-06-27,119.659,Trade Weighted US Dollar Index (Daily)
DTWEXBGS,2025-06-30,119.4088,Trade Weighted US Dollar Index (Daily)
BAMLH0A0HYM2,2020-01-02,3.56,High Yield Corporate Bond Spread (Daily)
BAMLH0A0HYM2,2020-01-03,3.61,High Yield Corporate Bond Spread (Daily)
BAMLH0A0HYM2,2020-01-06,3.57,High Yield Corporate Bond Spread (Daily)
BAMLH0A0HYM2,2020-01-07,3.54,High Yield Corporate Bond Spread (Daily)
BAMLH0A0HYM2,2020-01-08,3.5,High Yield Corporate Bond Spread (Daily)
BAMLH0A0HYM2,2020-01-09,3.49,High Yield Corporate Bond Spread (Daily)
BAMLH0A0HYM2,2020-01-10,3.48,High Yield Corporate Bond Spread (Daily)
BAMLH0A0HYM2,2020-01-13,3.48,High Yield Corporate Bond Spread (Daily)
BAMLH0A0HYM2,2020-01-14,3.45,High Yield Corporate Bond Spread (Daily)
BAMLH0A0HYM2,2020-01-15,3.44,High Yield Corporate Bond Spread (Daily)
BAMLH0A0HYM2,2020-01-16,3.42,High Yield Corporate Bond Spread (Daily)
BAMLH0A0HYM2,2020-01-17,3.39,High Yield Corporate Bond Spread (Daily)
BAMLH0A0HYM2,2020-01-20,3.38,High Yield Corporate Bond Spread (Daily)
BAMLH0A0HYM2,2020-01-21,3.47,High Yield Corporate Bond Spread (Daily)
BAMLH0A0HYM2,2020-01-22,3.49,High Yield Corporate Bond Spread (Daily)
BAMLH0A0HYM2,2020-01-23,3.58,High Yield Corporate Bond Spread (Daily)
BAMLH0A0HYM2,2020-01-24,3.68,High Yield Corporate Bond Spread (Daily)
BAMLH0A0HYM2,2020-01-27,4.03,High Yield Corporate Bond Spread (Daily)
BAMLH0A0HYM2,2020-01-28,3.86,High Yield Corporate Bond Spread (Daily)
BAMLH0A0HYM2,2020-01-29,3.83,High Yield Corporate Bond Spread (Daily)
BAMLH0A0HYM2,2020-01-30,3.95,High Yield Corporate Bond Spread (Daily)
BAMLH0A0HYM2,2020-01-31,4.03,High Yield Corporate Bond Spread (Daily)
BAMLH0A0HYM2,2020-02-03,3.97,High Yield Corporate Bond Spread (Daily)
BAMLH0A0HYM2,2020-02-04,3.85,High Yield Corporate Bond Spread (Daily)
BAMLH0A0HYM2,2020-02-05,3.75,High Yield Corporate Bond Spread (Daily)
BAMLH0A0HYM2,2020-02-06,3.7,High Yield Corporate Bond Spread (Daily)
BAMLH0A0HYM2,2020-02-07,3.75,High Yield Corporate Bond Spread (Daily)
BAMLH0A0HYM2,2020-02-10,3.75,High Yield Corporate Bond Spread (Daily)
BAMLH0A0HYM2,2020-02-11,3.65,High Yield Corporate Bond Spread (Daily)
BAMLH0A0HYM2,2020-02-12,3.59,High Yield Corporate Bond Spread (Daily)
BAMLH0A0HYM2,2020-02-13,3.57,High Yield Corporate Bond Spread (Daily)
BAMLH0A0HYM2,2020-02-14,3.56,High Yield Corporate Bond Spread (Daily)
BAMLH0A0HYM2,2020-02-17,3.56,High Yield Corporate Bond Spread (Daily)
BAMLH0A0HYM2,2020-02-18,3.61,High Yield Corporate Bond Spread (Daily)
BAMLH0A0HYM2,2020-02-19,3.57,High Yield Corporate Bond Spread (Daily)
BAMLH0A0HYM2,2020-02-20,3.62,High Yield Corporate Bond Spread (Daily)
BAMLH0A0HYM2,2020-02-21,3.66,High Yield Corporate Bond Spread (Daily)
BAMLH0A0HYM2,2020-02-24,4.03,High Yield Corporate Bond Spread (Daily)
BAMLH0A0HYM2,2020-02-25,4.18,High Yield Corporate Bond Spread (Daily)
BAMLH0A0HYM2,2020-02-26,4.27,High Yield Corporate Bond Spread (Daily)
BAMLH0A0HYM2,2020-02-27,4.62,High Yield Corporate Bond Spread (Daily)
BAMLH0A0HYM2,2020-02-28,5.04,High Yield Corporate Bond Spread (Daily)
BAMLH0A0HYM2,2020-02-29,5.06,High Yield Corporate Bond Spread (Daily)
BAMLH0A0HYM2,2020-03-02,4.97,High Yield Corporate Bond Spread (Daily)
BAMLH0A0HYM2,2020-03-03,4.84,High Yield Corporate Bond Spread (Daily)
BAMLH0A0HYM2,2020-03-04,4.75,High Yield Corporate Bond Spread (Daily)
BAMLH0A0HYM2,2020-03-05,5.05,High Yield Corporate Bond Spread (Daily)
BAMLH0A0HYM2,2020-03-06,5.64,High Yield Corporate Bond Spread (Daily)
BAMLH0A0HYM2,2020-03-09,6.68,High Yield Corporate Bond Spread (Daily)
BAMLH0A0HYM2,2020-03-10,6.38,High Yield Corporate Bond Spread (Daily)
BAMLH0A0HYM2,2020-03-11,6.61,High Yield Corporate Bond Spread (Daily)
BAMLH0A0HYM2,2020-03-12,7.42,High Yield Corporate Bond Spread (Daily)
BAMLH0A0HYM2,2020-03-13,7.31,High Yield Corporate Bond Spread (Daily)
BAMLH0A0HYM2,2020-03-16,8.38,High Yield Corporate Bond Spread (Daily)
BAMLH0A0HYM2,2020-03-17,8.41,High Yield Corporate Bond Spread (Daily)
BAMLH0A0HYM2,2020-03-18,9.04,High Yield Corporate Bond Spread (Daily)
BAMLH0A0HYM2,2020-03-19,9.82,High Yield Corporate Bond Spread (Daily)
BAMLH0A0HYM2,2020-03-20,10.09,High Yield Corporate Bond Spread (Daily)
BAMLH0A0HYM2,2020-03-23,10.87,High Yield Corporate Bond Spread (Daily)
BAMLH0A0HYM2,2020-03-24,10.55,High Yield Corporate Bond Spread (Daily)
BAMLH0A0HYM2,2020-03-25,10.11,High Yield Corporate Bond Spread (Daily)
BAMLH0A0HYM2,2020-03-26,9.29,High Yield Corporate Bond Spread (Daily)
BAMLH0A0HYM2,2020-03-27,8.99,High Yield Corporate Bond Spread (Daily)
BAMLH0A0HYM2,2020-03-30,8.82,High Yield Corporate Bond Spread (Daily)
BAMLH0A0HYM2,2020-03-31,8.77,High Yield Corporate Bond Spread (Daily)
BAMLH0A0HYM2,2020-04-01,9.11,High Yield Corporate Bond Spread (Daily)
BAMLH0A0HYM2,2020-04-02,9.17,High Yield Corporate Bond Spread (Daily)
BAMLH0A0HYM2,2020-04-03,9.43,High Yield Corporate Bond Spread (Daily)
BAMLH0A0HYM2,2020-04-06,9.26,High Yield Corporate Bond Spread (Daily)
BAMLH0A0HYM2,2020-04-07,8.88,High Yield Corporate Bond Spread (Daily)
BAMLH0A0HYM2,2020-04-08,8.81,High Yield Corporate Bond Spread (Daily)
BAMLH0A0HYM2,2020-04-09,7.96,High Yield Corporate Bond Spread (Daily)
BAMLH0A0HYM2,2020-04-13,7.7,High Yield Corporate Bond Spread (Daily)
BAMLH0A0HYM2,2020-04-14,7.35,High Yield Corporate Bond Spread (Daily)
BAMLH0A0HYM2,2020-04-15,7.64,High Yield Corporate Bond Spread (Daily)
BAMLH0A0HYM2,2020-04-16,7.58,High Yield Corporate Bond Spread (Daily)
BAMLH0A0HYM2,2020-04-17,7.31,High Yield Corporate Bond Spread (Daily)
BAMLH0A0HYM2,2020-04-20,7.52,High Yield Corporate Bond Spread (Daily)
BAMLH0A0HYM2,2020-04-21,7.9,High Yield Corporate Bond Spread (Daily)
BAMLH0A0HYM2,2020-04-22,7.85,High Yield Corporate Bond Spread (Daily)
BAMLH0A0HYM2,2020-04-23,7.87,High Yield Corporate Bond Spread (Daily)
BAMLH0A0HYM2,2020-04-24,8.03,High Yield Corporate Bond Spread (Daily)
BAMLH0A0HYM2,2020-04-27,8.01,High Yield Corporate Bond Spread (Daily)
BAMLH0A0HYM2,2020-04-28,8.02,High Yield Corporate Bond Spread (Daily)
BAMLH0A0HYM2,2020-04-29,7.87,High Yield Corporate Bond Spread (Daily)
BAMLH0A0HYM2,2020-04-30,7.63,High Yield Corporate Bond Spread (Daily)
BAMLH0A0HYM2,2020-05-01,7.7,High Yield Corporate Bond Spread (Daily)
BAMLH0A0HYM2,2020-05-04,7.79,High Yield Corporate Bond Spread (Daily)
BAMLH0A0HYM2,2020-05-05,7.6,High Yield Corporate Bond Spread (Daily)
BAMLH0A0HYM2,2020-05-06,7.6,High Yield Corporate Bond Spread (Daily)
BAMLH0A0HYM2,2020-05-07,7.6,High Yield Corporate Bond Spread (Daily)
BAMLH0A0HYM2,2020-05-08,7.52,High Yield Corporate Bond Spread (Daily)
BAMLH0A0HYM2,2020-05-11,7.51,High Yield Corporate Bond Spread (Daily)
BAMLH0A0HYM2,2020-05-12,7.42,High Yield Corporate Bond Spread (Daily)
BAMLH0A0HYM2,2020-05-13,7.61,High Yield Corporate Bond Spread (Daily)
BAMLH0A0HYM2,2020-05-14,7.77,High Yield Corporate Bond Spread (Daily)
BAMLH0A0HYM2,2020-05-15,7.78,High Yield Corporate Bond Spread (Daily)
BAMLH0A0HYM2,2020-05-18,7.41,High Yield Corporate Bond Spread (Daily)
BAMLH0A0HYM2,2020-05-19,7.35,High Yield Corporate Bond Spread (Daily)
BAMLH0A0HYM2,2020-05-20,7.16,High Yield Corporate Bond Spread (Daily)
BAMLH0A0HYM2,2020-05-21,7.08,High Yield Corporate Bond Spread (Daily)
BAMLH0A0HYM2,2020-05-22,7.06,High Yield Corporate Bond Spread (Daily)
BAMLH0A0HYM2,2020-05-25,7.06,High Yield Corporate Bond Spread (Daily)
BAMLH0A0HYM2,2020-05-26,6.75,High Yield Corporate Bond Spread (Daily)
BAMLH0A0HYM2,2020-05-27,6.7,High Yield Corporate Bond Spread (Daily)
BAMLH0A0HYM2,2020-05-28,6.6,High Yield Corporate Bond Spread (Daily)
BAMLH0A0HYM2,2020-05-29,6.71,High Yield Corporate Bond Spread (Daily)
BAMLH0A0HYM2,2020-05-31,6.54,High Yield Corporate Bond Spread (Daily)
BAMLH0A0HYM2,2020-06-01,6.43,High Yield Corporate Bond Spread (Daily)
BAMLH0A0HYM2,2020-06-02,6.18,High Yield Corporate Bond Spread (Daily)
BAMLH0A0HYM2,2020-06-03,5.8,High Yield Corporate Bond Spread (Daily)
BAMLH0A0HYM2,2020-06-04,5.83,High Yield Corporate Bond Spread (Daily)
BAMLH0A0HYM2,2020-06-05,5.5,High Yield Corporate Bond Spread (Daily)
BAMLH0A0HYM2,2020-06-08,5.51,High Yield Corporate Bond Spread (Daily)
BAMLH0A0HYM2,2020-06-09,5.75,High Yield Corporate Bond Spread (Daily)
BAMLH0A0HYM2,2020-06-10,5.92,High Yield Corporate Bond Spread (Daily)
BAMLH0A0HYM2,2020-06-11,6.4,High Yield Corporate Bond Spread (Daily)
BAMLH0A0HYM2,2020-06-12,6.28,High Yield Corporate Bond Spread (Daily)
BAMLH0A0HYM2,2020-06-15,6.25,High Yield Corporate Bond Spread (Daily)
BAMLH0A0HYM2,2020-06-16,5.78,High Yield Corporate Bond Spread (Daily)
BAMLH0A0HYM2,2020-06-17,5.85,High Yield Corporate Bond Spread (Daily)
BAMLH0A0HYM2,2020-06-18,6.01,High Yield Corporate Bond Spread (Daily)
BAMLH0A0HYM2,2020-06-19,6.02,High Yield Corporate Bond Spread (Daily)
BAMLH0A0HYM2,2020-06-22,6.03,High Yield Corporate Bond Spread (Daily)
BAMLH0A0HYM2,2020-06-23,6.02,High Yield Corporate Bond Spread (Daily)
BAMLH0A0HYM2,2020-06-24,6.23,High Yield Corporate Bond Spread (Daily)
BAMLH0A0HYM2,2020-06-25,6.3,High Yield Corporate Bond Spread (Daily)
BAMLH0A0HYM2,2020-06-26,6.41,High Yield Corporate Bond Spread (Daily)
BAMLH0A0HYM2,2020-06-29,6.52,High Yield Corporate Bond Spread (Daily)
BAMLH0A0HYM2,2020-06-30,6.44,High Yield Corporate Bond Spread (Daily)
BAMLH0A0HYM2,2020-07-01,6.33,High Yield Corporate Bond Spread (Daily)
BAMLH0A0HYM2,2020-07-02,6.17,High Yield Corporate Bond Spread (Daily)
BAMLH0A0HYM2,2020-07-03,6.17,High Yield Corporate Bond Spread (Daily)
BAMLH0A0HYM2,2020-07-06,6.03,High Yield Corporate Bond Spread (Daily)
BAMLH0A0HYM2,2020-07-07,6.04,High Yield Corporate Bond Spread (Daily)
BAMLH0A0HYM2,2020-07-08,6.06,High Yield Corporate Bond Spread (Daily)
BAMLH0A0HYM2,2020-07-09,6.14,High Yield Corporate Bond Spread (Daily)
BAMLH0A0HYM2,2020-07-10,6.14,High Yield Corporate Bond Spread (Daily)
BAMLH0A0HYM2,2020-07-13,6.01,High Yield Corporate Bond Spread (Daily)
BAMLH0A0HYM2,2020-07-14,6.03,High Yield Corporate Bond Spread (Daily)
BAMLH0A0HYM2,2020-07-15,5.81,High Yield Corporate Bond Spread (Daily)
BAMLH0A0HYM2,2020-07-16,5.76,High Yield Corporate Bond Spread (Daily)
BAMLH0A0HYM2,2020-07-17,5.74,High Yield Corporate Bond Spread (Daily)
BAMLH0A0HYM2,2020-07-20,5.54,High Yield Corporate Bond Spread (Daily)
BAMLH0A0HYM2,2020-07-21,5.33,High Yield Corporate Bond Spread (Daily)
BAMLH0A0HYM2,2020-07-22,5.28,High Yield Corporate Bond Spread (Daily)
BAMLH0A0HYM2,2020-07-23,5.26,High Yield Corporate Bond Spread (Daily)
BAMLH0A0HYM2,2020-07-24,5.29,High Yield Corporate Bond Spread (Daily)
BAMLH0A0HYM2,2020-07-27,5.24,High Yield Corporate Bond Spread (Daily)
BAMLH0A0HYM2,2020-07-28,5.27,High Yield Corporate Bond Spread (Daily)
BAMLH0A0HYM2,2020-07-29,5.15,High Yield Corporate Bond Spread (Daily)
BAMLH0A0HYM2,2020-07-30,5.14,High Yield Corporate Bond Spread (Daily)
BAMLH0A0HYM2,2020-07-31,5.16,High Yield Corporate Bond Spread (Daily)
BAMLH0A0HYM2,2020-08-03,5.08,High Yield Corporate Bond Spread (Daily)
BAMLH0A0HYM2,2020-08-04,5.13,High Yield Corporate Bond Spread (Daily)
BAMLH0A0HYM2,2020-08-05,5.04,High Yield Corporate Bond Spread (Daily)
BAMLH0A0HYM2,2020-08-06,5.06,High Yield Corporate Bond Spread (Daily)
BAMLH0A0HYM2,2020-08-07,5.06,High Yield Corporate Bond Spread (Daily)
BAMLH0A0HYM2,2020-08-10,5.09,High Yield Corporate Bond Spread (Daily)
BAMLH0A0HYM2,2020-08-11,5.03,High Yield Corporate Bond Spread (Daily)
BAMLH0A0HYM2,2020-08-12,5.1,High Yield Corporate Bond Spread (Daily)
BAMLH0A0HYM2,2020-08-13,5.16,High Yield Corporate Bond Spread (Daily)
BAMLH0A0HYM2,2020-08-14,5.26,High Yield Corporate Bond Spread (Daily)
BAMLH0A0HYM2,2020-08-17,5.29,High Yield Corporate Bond Spread (Daily)
BAMLH0A0HYM2,2020-08-18,5.26,High Yield Corporate Bond Spread (Daily)
BAMLH0A0HYM2,2020-08-19,5.25,High Yield Corporate Bond Spread (Daily)
BAMLH0A0HYM2,2020-08-20,5.28,High Yield Corporate Bond Spread (Daily)
BAMLH0A0HYM2,2020-08-21,5.25,High Yield Corporate Bond Spread (Daily)
BAMLH0A0HYM2,2020-08-24,5.17,High Yield Corporate Bond Spread (Daily)
BAMLH0A0HYM2,2020-08-25,5.07,High Yield Corporate Bond Spread (Daily)
BAMLH0A0HYM2,2020-08-26,5.02,High Yield Corporate Bond Spread (Daily)
BAMLH0A0HYM2,2020-08-27,4.98,High Yield Corporate Bond Spread (Daily)
BAMLH0A0HYM2,2020-08-28,5.0,High Yield Corporate Bond Spread (Daily)
BAMLH0A0HYM2,2020-08-31,5.02,High Yield Corporate Bond Spread (Daily)
BAMLH0A0HYM2,2020-09-01,4.97,High Yield Corporate Bond Spread (Daily)
BAMLH0A0HYM2,2020-09-02,4.93,High Yield Corporate Bond Spread (Daily)
BAMLH0A0HYM2,2020-09-03,5.04,High Yield Corporate Bond Spread (Daily)
BAMLH0A0HYM2,2020-09-04,5.13,High Yield Corporate Bond Spread (Daily)
BAMLH0A0HYM2,2020-09-07,5.13,High Yield Corporate Bond Spread (Daily)
BAMLH0A0HYM2,2020-09-08,5.25,High Yield Corporate Bond Spread (Daily)
BAMLH0A0HYM2,2020-09-09,5.16,High Yield Corporate Bond Spread (Daily)
BAMLH0A0HYM2,2020-09-10,5.16,High Yield Corporate Bond Spread (Daily)
BAMLH0A0HYM2,2020-09-11,5.21,High Yield Corporate Bond Spread (Daily)
BAMLH0A0HYM2,2020-09-14,5.18,High Yield Corporate Bond Spread (Daily)
BAMLH0A0HYM2,2020-09-15,5.14,High Yield Corporate Bond Spread (Daily)
BAMLH0A0HYM2,2020-09-16,5.07,High Yield Corporate Bond Spread (Daily)
BAMLH0A0HYM2,2020-09-17,5.14,High Yield Corporate Bond Spread (Daily)
BAMLH0A0HYM2,2020-09-18,5.16,High Yield Corporate Bond Spread (Daily)
BAMLH0A0HYM2,2020-09-21,5.42,High Yield Corporate Bond Spread (Daily)
BAMLH0A0HYM2,2020-09-22,5.45,High Yield Corporate Bond Spread (Daily)
BAMLH0A0HYM2,2020-09-23,5.47,High Yield Corporate Bond Spread (Daily)
BAMLH0A0HYM2,2020-09-24,5.64,High Yield Corporate Bond Spread (Daily)
BAMLH0A0HYM2,2020-09-25,5.64,High Yield Corporate Bond Spread (Daily)
BAMLH0A0HYM2,2020-09-28,5.52,High Yield Corporate Bond Spread (Daily)
BAMLH0A0HYM2,2020-09-29,5.5,High Yield Corporate Bond Spread (Daily)
BAMLH0A0HYM2,2020-09-30,5.41,High Yield Corporate Bond Spread (Daily)
BAMLH0A0HYM2,2020-10-01,5.36,High Yield Corporate Bond Spread (Daily)
BAMLH0A0HYM2,2020-10-02,5.38,High Yield Corporate Bond Spread (Daily)
BAMLH0A0HYM2,2020-10-05,5.18,High Yield Corporate Bond Spread (Daily)
BAMLH0A0HYM2,2020-10-06,5.06,High Yield Corporate Bond Spread (Daily)
BAMLH0A0HYM2,2020-10-07,5.02,High Yield Corporate Bond Spread (Daily)
BAMLH0A0HYM2,2020-10-08,4.97,High Yield Corporate Bond Spread (Daily)
BAMLH0A0HYM2,2020-10-09,4.92,High Yield Corporate Bond Spread (Daily)
BAMLH0A0HYM2,2020-10-12,4.92,High Yield Corporate Bond Spread (Daily)
BAMLH0A0HYM2,2020-10-13,4.88,High Yield Corporate Bond Spread (Daily)
BAMLH0A0HYM2,2020-10-14,4.89,High Yield Corporate Bond Spread (Daily)
BAMLH0A0HYM2,2020-10-15,5.01,High Yield Corporate Bond Spread (Daily)
BAMLH0A0HYM2,2020-10-16,4.94,High Yield Corporate Bond Spread (Daily)
BAMLH0A0HYM2,2020-10-19,4.91,High Yield Corporate Bond Spread (Daily)
BAMLH0A0HYM2,2020-10-20,4.9,High Yield Corporate Bond Spread (Daily)
BAMLH0A0HYM2,2020-10-21,4.91,High Yield Corporate Bond Spread (Daily)
BAMLH0A0HYM2,2020-10-22,4.88,High Yield Corporate Bond Spread (Daily)
BAMLH0A0HYM2,2020-10-23,4.87,High Yield Corporate Bond Spread (Daily)
BAMLH0A0HYM2,2020-10-26,5.03,High Yield Corporate Bond Spread (Daily)
BAMLH0A0HYM2,2020-10-27,5.06,High Yield Corporate Bond Spread (Daily)
BAMLH0A0HYM2,2020-10-28,5.29,High Yield Corporate Bond Spread (Daily)
BAMLH0A0HYM2,2020-10-29,5.25,High Yield Corporate Bond Spread (Daily)
BAMLH0A0HYM2,2020-10-30,5.25,High Yield Corporate Bond Spread (Daily)
BAMLH0A0HYM2,2020-10-31,5.32,High Yield Corporate Bond Spread (Daily)
BAMLH0A0HYM2,2020-11-02,5.25,High Yield Corporate Bond Spread (Daily)
BAMLH0A0HYM2,2020-11-03,5.07,High Yield Corporate Bond Spread (Daily)
BAMLH0A0HYM2,2020-11-04,4.79,High Yield Corporate Bond Spread (Daily)
BAMLH0A0HYM2,2020-11-05,4.59,High Yield Corporate Bond Spread (Daily)
BAMLH0A0HYM2,2020-11-06,4.67,High Yield Corporate Bond Spread (Daily)
BAMLH0A0HYM2,2020-11-09,4.22,High Yield Corporate Bond Spread (Daily)
BAMLH0A0HYM2,2020-11-10,4.37,High Yield Corporate Bond Spread (Daily)
BAMLH0A0HYM2,2020-11-11,4.37,High Yield Corporate Bond Spread (Daily)
BAMLH0A0HYM2,2020-11-12,4.62,High Yield Corporate Bond Spread (Daily)
BAMLH0A0HYM2,2020-11-13,4.63,High Yield Corporate Bond Spread (Daily)
BAMLH0A0HYM2,2020-11-16,4.5,High Yield Corporate Bond Spread (Daily)
BAMLH0A0HYM2,2020-11-17,4.48,High Yield Corporate Bond Spread (Daily)
BAMLH0A0HYM2,2020-11-18,4.42,High Yield Corporate Bond Spread (Daily)
BAMLH0A0HYM2,2020-11-19,4.48,High Yield Corporate Bond Spread (Daily)
BAMLH0A0HYM2,2020-11-20,4.49,High Yield Corporate Bond Spread (Daily)
BAMLH0A0HYM2,2020-11-23,4.43,High Yield Corporate Bond Spread (Daily)
BAMLH0A0HYM2,2020-11-24,4.31,High Yield Corporate Bond Spread (Daily)
BAMLH0A0HYM2,2020-11-25,4.33,High Yield Corporate Bond Spread (Daily)
BAMLH0A0HYM2,2020-11-26,4.33,High Yield Corporate Bond Spread (Daily)
BAMLH0A0HYM2,2020-11-27,4.35,High Yield Corporate Bond Spread (Daily)
BAMLH0A0HYM2,2020-11-30,4.33,High Yield Corporate Bond Spread (Daily)
BAMLH0A0HYM2,2020-12-01,4.21,High Yield Corporate Bond Spread (Daily)
BAMLH0A0HYM2,2020-12-02,4.17,High Yield Corporate Bond Spread (Daily)
BAMLH0A0HYM2,2020-12-03,4.1,High Yield Corporate Bond Spread (Daily)
BAMLH0A0HYM2,2020-12-04,4.03,High Yield Corporate Bond Spread (Daily)
BAMLH0A0HYM2,2020-12-07,4.03,High Yield Corporate Bond Spread (Daily)
BAMLH0A0HYM2,2020-12-08,4.03,High Yield Corporate Bond Spread (Daily)
BAMLH0A0HYM2,2020-12-09,4.04,High Yield Corporate Bond Spread (Daily)
BAMLH0A0HYM2,2020-12-10,4.08,High Yield Corporate Bond Spread (Daily)
BAMLH0A0HYM2,2020-12-11,4.13,High Yield Corporate Bond Spread (Daily)
BAMLH0A0HYM2,2020-12-14,4.07,High Yield Corporate Bond Spread (Daily)
BAMLH0A0HYM2,2020-12-15,4.06,High Yield Corporate Bond Spread (Daily)
BAMLH0A0HYM2,2020-12-16,4.06,High Yield Corporate Bond Spread (Daily)
BAMLH0A0HYM2,2020-12-17,4.05,High Yield Corporate Bond Spread (Daily)
BAMLH0A0HYM2,2020-12-18,4.03,High Yield Corporate Bond Spread (Daily)
BAMLH0A0HYM2,2020-12-21,4.18,High Yield Corporate Bond Spread (Daily)
BAMLH0A0HYM2,2020-12-22,4.12,High Yield Corporate Bond Spread (Daily)
BAMLH0A0HYM2,2020-12-23,4.07,High Yield Corporate Bond Spread (Daily)
BAMLH0A0HYM2,2020-12-24,4.05,High Yield Corporate Bond Spread (Daily)
BAMLH0A0HYM2,2020-12-28,3.89,High Yield Corporate Bond Spread (Daily)
BAMLH0A0HYM2,2020-12-29,3.85,High Yield Corporate Bond Spread (Daily)
BAMLH0A0HYM2,2020-12-30,3.87,High Yield Corporate Bond Spread (Daily)
BAMLH0A0HYM2,2020-12-31,3.86,High Yield Corporate Bond Spread (Daily)
BAMLH0A0HYM2,2021-01-04,3.93,High Yield Corporate Bond Spread (Daily)
BAMLH0A0HYM2,2021-01-05,3.92,High Yield Corporate Bond Spread (Daily)
BAMLH0A0HYM2,2021-01-06,3.8,High Yield Corporate Bond Spread (Daily)
BAMLH0A0HYM2,2021-01-07,3.78,High Yield Corporate Bond Spread (Daily)
BAMLH0A0HYM2,2021-01-08,3.76,High Yield Corporate Bond Spread (Daily)
BAMLH0A0HYM2,2021-01-11,3.82,High Yield Corporate Bond Spread (Daily)
BAMLH0A0HYM2,2021-01-12,3.85,High Yield Corporate Bond Spread (Daily)
BAMLH0A0HYM2,2021-01-13,3.82,High Yield Corporate Bond Spread (Daily)
BAMLH0A0HYM2,2021-01-14,3.73,High Yield Corporate Bond Spread (Daily)
BAMLH0A0HYM2,2021-01-15,3.74,High Yield Corporate Bond Spread (Daily)
BAMLH0A0HYM2,2021-01-18,3.73,High Yield Corporate Bond Spread (Daily)
BAMLH0A0HYM2,2021-01-19,3.71,High Yield Corporate Bond Spread (Daily)
BAMLH0A0HYM2,2021-01-20,3.67,High Yield Corporate Bond Spread (Daily)
BAMLH0A0HYM2,2021-01-21,3.65,High Yield Corporate Bond Spread (Daily)
BAMLH0A0HYM2,2021-01-22,3.75,High Yield Corporate Bond Spread (Daily)
BAMLH0A0HYM2,2021-01-25,3.75,High Yield Corporate Bond Spread (Daily)
BAMLH0A0HYM2,2021-01-26,3.74,High Yield Corporate Bond Spread (Daily)
BAMLH0A0HYM2,2021-01-27,3.85,High Yield Corporate Bond Spread (Daily)
BAMLH0A0HYM2,2021-01-28,3.76,High Yield Corporate Bond Spread (Daily)
BAMLH0A0HYM2,2021-01-29,3.79,High Yield Corporate Bond Spread (Daily)
BAMLH0A0HYM2,2021-01-31,3.84,High Yield Corporate Bond Spread (Daily)
BAMLH0A0HYM2,2021-02-01,3.83,High Yield Corporate Bond Spread (Daily)
BAMLH0A0HYM2,2021-02-02,3.75,High Yield Corporate Bond Spread (Daily)
BAMLH0A0HYM2,2021-02-03,3.68,High Yield Corporate Bond Spread (Daily)
BAMLH0A0HYM2,2021-02-04,3.64,High Yield Corporate Bond Spread (Daily)
BAMLH0A0HYM2,2021-02-05,3.58,High Yield Corporate Bond Spread (Daily)
BAMLH0A0HYM2,2021-02-08,3.54,High Yield Corporate Bond Spread (Daily)
BAMLH0A0HYM2,2021-02-09,3.51,High Yield Corporate Bond Spread (Daily)
BAMLH0A0HYM2,2021-02-10,3.51,High Yield Corporate Bond Spread (Daily)
BAMLH0A0HYM2,2021-02-11,3.5,High Yield Corporate Bond Spread (Daily)
BAMLH0A0HYM2,2021-02-12,3.48,High Yield Corporate Bond Spread (Daily)
BAMLH0A0HYM2,2021-02-15,3.47,High Yield Corporate Bond Spread (Daily)
BAMLH0A0HYM2,2021-02-16,3.41,High Yield Corporate Bond Spread (Daily)
BAMLH0A0HYM2,2021-02-17,3.44,High Yield Corporate Bond Spread (Daily)
BAMLH0A0HYM2,2021-02-18,3.46,High Yield Corporate Bond Spread (Daily)
BAMLH0A0HYM2,2021-02-19,3.41,High Yield Corporate Bond Spread (Daily)
BAMLH0A0HYM2,2021-02-22,3.44,High Yield Corporate Bond Spread (Daily)
BAMLH0A0HYM2,2021-02-23,3.47,High Yield Corporate Bond Spread (Daily)
BAMLH0A0HYM2,2021-02-24,3.42,High Yield Corporate Bond Spread (Daily)
BAMLH0A0HYM2,2021-02-25,3.42,High Yield Corporate Bond Spread (Daily)
BAMLH0A0HYM2,2021-02-26,3.52,High Yield Corporate Bond Spread (Daily)
BAMLH0A0HYM2,2021-02-28,3.57,High Yield Corporate Bond Spread (Daily)
BAMLH0A0HYM2,2021-03-01,3.54,High Yield Corporate Bond Spread (Daily)
BAMLH0A0HYM2,2021-03-02,3.53,High Yield Corporate Bond Spread (Daily)
BAMLH0A0HYM2,2021-03-03,3.51,High Yield Corporate Bond Spread (Daily)
BAMLH0A0HYM2,2021-03-04,3.54,High Yield Corporate Bond Spread (Daily)
BAMLH0A0HYM2,2021-03-05,3.6,High Yield Corporate Bond Spread (Daily)
BAMLH0A0HYM2,2021-03-08,3.57,High Yield Corporate Bond Spread (Daily)
BAMLH0A0HYM2,2021-03-09,3.62,High Yield Corporate Bond Spread (Daily)
BAMLH0A0HYM2,2021-03-10,3.63,High Yield Corporate Bond Spread (Daily)
BAMLH0A0HYM2,2021-03-11,3.52,High Yield Corporate Bond Spread (Daily)
BAMLH0A0HYM2,2021-03-12,3.55,High Yield Corporate Bond Spread (Daily)
BAMLH0A0HYM2,2021-03-15,3.55,High Yield Corporate Bond Spread (Daily)
BAMLH0A0HYM2,2021-03-16,3.55,High Yield Corporate Bond Spread (Daily)
BAMLH0A0HYM2,2021-03-17,3.65,High Yield Corporate Bond Spread (Daily)
BAMLH0A0HYM2,2021-03-18,3.66,High Yield Corporate Bond Spread (Daily)
BAMLH0A0HYM2,2021-03-19,3.67,High Yield Corporate Bond Spread (Daily)
BAMLH0A0HYM2,2021-03-22,3.58,High Yield Corporate Bond Spread (Daily)
BAMLH0A0HYM2,2021-03-23,3.57,High Yield Corporate Bond Spread (Daily)
BAMLH0A0HYM2,2021-03-24,3.51,High Yield Corporate Bond Spread (Daily)
BAMLH0A0HYM2,2021-03-25,3.53,High Yield Corporate Bond Spread (Daily)
BAMLH0A0HYM2,2021-03-26,3.48,High Yield Corporate Bond Spread (Daily)
BAMLH0A0HYM2,2021-03-29,3.43,High Yield Corporate Bond Spread (Daily)
BAMLH0A0HYM2,2021-03-30,3.44,High Yield Corporate Bond Spread (Daily)
BAMLH0A0HYM2,2021-03-31,3.36,High Yield Corporate Bond Spread (Daily)
BAMLH0A0HYM2,2021-04-01,3.33,High Yield Corporate Bond Spread (Daily)
BAMLH0A0HYM2,2021-04-05,3.25,High Yield Corporate Bond Spread (Daily)
BAMLH0A0HYM2,2021-04-06,3.25,High Yield Corporate Bond Spread (Daily)
BAMLH0A0HYM2,2021-04-07,3.22,High Yield Corporate Bond Spread (Daily)
BAMLH0A0HYM2,2021-04-08,3.21,High Yield Corporate Bond Spread (Daily)
BAMLH0A0HYM2,2021-04-09,3.24,High Yield Corporate Bond Spread (Daily)
BAMLH0A0HYM2,2021-04-12,3.24,High Yield Corporate Bond Spread (Daily)
BAMLH0A0HYM2,2021-04-13,3.32,High Yield Corporate Bond Spread (Daily)
BAMLH0A0HYM2,2021-04-14,3.25,High Yield Corporate Bond Spread (Daily)
BAMLH0A0HYM2,2021-04-15,3.25,High Yield Corporate Bond Spread (Daily)
BAMLH0A0HYM2,2021-04-16,3.22,High Yield Corporate Bond Spread (Daily)
BAMLH0A0HYM2,2021-04-19,3.25,High Yield Corporate Bond Spread (Daily)
BAMLH0A0HYM2,2021-04-20,3.35,High Yield Corporate Bond Spread (Daily)
BAMLH0A0HYM2,2021-04-21,3.34,High Yield Corporate Bond Spread (Daily)
BAMLH0A0HYM2,2021-04-22,3.34,High Yield Corporate Bond Spread (Daily)
BAMLH0A0HYM2,2021-04-23,3.29,High Yield Corporate Bond Spread (Daily)
BAMLH0A0HYM2,2021-04-26,3.26,High Yield Corporate Bond Spread (Daily)
BAMLH0A0HYM2,2021-04-27,3.24,High Yield Corporate Bond Spread (Daily)
BAMLH0A0HYM2,2021-04-28,3.26,High Yield Corporate Bond Spread (Daily)
BAMLH0A0HYM2,2021-04-29,3.24,High Yield Corporate Bond Spread (Daily)
BAMLH0A0HYM2,2021-04-30,3.28,High Yield Corporate Bond Spread (Daily)
BAMLH0A0HYM2,2021-05-03,3.27,High Yield Corporate Bond Spread (Daily)
BAMLH0A0HYM2,2021-05-04,3.32,High Yield Corporate Bond Spread (Daily)
BAMLH0A0HYM2,2021-05-05,3.29,High Yield Corporate Bond Spread (Daily)
BAMLH0A0HYM2,2021-05-06,3.3,High Yield Corporate Bond Spread (Daily)
BAMLH0A0HYM2,2021-05-07,3.27,High Yield Corporate Bond Spread (Daily)
BAMLH0A0HYM2,2021-05-10,3.26,High Yield Corporate Bond Spread (Daily)
BAMLH0A0HYM2,2021-05-11,3.36,High Yield Corporate Bond Spread (Daily)
BAMLH0A0HYM2,2021-05-12,3.34,High Yield Corporate Bond Spread (Daily)
BAMLH0A0HYM2,2021-05-13,3.37,High Yield Corporate Bond Spread (Daily)
BAMLH0A0HYM2,2021-05-14,3.35,High Yield Corporate Bond Spread (Daily)
BAMLH0A0HYM2,2021-05-17,3.35,High Yield Corporate Bond Spread (Daily)
BAMLH0A0HYM2,2021-05-18,3.35,High Yield Corporate Bond Spread (Daily)
BAMLH0A0HYM2,2021-05-19,3.4,High Yield Corporate Bond Spread (Daily)
BAMLH0A0HYM2,2021-05-20,3.42,High Yield Corporate Bond Spread (Daily)
BAMLH0A0HYM2,2021-05-21,3.37,High Yield Corporate Bond Spread (Daily)
BAMLH0A0HYM2,2021-05-24,3.37,High Yield Corporate Bond Spread (Daily)
BAMLH0A0HYM2,2021-05-25,3.34,High Yield Corporate Bond Spread (Daily)
BAMLH0A0HYM2,2021-05-26,3.35,High Yield Corporate Bond Spread (Daily)
BAMLH0A0HYM2,2021-05-27,3.3,High Yield Corporate Bond Spread (Daily)
BAMLH0A0HYM2,2021-05-28,3.29,High Yield Corporate Bond Spread (Daily)
BAMLH0A0HYM2,2021-05-31,3.34,High Yield Corporate Bond Spread (Daily)
BAMLH0A0HYM2,2021-06-01,3.33,High Yield Corporate Bond Spread (Daily)
BAMLH0A0HYM2,2021-06-02,3.31,High Yield Corporate Bond Spread (Daily)
BAMLH0A0HYM2,2021-06-03,3.28,High Yield Corporate Bond Spread (Daily)
BAMLH0A0HYM2,2021-06-04,3.28,High Yield Corporate Bond Spread (Daily)
BAMLH0A0HYM2,2021-06-07,3.27,High Yield Corporate Bond Spread (Daily)
BAMLH0A0HYM2,2021-06-08,3.26,High Yield Corporate Bond Spread (Daily)
BAMLH0A0HYM2,2021-06-09,3.22,High Yield Corporate Bond Spread (Daily)
BAMLH0A0HYM2,2021-06-10,3.23,High Yield Corporate Bond Spread (Daily)
BAMLH0A0HYM2,2021-06-11,3.21,High Yield Corporate Bond Spread (Daily)
BAMLH0A0HYM2,2021-06-14,3.17,High Yield Corporate Bond Spread (Daily)
BAMLH0A0HYM2,2021-06-15,3.17,High Yield Corporate Bond Spread (Daily)
BAMLH0A0HYM2,2021-06-16,3.12,High Yield Corporate Bond Spread (Daily)
BAMLH0A0HYM2,2021-06-17,3.15,High Yield Corporate Bond Spread (Daily)
BAMLH0A0HYM2,2021-06-18,3.18,High Yield Corporate Bond Spread (Daily)
BAMLH0A0HYM2,2021-06-21,3.14,High Yield Corporate Bond Spread (Daily)
BAMLH0A0HYM2,2021-06-22,3.15,High Yield Corporate Bond Spread (Daily)
BAMLH0A0HYM2,2021-06-23,3.13,High Yield Corporate Bond Spread (Daily)
BAMLH0A0HYM2,2021-06-24,3.08,High Yield Corporate Bond Spread (Daily)
BAMLH0A0HYM2,2021-06-25,3.04,High Yield Corporate Bond Spread (Daily)
BAMLH0A0HYM2,2021-06-28,3.05,High Yield Corporate Bond Spread (Daily)
BAMLH0A0HYM2,2021-06-29,3.03,High Yield Corporate Bond Spread (Daily)
BAMLH0A0HYM2,2021-06-30,3.04,High Yield Corporate Bond Spread (Daily)
BAMLH0A0HYM2,2021-07-01,3.02,High Yield Corporate Bond Spread (Daily)
BAMLH0A0HYM2,2021-07-02,3.04,High Yield Corporate Bond Spread (Daily)
BAMLH0A0HYM2,2021-07-05,3.03,High Yield Corporate Bond Spread (Daily)
BAMLH0A0HYM2,2021-07-06,3.05,High Yield Corporate Bond Spread (Daily)
BAMLH0A0HYM2,2021-07-07,3.05,High Yield Corporate Bond Spread (Daily)
BAMLH0A0HYM2,2021-07-08,3.14,High Yield Corporate Bond Spread (Daily)
BAMLH0A0HYM2,2021-07-09,3.07,High Yield Corporate Bond Spread (Daily)
BAMLH0A0HYM2,2021-07-12,3.05,High Yield Corporate Bond Spread (Daily)
BAMLH0A0HYM2,2021-07-13,3.04,High Yield Corporate Bond Spread (Daily)
BAMLH0A0HYM2,2021-07-14,3.1,High Yield Corporate Bond Spread (Daily)
BAMLH0A0HYM2,2021-07-15,3.14,High Yield Corporate Bond Spread (Daily)
BAMLH0A0HYM2,2021-07-16,3.18,High Yield Corporate Bond Spread (Daily)
BAMLH0A0HYM2,2021-07-19,3.44,High Yield Corporate Bond Spread (Daily)
BAMLH0A0HYM2,2021-07-20,3.38,High Yield Corporate Bond Spread (Daily)
BAMLH0A0HYM2,2021-07-21,3.24,High Yield Corporate Bond Spread (Daily)
BAMLH0A0HYM2,2021-07-22,3.24,High Yield Corporate Bond Spread (Daily)
BAMLH0A0HYM2,2021-07-23,3.22,High Yield Corporate Bond Spread (Daily)
BAMLH0A0HYM2,2021-07-26,3.21,High Yield Corporate Bond Spread (Daily)
BAMLH0A0HYM2,2021-07-27,3.27,High Yield Corporate Bond Spread (Daily)
BAMLH0A0HYM2,2021-07-28,3.26,High Yield Corporate Bond Spread (Daily)
BAMLH0A0HYM2,2021-07-29,3.23,High Yield Corporate Bond Spread (Daily)
BAMLH0A0HYM2,2021-07-30,3.26,High Yield Corporate Bond Spread (Daily)
BAMLH0A0HYM2,2021-07-31,3.32,High Yield Corporate Bond Spread (Daily)
BAMLH0A0HYM2,2021-08-02,3.36,High Yield Corporate Bond Spread (Daily)
BAMLH0A0HYM2,2021-08-03,3.42,High Yield Corporate Bond Spread (Daily)
BAMLH0A0HYM2,2021-08-04,3.42,High Yield Corporate Bond Spread (Daily)
BAMLH0A0HYM2,2021-08-05,3.37,High Yield Corporate Bond Spread (Daily)
BAMLH0A0HYM2,2021-08-06,3.32,High Yield Corporate Bond Spread (Daily)
BAMLH0A0HYM2,2021-08-09,3.34,High Yield Corporate Bond Spread (Daily)
BAMLH0A0HYM2,2021-08-10,3.32,High Yield Corporate Bond Spread (Daily)
BAMLH0A0HYM2,2021-08-11,3.37,High Yield Corporate Bond Spread (Daily)
BAMLH0A0HYM2,2021-08-12,3.34,High Yield Corporate Bond Spread (Daily)
BAMLH0A0HYM2,2021-08-13,3.36,High Yield Corporate Bond Spread (Daily)
BAMLH0A0HYM2,2021-08-16,3.38,High Yield Corporate Bond Spread (Daily)
BAMLH0A0HYM2,2021-08-17,3.37,High Yield Corporate Bond Spread (Daily)
BAMLH0A0HYM2,2021-08-18,3.35,High Yield Corporate Bond Spread (Daily)
BAMLH0A0HYM2,2021-08-19,3.42,High Yield Corporate Bond Spread (Daily)
BAMLH0A0HYM2,2021-08-20,3.37,High Yield Corporate Bond Spread (Daily)
BAMLH0A0HYM2,2021-08-23,3.34,High Yield Corporate Bond Spread (Daily)
BAMLH0A0HYM2,2021-08-24,3.26,High Yield Corporate Bond Spread (Daily)
BAMLH0A0HYM2,2021-08-25,3.22,High Yield Corporate Bond Spread (Daily)
BAMLH0A0HYM2,2021-08-26,3.2,High Yield Corporate Bond Spread (Daily)
BAMLH0A0HYM2,2021-08-27,3.17,High Yield Corporate Bond Spread (Daily)
BAMLH0A0HYM2,2021-08-30,3.16,High Yield Corporate Bond Spread (Daily)
BAMLH0A0HYM2,2021-08-31,3.21,High Yield Corporate Bond Spread (Daily)
BAMLH0A0HYM2,2021-09-01,3.19,High Yield Corporate Bond Spread (Daily)
BAMLH0A0HYM2,2021-09-02,3.16,High Yield Corporate Bond Spread (Daily)
BAMLH0A0HYM2,2021-09-03,3.14,High Yield Corporate Bond Spread (Daily)
BAMLH0A0HYM2,2021-09-06,3.13,High Yield Corporate Bond Spread (Daily)
BAMLH0A0HYM2,2021-09-07,3.16,High Yield Corporate Bond Spread (Daily)
BAMLH0A0HYM2,2021-09-08,3.16,High Yield Corporate Bond Spread (Daily)
BAMLH0A0HYM2,2021-09-09,3.15,High Yield Corporate Bond Spread (Daily)
BAMLH0A0HYM2,2021-09-10,3.11,High Yield Corporate Bond Spread (Daily)
BAMLH0A0HYM2,2021-09-13,3.09,High Yield Corporate Bond Spread (Daily)
BAMLH0A0HYM2,2021-09-14,3.11,High Yield Corporate Bond Spread (Daily)
BAMLH0A0HYM2,2021-09-15,3.08,High Yield Corporate Bond Spread (Daily)
BAMLH0A0HYM2,2021-09-16,3.06,High Yield Corporate Bond Spread (Daily)
BAMLH0A0HYM2,2021-09-17,3.04,High Yield Corporate Bond Spread (Daily)
BAMLH0A0HYM2,2021-09-20,3.23,High Yield Corporate Bond Spread (Daily)
BAMLH0A0HYM2,2021-09-21,3.17,High Yield Corporate Bond Spread (Daily)
BAMLH0A0HYM2,2021-09-22,3.09,High Yield Corporate Bond Spread (Daily)
BAMLH0A0HYM2,2021-09-23,3.03,High Yield Corporate Bond Spread (Daily)
BAMLH0A0HYM2,2021-09-24,3.05,High Yield Corporate Bond Spread (Daily)
BAMLH0A0HYM2,2021-09-27,3.06,High Yield Corporate Bond Spread (Daily)
BAMLH0A0HYM2,2021-09-28,3.13,High Yield Corporate Bond Spread (Daily)
BAMLH0A0HYM2,2021-09-29,3.09,High Yield Corporate Bond Spread (Daily)
BAMLH0A0HYM2,2021-09-30,3.15,High Yield Corporate Bond Spread (Daily)
BAMLH0A0HYM2,2021-10-01,3.2,High Yield Corporate Bond Spread (Daily)
BAMLH0A0HYM2,2021-10-04,3.21,High Yield Corporate Bond Spread (Daily)
BAMLH0A0HYM2,2021-10-05,3.17,High Yield Corporate Bond Spread (Daily)
BAMLH0A0HYM2,2021-10-06,3.29,High Yield Corporate Bond Spread (Daily)
BAMLH0A0HYM2,2021-10-07,3.19,High Yield Corporate Bond Spread (Daily)
BAMLH0A0HYM2,2021-10-08,3.2,High Yield Corporate Bond Spread (Daily)
BAMLH0A0HYM2,2021-10-11,3.2,High Yield Corporate Bond Spread (Daily)
BAMLH0A0HYM2,2021-10-12,3.28,High Yield Corporate Bond Spread (Daily)
BAMLH0A0HYM2,2021-10-13,3.25,High Yield Corporate Bond Spread (Daily)
BAMLH0A0HYM2,2021-10-14,3.18,High Yield Corporate Bond Spread (Daily)
BAMLH0A0HYM2,2021-10-15,3.12,High Yield Corporate Bond Spread (Daily)
BAMLH0A0HYM2,2021-10-18,3.11,High Yield Corporate Bond Spread (Daily)
BAMLH0A0HYM2,2021-10-19,3.09,High Yield Corporate Bond Spread (Daily)
BAMLH0A0HYM2,2021-10-20,3.07,High Yield Corporate Bond Spread (Daily)
BAMLH0A0HYM2,2021-10-21,3.03,High Yield Corporate Bond Spread (Daily)
BAMLH0A0HYM2,2021-10-22,3.07,High Yield Corporate Bond Spread (Daily)
BAMLH0A0HYM2,2021-10-25,3.11,High Yield Corporate Bond Spread (Daily)
BAMLH0A0HYM2,2021-10-26,3.09,High Yield Corporate Bond Spread (Daily)
BAMLH0A0HYM2,2021-10-27,3.11,High Yield Corporate Bond Spread (Daily)
BAMLH0A0HYM2,2021-10-28,3.08,High Yield Corporate Bond Spread (Daily)
BAMLH0A0HYM2,2021-10-29,3.08,High Yield Corporate Bond Spread (Daily)
BAMLH0A0HYM2,2021-10-31,3.15,High Yield Corporate Bond Spread (Daily)
BAMLH0A0HYM2,2021-11-01,3.16,High Yield Corporate Bond Spread (Daily)
BAMLH0A0HYM2,2021-11-02,3.21,High Yield Corporate Bond Spread (Daily)
BAMLH0A0HYM2,2021-11-03,3.18,High Yield Corporate Bond Spread (Daily)
BAMLH0A0HYM2,2021-11-04,3.19,High Yield Corporate Bond Spread (Daily)
BAMLH0A0HYM2,2021-11-05,3.12,High Yield Corporate Bond Spread (Daily)
BAMLH0A0HYM2,2021-11-08,3.03,High Yield Corporate Bond Spread (Daily)
BAMLH0A0HYM2,2021-11-09,3.08,High Yield Corporate Bond Spread (Daily)
BAMLH0A0HYM2,2021-11-10,3.06,High Yield Corporate Bond Spread (Daily)
BAMLH0A0HYM2,2021-11-11,3.06,High Yield Corporate Bond Spread (Daily)
BAMLH0A0HYM2,2021-11-12,3.09,High Yield Corporate Bond Spread (Daily)
BAMLH0A0HYM2,2021-11-15,3.1,High Yield Corporate Bond Spread (Daily)
BAMLH0A0HYM2,2021-11-16,3.12,High Yield Corporate Bond Spread (Daily)
BAMLH0A0HYM2,2021-11-17,3.17,High Yield Corporate Bond Spread (Daily)
BAMLH0A0HYM2,2021-11-18,3.19,High Yield Corporate Bond Spread (Daily)
BAMLH0A0HYM2,2021-11-19,3.24,High Yield Corporate Bond Spread (Daily)
BAMLH0A0HYM2,2021-11-22,3.18,High Yield Corporate Bond Spread (Daily)
BAMLH0A0HYM2,2021-11-23,3.3,High Yield Corporate Bond Spread (Daily)
BAMLH0A0HYM2,2021-11-24,3.32,High Yield Corporate Bond Spread (Daily)
BAMLH0A0HYM2,2021-11-25,3.32,High Yield Corporate Bond Spread (Daily)
BAMLH0A0HYM2,2021-11-26,3.62,High Yield Corporate Bond Spread (Daily)
BAMLH0A0HYM2,2021-11-29,3.53,High Yield Corporate Bond Spread (Daily)
BAMLH0A0HYM2,2021-11-30,3.67,High Yield Corporate Bond Spread (Daily)
BAMLH0A0HYM2,2021-12-01,3.58,High Yield Corporate Bond Spread (Daily)
BAMLH0A0HYM2,2021-12-02,3.54,High Yield Corporate Bond Spread (Daily)
BAMLH0A0HYM2,2021-12-03,3.56,High Yield Corporate Bond Spread (Daily)
BAMLH0A0HYM2,2021-12-06,3.41,High Yield Corporate Bond Spread (Daily)
BAMLH0A0HYM2,2021-12-07,3.16,High Yield Corporate Bond Spread (Daily)
BAMLH0A0HYM2,2021-12-08,3.21,High Yield Corporate Bond Spread (Daily)
BAMLH0A0HYM2,2021-12-09,3.25,High Yield Corporate Bond Spread (Daily)
BAMLH0A0HYM2,2021-12-10,3.29,High Yield Corporate Bond Spread (Daily)
BAMLH0A0HYM2,2021-12-13,3.33,High Yield Corporate Bond Spread (Daily)
BAMLH0A0HYM2,2021-12-14,3.35,High Yield Corporate Bond Spread (Daily)
BAMLH0A0HYM2,2021-12-15,3.33,High Yield Corporate Bond Spread (Daily)
BAMLH0A0HYM2,2021-12-16,3.32,High Yield Corporate Bond Spread (Daily)
BAMLH0A0HYM2,2021-12-17,3.36,High Yield Corporate Bond Spread (Daily)
BAMLH0A0HYM2,2021-12-20,3.41,High Yield Corporate Bond Spread (Daily)
BAMLH0A0HYM2,2021-12-21,3.25,High Yield Corporate Bond Spread (Daily)
BAMLH0A0HYM2,2021-12-22,3.21,High Yield Corporate Bond Spread (Daily)
BAMLH0A0HYM2,2021-12-23,3.12,High Yield Corporate Bond Spread (Daily)
BAMLH0A0HYM2,2021-12-27,3.02,High Yield Corporate Bond Spread (Daily)
BAMLH0A0HYM2,2021-12-28,3.01,High Yield Corporate Bond Spread (Daily)
BAMLH0A0HYM2,2021-12-29,3.03,High Yield Corporate Bond Spread (Daily)
BAMLH0A0HYM2,2021-12-30,3.09,High Yield Corporate Bond Spread (Daily)
BAMLH0A0HYM2,2021-12-31,3.1,High Yield Corporate Bond Spread (Daily)
BAMLH0A0HYM2,2022-01-03,3.05,High Yield Corporate Bond Spread (Daily)
BAMLH0A0HYM2,2022-01-04,3.09,High Yield Corporate Bond Spread (Daily)
BAMLH0A0HYM2,2022-01-05,3.07,High Yield Corporate Bond Spread (Daily)
BAMLH0A0HYM2,2022-01-06,3.15,High Yield Corporate Bond Spread (Daily)
BAMLH0A0HYM2,2022-01-07,3.2,High Yield Corporate Bond Spread (Daily)
BAMLH0A0HYM2,2022-01-10,3.24,High Yield Corporate Bond Spread (Daily)
BAMLH0A0HYM2,2022-01-11,3.18,High Yield Corporate Bond Spread (Daily)
BAMLH0A0HYM2,2022-01-12,3.06,High Yield Corporate Bond Spread (Daily)
BAMLH0A0HYM2,2022-01-13,3.1,High Yield Corporate Bond Spread (Daily)
BAMLH0A0HYM2,2022-01-14,3.09,High Yield Corporate Bond Spread (Daily)
BAMLH0A0HYM2,2022-01-17,3.09,High Yield Corporate Bond Spread (Daily)
BAMLH0A0HYM2,2022-01-18,3.12,High Yield Corporate Bond Spread (Daily)
BAMLH0A0HYM2,2022-01-19,3.11,High Yield Corporate Bond Spread (Daily)
BAMLH0A0HYM2,2022-01-20,3.1,High Yield Corporate Bond Spread (Daily)
BAMLH0A0HYM2,2022-01-21,3.29,High Yield Corporate Bond Spread (Daily)
BAMLH0A0HYM2,2022-01-24,3.44,High Yield Corporate Bond Spread (Daily)
BAMLH0A0HYM2,2022-01-25,3.39,High Yield Corporate Bond Spread (Daily)
BAMLH0A0HYM2,2022-01-26,3.25,High Yield Corporate Bond Spread (Daily)
BAMLH0A0HYM2,2022-01-27,3.46,High Yield Corporate Bond Spread (Daily)
BAMLH0A0HYM2,2022-01-28,3.61,High Yield Corporate Bond Spread (Daily)
BAMLH0A0HYM2,2022-01-31,3.63,High Yield Corporate Bond Spread (Daily)
BAMLH0A0HYM2,2022-02-01,3.51,High Yield Corporate Bond Spread (Daily)
BAMLH0A0HYM2,2022-02-02,3.45,High Yield Corporate Bond Spread (Daily)
BAMLH0A0HYM2,2022-02-03,3.51,High Yield Corporate Bond Spread (Daily)
BAMLH0A0HYM2,2022-02-04,3.56,High Yield Corporate Bond Spread (Daily)
BAMLH0A0HYM2,2022-02-07,3.6,High Yield Corporate Bond Spread (Daily)
BAMLH0A0HYM2,2022-02-08,3.55,High Yield Corporate Bond Spread (Daily)
BAMLH0A0HYM2,2022-02-09,3.46,High Yield Corporate Bond Spread (Daily)
BAMLH0A0HYM2,2022-02-10,3.44,High Yield Corporate Bond Spread (Daily)
BAMLH0A0HYM2,2022-02-11,3.66,High Yield Corporate Bond Spread (Daily)
BAMLH0A0HYM2,2022-02-14,3.74,High Yield Corporate Bond Spread (Daily)
BAMLH0A0HYM2,2022-02-15,3.67,High Yield Corporate Bond Spread (Daily)
BAMLH0A0HYM2,2022-02-16,3.68,High Yield Corporate Bond Spread (Daily)
BAMLH0A0HYM2,2022-02-17,3.74,High Yield Corporate Bond Spread (Daily)
BAMLH0A0HYM2,2022-02-18,3.78,High Yield Corporate Bond Spread (Daily)
BAMLH0A0HYM2,2022-02-21,3.78,High Yield Corporate Bond Spread (Daily)
BAMLH0A0HYM2,2022-02-22,3.75,High Yield Corporate Bond Spread (Daily)
BAMLH0A0HYM2,2022-02-23,3.72,High Yield Corporate Bond Spread (Daily)
BAMLH0A0HYM2,2022-02-24,3.93,High Yield Corporate Bond Spread (Daily)
BAMLH0A0HYM2,2022-02-25,3.62,High Yield Corporate Bond Spread (Daily)
BAMLH0A0HYM2,2022-02-28,3.77,High Yield Corporate Bond Spread (Daily)
BAMLH0A0HYM2,2022-03-01,3.89,High Yield Corporate Bond Spread (Daily)
BAMLH0A0HYM2,2022-03-02,3.71,High Yield Corporate Bond Spread (Daily)
BAMLH0A0HYM2,2022-03-03,3.71,High Yield Corporate Bond Spread (Daily)
BAMLH0A0HYM2,2022-03-04,3.9,High Yield Corporate Bond Spread (Daily)
BAMLH0A0HYM2,2022-03-07,4.01,High Yield Corporate Bond Spread (Daily)
BAMLH0A0HYM2,2022-03-08,4.03,High Yield Corporate Bond Spread (Daily)
BAMLH0A0HYM2,2022-03-09,3.94,High Yield Corporate Bond Spread (Daily)
BAMLH0A0HYM2,2022-03-10,4.0,High Yield Corporate Bond Spread (Daily)
BAMLH0A0HYM2,2022-03-11,4.05,High Yield Corporate Bond Spread (Daily)
BAMLH0A0HYM2,2022-03-14,4.16,High Yield Corporate Bond Spread (Daily)
BAMLH0A0HYM2,2022-03-15,4.21,High Yield Corporate Bond Spread (Daily)
BAMLH0A0HYM2,2022-03-16,3.96,High Yield Corporate Bond Spread (Daily)
BAMLH0A0HYM2,2022-03-17,3.81,High Yield Corporate Bond Spread (Daily)
BAMLH0A0HYM2,2022-03-18,3.81,High Yield Corporate Bond Spread (Daily)
BAMLH0A0HYM2,2022-03-21,3.67,High Yield Corporate Bond Spread (Daily)
BAMLH0A0HYM2,2022-03-22,3.7,High Yield Corporate Bond Spread (Daily)
BAMLH0A0HYM2,2022-03-23,3.72,High Yield Corporate Bond Spread (Daily)
BAMLH0A0HYM2,2022-03-24,3.67,High Yield Corporate Bond Spread (Daily)
BAMLH0A0HYM2,2022-03-25,3.51,High Yield Corporate Bond Spread (Daily)
BAMLH0A0HYM2,2022-03-28,3.54,High Yield Corporate Bond Spread (Daily)
BAMLH0A0HYM2,2022-03-29,3.38,High Yield Corporate Bond Spread (Daily)
BAMLH0A0HYM2,2022-03-30,3.33,High Yield Corporate Bond Spread (Daily)
BAMLH0A0HYM2,2022-03-31,3.43,High Yield Corporate Bond Spread (Daily)
BAMLH0A0HYM2,2022-04-01,3.4,High Yield Corporate Bond Spread (Daily)
BAMLH0A0HYM2,2022-04-04,3.33,High Yield Corporate Bond Spread (Daily)
BAMLH0A0HYM2,2022-04-05,3.27,High Yield Corporate Bond Spread (Daily)
BAMLH0A0HYM2,2022-04-06,3.48,High Yield Corporate Bond Spread (Daily)
BAMLH0A0HYM2,2022-04-07,3.54,High Yield Corporate Bond Spread (Daily)
BAMLH0A0HYM2,2022-04-08,3.57,High Yield Corporate Bond Spread (Daily)
BAMLH0A0HYM2,2022-04-11,3.73,High Yield Corporate Bond Spread (Daily)
BAMLH0A0HYM2,2022-04-12,3.75,High Yield Corporate Bond Spread (Daily)
BAMLH0A0HYM2,2022-04-13,3.77,High Yield Corporate Bond Spread (Daily)
BAMLH0A0HYM2,2022-04-14,3.68,High Yield Corporate Bond Spread (Daily)
BAMLH0A0HYM2,2022-04-18,3.64,High Yield Corporate Bond Spread (Daily)
BAMLH0A0HYM2,2022-04-19,3.58,High Yield Corporate Bond Spread (Daily)
BAMLH0A0HYM2,2022-04-20,3.56,High Yield Corporate Bond Spread (Daily)
BAMLH0A0HYM2,2022-04-21,3.5,High Yield Corporate Bond Spread (Daily)
BAMLH0A0HYM2,2022-04-22,3.65,High Yield Corporate Bond Spread (Daily)
BAMLH0A0HYM2,2022-04-25,3.8,High Yield Corporate Bond Spread (Daily)
BAMLH0A0HYM2,2022-04-26,3.83,High Yield Corporate Bond Spread (Daily)
BAMLH0A0HYM2,2022-04-27,3.89,High Yield Corporate Bond Spread (Daily)
BAMLH0A0HYM2,2022-04-28,3.83,High Yield Corporate Bond Spread (Daily)
BAMLH0A0HYM2,2022-04-29,3.93,High Yield Corporate Bond Spread (Daily)
BAMLH0A0HYM2,2022-04-30,3.97,High Yield Corporate Bond Spread (Daily)
BAMLH0A0HYM2,2022-05-02,4.05,High Yield Corporate Bond Spread (Daily)
BAMLH0A0HYM2,2022-05-03,3.97,High Yield Corporate Bond Spread (Daily)
BAMLH0A0HYM2,2022-05-04,4.1,High Yield Corporate Bond Spread (Daily)
BAMLH0A0HYM2,2022-05-05,4.03,High Yield Corporate Bond Spread (Daily)
BAMLH0A0HYM2,2022-05-06,4.18,High Yield Corporate Bond Spread (Daily)
BAMLH0A0HYM2,2022-05-09,4.47,High Yield Corporate Bond Spread (Daily)
BAMLH0A0HYM2,2022-05-10,4.52,High Yield Corporate Bond Spread (Daily)
BAMLH0A0HYM2,2022-05-11,4.55,High Yield Corporate Bond Spread (Daily)
BAMLH0A0HYM2,2022-05-12,4.77,High Yield Corporate Bond Spread (Daily)
BAMLH0A0HYM2,2022-05-13,4.63,High Yield Corporate Bond Spread (Daily)
BAMLH0A0HYM2,2022-05-16,4.71,High Yield Corporate Bond Spread (Daily)
BAMLH0A0HYM2,2022-05-17,4.6,High Yield Corporate Bond Spread (Daily)
BAMLH0A0HYM2,2022-05-18,4.84,High Yield Corporate Bond Spread (Daily)
BAMLH0A0HYM2,2022-05-19,4.92,High Yield Corporate Bond Spread (Daily)
BAMLH0A0HYM2,2022-05-20,4.91,High Yield Corporate Bond Spread (Daily)
BAMLH0A0HYM2,2022-05-23,4.82,High Yield Corporate Bond Spread (Daily)
BAMLH0A0HYM2,2022-05-24,4.94,High Yield Corporate Bond Spread (Daily)
BAMLH0A0HYM2,2022-05-25,4.74,High Yield Corporate Bond Spread (Daily)
BAMLH0A0HYM2,2022-05-26,4.38,High Yield Corporate Bond Spread (Daily)
BAMLH0A0HYM2,2022-05-27,4.19,High Yield Corporate Bond Spread (Daily)
BAMLH0A0HYM2,2022-05-30,4.19,High Yield Corporate Bond Spread (Daily)
BAMLH0A0HYM2,2022-05-31,4.22,High Yield Corporate Bond Spread (Daily)
BAMLH0A0HYM2,2022-06-01,4.13,High Yield Corporate Bond Spread (Daily)
BAMLH0A0HYM2,2022-06-02,4.15,High Yield Corporate Bond Spread (Daily)
BAMLH0A0HYM2,2022-06-03,4.21,High Yield Corporate Bond Spread (Daily)
BAMLH0A0HYM2,2022-06-06,4.19,High Yield Corporate Bond Spread (Daily)
BAMLH0A0HYM2,2022-06-07,4.34,High Yield Corporate Bond Spread (Daily)
BAMLH0A0HYM2,2022-06-08,4.34,High Yield Corporate Bond Spread (Daily)
BAMLH0A0HYM2,2022-06-09,4.42,High Yield Corporate Bond Spread (Daily)
BAMLH0A0HYM2,2022-06-10,4.51,High Yield Corporate Bond Spread (Daily)
BAMLH0A0HYM2,2022-06-13,4.87,High Yield Corporate Bond Spread (Daily)
BAMLH0A0HYM2,2022-06-14,4.9,High Yield Corporate Bond Spread (Daily)
BAMLH0A0HYM2,2022-06-15,4.82,High Yield Corporate Bond Spread (Daily)
BAMLH0A0HYM2,2022-06-16,5.17,High Yield Corporate Bond Spread (Daily)
BAMLH0A0HYM2,2022-06-17,5.15,High Yield Corporate Bond Spread (Daily)
BAMLH0A0HYM2,2022-06-20,5.15,High Yield Corporate Bond Spread (Daily)
BAMLH0A0HYM2,2022-06-21,5.05,High Yield Corporate Bond Spread (Daily)
BAMLH0A0HYM2,2022-06-22,5.32,High Yield Corporate Bond Spread (Daily)
BAMLH0A0HYM2,2022-06-23,5.38,High Yield Corporate Bond Spread (Daily)
BAMLH0A0HYM2,2022-06-24,5.18,High Yield Corporate Bond Spread (Daily)
BAMLH0A0HYM2,2022-06-27,5.11,High Yield Corporate Bond Spread (Daily)
BAMLH0A0HYM2,2022-06-28,5.26,High Yield Corporate Bond Spread (Daily)
BAMLH0A0HYM2,2022-06-29,5.62,High Yield Corporate Bond Spread (Daily)
BAMLH0A0HYM2,2022-06-30,5.87,High Yield Corporate Bond Spread (Daily)
BAMLH0A0HYM2,2022-07-01,5.92,High Yield Corporate Bond Spread (Daily)
BAMLH0A0HYM2,2022-07-04,5.93,High Yield Corporate Bond Spread (Daily)
BAMLH0A0HYM2,2022-07-05,5.99,High Yield Corporate Bond Spread (Daily)
BAMLH0A0HYM2,2022-07-06,5.8,High Yield Corporate Bond Spread (Daily)
BAMLH0A0HYM2,2022-07-07,5.5,High Yield Corporate Bond Spread (Daily)
BAMLH0A0HYM2,2022-07-08,5.36,High Yield Corporate Bond Spread (Daily)
BAMLH0A0HYM2,2022-07-11,5.44,High Yield Corporate Bond Spread (Daily)
BAMLH0A0HYM2,2022-07-12,5.43,High Yield Corporate Bond Spread (Daily)
BAMLH0A0HYM2,2022-07-13,5.47,High Yield Corporate Bond Spread (Daily)
BAMLH0A0HYM2,2022-07-14,5.53,High Yield Corporate Bond Spread (Daily)
BAMLH0A0HYM2,2022-07-15,5.39,High Yield Corporate Bond Spread (Daily)
BAMLH0A0HYM2,2022-07-18,5.25,High Yield Corporate Bond Spread (Daily)
BAMLH0A0HYM2,2022-07-19,5.1,High Yield Corporate Bond Spread (Daily)
BAMLH0A0HYM2,2022-07-20,4.9,High Yield Corporate Bond Spread (Daily)
BAMLH0A0HYM2,2022-07-21,4.99,High Yield Corporate Bond Spread (Daily)
BAMLH0A0HYM2,2022-07-22,4.96,High Yield Corporate Bond Spread (Daily)
BAMLH0A0HYM2,2022-07-25,4.95,High Yield Corporate Bond Spread (Daily)
BAMLH0A0HYM2,2022-07-26,5.06,High Yield Corporate Bond Spread (Daily)
BAMLH0A0HYM2,2022-07-27,5.07,High Yield Corporate Bond Spread (Daily)
BAMLH0A0HYM2,2022-07-28,4.98,High Yield Corporate Bond Spread (Daily)
BAMLH0A0HYM2,2022-07-29,4.77,High Yield Corporate Bond Spread (Daily)
BAMLH0A0HYM2,2022-07-31,4.83,High Yield Corporate Bond Spread (Daily)
BAMLH0A0HYM2,2022-08-01,4.8,High Yield Corporate Bond Spread (Daily)
BAMLH0A0HYM2,2022-08-02,4.61,High Yield Corporate Bond Spread (Daily)
BAMLH0A0HYM2,2022-08-03,4.54,High Yield Corporate Bond Spread (Daily)
BAMLH0A0HYM2,2022-08-04,4.55,High Yield Corporate Bond Spread (Daily)
BAMLH0A0HYM2,2022-08-05,4.44,High Yield Corporate Bond Spread (Daily)
BAMLH0A0HYM2,2022-08-08,4.41,High Yield Corporate Bond Spread (Daily)
BAMLH0A0HYM2,2022-08-09,4.46,High Yield Corporate Bond Spread (Daily)
BAMLH0A0HYM2,2022-08-10,4.33,High Yield Corporate Bond Spread (Daily)
BAMLH0A0HYM2,2022-08-11,4.21,High Yield Corporate Bond Spread (Daily)
BAMLH0A0HYM2,2022-08-12,4.25,High Yield Corporate Bond Spread (Daily)
BAMLH0A0HYM2,2022-08-15,4.24,High Yield Corporate Bond Spread (Daily)
BAMLH0A0HYM2,2022-08-16,4.25,High Yield Corporate Bond Spread (Daily)
BAMLH0A0HYM2,2022-08-17,4.33,High Yield Corporate Bond Spread (Daily)
BAMLH0A0HYM2,2022-08-18,4.37,High Yield Corporate Bond Spread (Daily)
BAMLH0A0HYM2,2022-08-19,4.45,High Yield Corporate Bond Spread (Daily)
BAMLH0A0HYM2,2022-08-22,4.62,High Yield Corporate Bond Spread (Daily)
BAMLH0A0HYM2,2022-08-23,4.68,High Yield Corporate Bond Spread (Daily)
BAMLH0A0HYM2,2022-08-24,4.61,High Yield Corporate Bond Spread (Daily)
BAMLH0A0HYM2,2022-08-25,4.6,High Yield Corporate Bond Spread (Daily)
BAMLH0A0HYM2,2022-08-26,4.65,High Yield Corporate Bond Spread (Daily)
BAMLH0A0HYM2,2022-08-29,4.78,High Yield Corporate Bond Spread (Daily)
BAMLH0A0HYM2,2022-08-30,4.9,High Yield Corporate Bond Spread (Daily)
BAMLH0A0HYM2,2022-08-31,5.03,High Yield Corporate Bond Spread (Daily)
BAMLH0A0HYM2,2022-09-01,5.08,High Yield Corporate Bond Spread (Daily)
BAMLH0A0HYM2,2022-09-02,5.06,High Yield Corporate Bond Spread (Daily)
BAMLH0A0HYM2,2022-09-05,5.07,High Yield Corporate Bond Spread (Daily)
BAMLH0A0HYM2,2022-09-06,4.98,High Yield Corporate Bond Spread (Daily)
BAMLH0A0HYM2,2022-09-07,4.97,High Yield Corporate Bond Spread (Daily)
BAMLH0A0HYM2,2022-09-08,4.8,High Yield Corporate Bond Spread (Daily)
BAMLH0A0HYM2,2022-09-09,4.57,High Yield Corporate Bond Spread (Daily)
BAMLH0A0HYM2,2022-09-12,4.5,High Yield Corporate Bond Spread (Daily)
BAMLH0A0HYM2,2022-09-13,4.68,High Yield Corporate Bond Spread (Daily)
BAMLH0A0HYM2,2022-09-14,4.74,High Yield Corporate Bond Spread (Daily)
BAMLH0A0HYM2,2022-09-15,4.77,High Yield Corporate Bond Spread (Daily)
BAMLH0A0HYM2,2022-09-16,5.0,High Yield Corporate Bond Spread (Daily)
BAMLH0A0HYM2,2022-09-19,4.88,High Yield Corporate Bond Spread (Daily)
BAMLH0A0HYM2,2022-09-20,4.88,High Yield Corporate Bond Spread (Daily)
BAMLH0A0HYM2,2022-09-21,4.87,High Yield Corporate Bond Spread (Daily)
BAMLH0A0HYM2,2022-09-22,4.91,High Yield Corporate Bond Spread (Daily)
BAMLH0A0HYM2,2022-09-23,5.12,High Yield Corporate Bond Spread (Daily)
BAMLH0A0HYM2,2022-09-26,5.18,High Yield Corporate Bond Spread (Daily)
BAMLH0A0HYM2,2022-09-27,5.22,High Yield Corporate Bond Spread (Daily)
BAMLH0A0HYM2,2022-09-28,5.47,High Yield Corporate Bond Spread (Daily)
BAMLH0A0HYM2,2022-09-29,5.5,High Yield Corporate Bond Spread (Daily)
BAMLH0A0HYM2,2022-09-30,5.43,High Yield Corporate Bond Spread (Daily)
BAMLH0A0HYM2,2022-10-03,5.43,High Yield Corporate Bond Spread (Daily)
BAMLH0A0HYM2,2022-10-04,5.12,High Yield Corporate Bond Spread (Daily)
BAMLH0A0HYM2,2022-10-05,5.09,High Yield Corporate Bond Spread (Daily)
BAMLH0A0HYM2,2022-10-06,4.95,High Yield Corporate Bond Spread (Daily)
BAMLH0A0HYM2,2022-10-07,5.02,High Yield Corporate Bond Spread (Daily)
BAMLH0A0HYM2,2022-10-10,5.03,High Yield Corporate Bond Spread (Daily)
BAMLH0A0HYM2,2022-10-11,5.25,High Yield Corporate Bond Spread (Daily)
BAMLH0A0HYM2,2022-10-12,5.31,High Yield Corporate Bond Spread (Daily)
BAMLH0A0HYM2,2022-10-13,5.25,High Yield Corporate Bond Spread (Daily)
BAMLH0A0HYM2,2022-10-14,5.15,High Yield Corporate Bond Spread (Daily)
BAMLH0A0HYM2,2022-10-17,5.04,High Yield Corporate Bond Spread (Daily)
BAMLH0A0HYM2,2022-10-18,4.95,High Yield Corporate Bond Spread (Daily)
BAMLH0A0HYM2,2022-10-19,4.97,High Yield Corporate Bond Spread (Daily)
BAMLH0A0HYM2,2022-10-20,4.89,High Yield Corporate Bond Spread (Daily)
BAMLH0A0HYM2,2022-10-21,4.99,High Yield Corporate Bond Spread (Daily)
BAMLH0A0HYM2,2022-10-24,4.91,High Yield Corporate Bond Spread (Daily)
BAMLH0A0HYM2,2022-10-25,4.88,High Yield Corporate Bond Spread (Daily)
BAMLH0A0HYM2,2022-10-26,4.8,High Yield Corporate Bond Spread (Daily)
BAMLH0A0HYM2,2022-10-27,4.76,High Yield Corporate Bond Spread (Daily)
BAMLH0A0HYM2,2022-10-28,4.54,High Yield Corporate Bond Spread (Daily)
BAMLH0A0HYM2,2022-10-31,4.63,High Yield Corporate Bond Spread (Daily)
BAMLH0A0HYM2,2022-11-01,4.61,High Yield Corporate Bond Spread (Daily)
BAMLH0A0HYM2,2022-11-02,4.62,High Yield Corporate Bond Spread (Daily)
BAMLH0A0HYM2,2022-11-03,4.81,High Yield Corporate Bond Spread (Daily)
BAMLH0A0HYM2,2022-11-04,4.77,High Yield Corporate Bond Spread (Daily)
BAMLH0A0HYM2,2022-11-07,4.71,High Yield Corporate Bond Spread (Daily)
BAMLH0A0HYM2,2022-11-08,4.79,High Yield Corporate Bond Spread (Daily)
BAMLH0A0HYM2,2022-11-09,4.99,High Yield Corporate Bond Spread (Daily)
BAMLH0A0HYM2,2022-11-10,4.8,High Yield Corporate Bond Spread (Daily)
BAMLH0A0HYM2,2022-11-11,4.81,High Yield Corporate Bond Spread (Daily)
BAMLH0A0HYM2,2022-11-14,4.67,High Yield Corporate Bond Spread (Daily)
BAMLH0A0HYM2,2022-11-15,4.64,High Yield Corporate Bond Spread (Daily)
BAMLH0A0HYM2,2022-11-16,4.71,High Yield Corporate Bond Spread (Daily)
BAMLH0A0HYM2,2022-11-17,4.75,High Yield Corporate Bond Spread (Daily)
BAMLH0A0HYM2,2022-11-18,4.65,High Yield Corporate Bond Spread (Daily)
BAMLH0A0HYM2,2022-11-21,4.64,High Yield Corporate Bond Spread (Daily)
BAMLH0A0HYM2,2022-11-22,4.57,High Yield Corporate Bond Spread (Daily)
BAMLH0A0HYM2,2022-11-23,4.51,High Yield Corporate Bond Spread (Daily)
BAMLH0A0HYM2,2022-11-24,4.51,High Yield Corporate Bond Spread (Daily)
BAMLH0A0HYM2,2022-11-25,4.52,High Yield Corporate Bond Spread (Daily)
BAMLH0A0HYM2,2022-11-28,4.63,High Yield Corporate Bond Spread (Daily)
BAMLH0A0HYM2,2022-11-29,4.63,High Yield Corporate Bond Spread (Daily)
BAMLH0A0HYM2,2022-11-30,4.55,High Yield Corporate Bond Spread (Daily)
BAMLH0A0HYM2,2022-12-01,4.48,High Yield Corporate Bond Spread (Daily)
BAMLH0A0HYM2,2022-12-02,4.5,High Yield Corporate Bond Spread (Daily)
BAMLH0A0HYM2,2022-12-05,4.43,High Yield Corporate Bond Spread (Daily)
BAMLH0A0HYM2,2022-12-06,4.57,High Yield Corporate Bond Spread (Daily)
BAMLH0A0HYM2,2022-12-07,4.68,High Yield Corporate Bond Spread (Daily)
BAMLH0A0HYM2,2022-12-08,4.55,High Yield Corporate Bond Spread (Daily)
BAMLH0A0HYM2,2022-12-09,4.46,High Yield Corporate Bond Spread (Daily)
BAMLH0A0HYM2,2022-12-12,4.4,High Yield Corporate Bond Spread (Daily)
BAMLH0A0HYM2,2022-12-13,4.34,High Yield Corporate Bond Spread (Daily)
BAMLH0A0HYM2,2022-12-14,4.37,High Yield Corporate Bond Spread (Daily)
BAMLH0A0HYM2,2022-12-15,4.54,High Yield Corporate Bond Spread (Daily)
BAMLH0A0HYM2,2022-12-16,4.67,High Yield Corporate Bond Spread (Daily)
BAMLH0A0HYM2,2022-12-19,4.67,High Yield Corporate Bond Spread (Daily)
BAMLH0A0HYM2,2022-12-20,4.68,High Yield Corporate Bond Spread (Daily)
BAMLH0A0HYM2,2022-12-21,4.56,High Yield Corporate Bond Spread (Daily)
BAMLH0A0HYM2,2022-12-22,4.61,High Yield Corporate Bond Spread (Daily)
BAMLH0A0HYM2,2022-12-23,4.59,High Yield Corporate Bond Spread (Daily)
BAMLH0A0HYM2,2022-12-27,4.55,High Yield Corporate Bond Spread (Daily)
BAMLH0A0HYM2,2022-12-28,4.77,High Yield Corporate Bond Spread (Daily)
BAMLH0A0HYM2,2022-12-29,4.81,High Yield Corporate Bond Spread (Daily)
BAMLH0A0HYM2,2022-12-30,4.79,High Yield Corporate Bond Spread (Daily)
BAMLH0A0HYM2,2022-12-31,4.81,High Yield Corporate Bond Spread (Daily)
BAMLH0A0HYM2,2023-01-03,4.7,High Yield Corporate Bond Spread (Daily)
BAMLH0A0HYM2,2023-01-04,4.62,High Yield Corporate Bond Spread (Daily)
BAMLH0A0HYM2,2023-01-05,4.58,High Yield Corporate Bond Spread (Daily)
BAMLH0A0HYM2,2023-01-06,4.47,High Yield Corporate Bond Spread (Daily)
BAMLH0A0HYM2,2023-01-09,4.37,High Yield Corporate Bond Spread (Daily)
BAMLH0A0HYM2,2023-01-10,4.33,High Yield Corporate Bond Spread (Daily)
BAMLH0A0HYM2,2023-01-11,4.3,High Yield Corporate Bond Spread (Daily)
BAMLH0A0HYM2,2023-01-12,4.29,High Yield Corporate Bond Spread (Daily)
BAMLH0A0HYM2,2023-01-13,4.21,High Yield Corporate Bond Spread (Daily)
BAMLH0A0HYM2,2023-01-16,4.19,High Yield Corporate Bond Spread (Daily)
BAMLH0A0HYM2,2023-01-17,4.19,High Yield Corporate Bond Spread (Daily)
BAMLH0A0HYM2,2023-01-18,4.25,High Yield Corporate Bond Spread (Daily)
BAMLH0A0HYM2,2023-01-19,4.39,High Yield Corporate Bond Spread (Daily)
BAMLH0A0HYM2,2023-01-20,4.35,High Yield Corporate Bond Spread (Daily)
BAMLH0A0HYM2,2023-01-23,4.27,High Yield Corporate Bond Spread (Daily)
BAMLH0A0HYM2,2023-01-24,4.33,High Yield Corporate Bond Spread (Daily)
BAMLH0A0HYM2,2023-01-25,4.35,High Yield Corporate Bond Spread (Daily)
BAMLH0A0HYM2,2023-01-26,4.24,High Yield Corporate Bond Spread (Daily)
BAMLH0A0HYM2,2023-01-27,4.23,High Yield Corporate Bond Spread (Daily)
BAMLH0A0HYM2,2023-01-30,4.26,High Yield Corporate Bond Spread (Daily)
BAMLH0A0HYM2,2023-01-31,4.3,High Yield Corporate Bond Spread (Daily)
BAMLH0A0HYM2,2023-02-01,4.31,High Yield Corporate Bond Spread (Daily)
BAMLH0A0HYM2,2023-02-02,3.94,High Yield Corporate Bond Spread (Daily)
BAMLH0A0HYM2,2023-02-03,3.95,High Yield Corporate Bond Spread (Daily)
BAMLH0A0HYM2,2023-02-06,3.99,High Yield Corporate Bond Spread (Daily)
BAMLH0A0HYM2,2023-02-07,3.99,High Yield Corporate Bond Spread (Daily)
BAMLH0A0HYM2,2023-02-08,4.07,High Yield Corporate Bond Spread (Daily)
BAMLH0A0HYM2,2023-02-09,4.05,High Yield Corporate Bond Spread (Daily)
BAMLH0A0HYM2,2023-02-10,4.24,High Yield Corporate Bond Spread (Daily)
BAMLH0A0HYM2,2023-02-13,4.23,High Yield Corporate Bond Spread (Daily)
BAMLH0A0HYM2,2023-02-14,4.15,High Yield Corporate Bond Spread (Daily)
BAMLH0A0HYM2,2023-02-15,4.18,High Yield Corporate Bond Spread (Daily)
BAMLH0A0HYM2,2023-02-16,4.24,High Yield Corporate Bond Spread (Daily)
BAMLH0A0HYM2,2023-02-17,4.38,High Yield Corporate Bond Spread (Daily)
BAMLH0A0HYM2,2023-02-20,4.38,High Yield Corporate Bond Spread (Daily)
BAMLH0A0HYM2,2023-02-21,4.49,High Yield Corporate Bond Spread (Daily)
BAMLH0A0HYM2,2023-02-22,4.41,High Yield Corporate Bond Spread (Daily)
BAMLH0A0HYM2,2023-02-23,4.3,High Yield Corporate Bond Spread (Daily)
BAMLH0A0HYM2,2023-02-24,4.28,High Yield Corporate Bond Spread (Daily)
BAMLH0A0HYM2,2023-02-27,4.21,High Yield Corporate Bond Spread (Daily)
BAMLH0A0HYM2,2023-02-28,4.22,High Yield Corporate Bond Spread (Daily)
BAMLH0A0HYM2,2023-03-01,4.17,High Yield Corporate Bond Spread (Daily)
BAMLH0A0HYM2,2023-03-02,4.18,High Yield Corporate Bond Spread (Daily)
BAMLH0A0HYM2,2023-03-03,4.05,High Yield Corporate Bond Spread (Daily)
BAMLH0A0HYM2,2023-03-06,3.97,High Yield Corporate Bond Spread (Daily)
BAMLH0A0HYM2,2023-03-07,3.98,High Yield Corporate Bond Spread (Daily)
BAMLH0A0HYM2,2023-03-08,4.09,High Yield Corporate Bond Spread (Daily)
BAMLH0A0HYM2,2023-03-09,4.27,High Yield Corporate Bond Spread (Daily)
BAMLH0A0HYM2,2023-03-10,4.61,High Yield Corporate Bond Spread (Daily)
BAMLH0A0HYM2,2023-03-13,5.03,High Yield Corporate Bond Spread (Daily)
BAMLH0A0HYM2,2023-03-14,4.74,High Yield Corporate Bond Spread (Daily)
BAMLH0A0HYM2,2023-03-15,5.2,High Yield Corporate Bond Spread (Daily)
BAMLH0A0HYM2,2023-03-16,4.93,High Yield Corporate Bond Spread (Daily)
BAMLH0A0HYM2,2023-03-17,5.17,High Yield Corporate Bond Spread (Daily)
BAMLH0A0HYM2,2023-03-20,5.15,High Yield Corporate Bond Spread (Daily)
BAMLH0A0HYM2,2023-03-21,4.85,High Yield Corporate Bond Spread (Daily)
BAMLH0A0HYM2,2023-03-22,5.0,High Yield Corporate Bond Spread (Daily)
BAMLH0A0HYM2,2023-03-23,5.1,High Yield Corporate Bond Spread (Daily)
BAMLH0A0HYM2,2023-03-24,5.22,High Yield Corporate Bond Spread (Daily)
BAMLH0A0HYM2,2023-03-27,5.03,High Yield Corporate Bond Spread (Daily)
BAMLH0A0HYM2,2023-03-28,5.01,High Yield Corporate Bond Spread (Daily)
BAMLH0A0HYM2,2023-03-29,4.83,High Yield Corporate Bond Spread (Daily)
BAMLH0A0HYM2,2023-03-30,4.74,High Yield Corporate Bond Spread (Daily)
BAMLH0A0HYM2,2023-03-31,4.58,High Yield Corporate Bond Spread (Daily)
BAMLH0A0HYM2,2023-04-03,4.58,High Yield Corporate Bond Spread (Daily)
BAMLH0A0HYM2,2023-04-04,4.73,High Yield Corporate Bond Spread (Daily)
BAMLH0A0HYM2,2023-04-05,4.84,High Yield Corporate Bond Spread (Daily)
BAMLH0A0HYM2,2023-04-06,4.84,High Yield Corporate Bond Spread (Daily)
BAMLH0A0HYM2,2023-04-10,4.7,High Yield Corporate Bond Spread (Daily)
BAMLH0A0HYM2,2023-04-11,4.63,High Yield Corporate Bond Spread (Daily)
BAMLH0A0HYM2,2023-04-12,4.62,High Yield Corporate Bond Spread (Daily)
BAMLH0A0HYM2,2023-04-13,4.49,High Yield Corporate Bond Spread (Daily)
BAMLH0A0HYM2,2023-04-14,4.43,High Yield Corporate Bond Spread (Daily)
BAMLH0A0HYM2,2023-04-17,4.41,High Yield Corporate Bond Spread (Daily)
BAMLH0A0HYM2,2023-04-18,4.37,High Yield Corporate Bond Spread (Daily)
BAMLH0A0HYM2,2023-04-19,4.41,High Yield Corporate Bond Spread (Daily)
BAMLH0A0HYM2,2023-04-20,4.54,High Yield Corporate Bond Spread (Daily)
BAMLH0A0HYM2,2023-04-21,4.46,High Yield Corporate Bond Spread (Daily)
BAMLH0A0HYM2,2023-04-24,4.48,High Yield Corporate Bond Spread (Daily)
BAMLH0A0HYM2,2023-04-25,4.64,High Yield Corporate Bond Spread (Daily)
BAMLH0A0HYM2,2023-04-26,4.63,High Yield Corporate Bond Spread (Daily)
BAMLH0A0HYM2,2023-04-27,4.48,High Yield Corporate Bond Spread (Daily)
BAMLH0A0HYM2,2023-04-28,4.5,High Yield Corporate Bond Spread (Daily)
BAMLH0A0HYM2,2023-04-30,4.53,High Yield Corporate Bond Spread (Daily)
BAMLH0A0HYM2,2023-05-01,4.45,High Yield Corporate Bond Spread (Daily)
BAMLH0A0HYM2,2023-05-02,4.7,High Yield Corporate Bond Spread (Daily)
BAMLH0A0HYM2,2023-05-03,4.79,High Yield Corporate Bond Spread (Daily)
BAMLH0A0HYM2,2023-05-04,4.95,High Yield Corporate Bond Spread (Daily)
BAMLH0A0HYM2,2023-05-05,4.77,High Yield Corporate Bond Spread (Daily)
BAMLH0A0HYM2,2023-05-08,4.72,High Yield Corporate Bond Spread (Daily)
BAMLH0A0HYM2,2023-05-09,4.74,High Yield Corporate Bond Spread (Daily)
BAMLH0A0HYM2,2023-05-10,4.78,High Yield Corporate Bond Spread (Daily)
BAMLH0A0HYM2,2023-05-11,4.81,High Yield Corporate Bond Spread (Daily)
BAMLH0A0HYM2,2023-05-12,4.76,High Yield Corporate Bond Spread (Daily)
BAMLH0A0HYM2,2023-05-15,4.77,High Yield Corporate Bond Spread (Daily)
BAMLH0A0HYM2,2023-05-16,4.79,High Yield Corporate Bond Spread (Daily)
BAMLH0A0HYM2,2023-05-17,4.75,High Yield Corporate Bond Spread (Daily)
BAMLH0A0HYM2,2023-05-18,4.69,High Yield Corporate Bond Spread (Daily)
BAMLH0A0HYM2,2023-05-19,4.62,High Yield Corporate Bond Spread (Daily)
BAMLH0A0HYM2,2023-05-22,4.54,High Yield Corporate Bond Spread (Daily)
BAMLH0A0HYM2,2023-05-23,4.6,High Yield Corporate Bond Spread (Daily)
BAMLH0A0HYM2,2023-05-24,4.68,High Yield Corporate Bond Spread (Daily)
BAMLH0A0HYM2,2023-05-25,4.58,High Yield Corporate Bond Spread (Daily)
BAMLH0A0HYM2,2023-05-26,4.53,High Yield Corporate Bond Spread (Daily)
BAMLH0A0HYM2,2023-05-29,4.54,High Yield Corporate Bond Spread (Daily)
BAMLH0A0HYM2,2023-05-30,4.58,High Yield Corporate Bond Spread (Daily)
BAMLH0A0HYM2,2023-05-31,4.69,High Yield Corporate Bond Spread (Daily)
BAMLH0A0HYM2,2023-06-01,4.65,High Yield Corporate Bond Spread (Daily)
BAMLH0A0HYM2,2023-06-02,4.37,High Yield Corporate Bond Spread (Daily)
BAMLH0A0HYM2,2023-06-05,4.39,High Yield Corporate Bond Spread (Daily)
BAMLH0A0HYM2,2023-06-06,4.39,High Yield Corporate Bond Spread (Daily)
BAMLH0A0HYM2,2023-06-07,4.33,High Yield Corporate Bond Spread (Daily)
BAMLH0A0HYM2,2023-06-08,4.39,High Yield Corporate Bond Spread (Daily)
BAMLH0A0HYM2,2023-06-09,4.29,High Yield Corporate Bond Spread (Daily)
BAMLH0A0HYM2,2023-06-12,4.34,High Yield Corporate Bond Spread (Daily)
BAMLH0A0HYM2,2023-06-13,4.18,High Yield Corporate Bond Spread (Daily)
BAMLH0A0HYM2,2023-06-14,4.18,High Yield Corporate Bond Spread (Daily)
BAMLH0A0HYM2,2023-06-15,4.21,High Yield Corporate Bond Spread (Daily)
BAMLH0A0HYM2,2023-06-16,4.15,High Yield Corporate Bond Spread (Daily)
BAMLH0A0HYM2,2023-06-19,4.15,High Yield Corporate Bond Spread (Daily)
BAMLH0A0HYM2,2023-06-20,4.22,High Yield Corporate Bond Spread (Daily)
BAMLH0A0HYM2,2023-06-21,4.32,High Yield Corporate Bond Spread (Daily)
BAMLH0A0HYM2,2023-06-22,4.3,High Yield Corporate Bond Spread (Daily)
BAMLH0A0HYM2,2023-06-23,4.4,High Yield Corporate Bond Spread (Daily)
BAMLH0A0HYM2,2023-06-26,4.45,High Yield Corporate Bond Spread (Daily)
BAMLH0A0HYM2,2023-06-27,4.3,High Yield Corporate Bond Spread (Daily)
BAMLH0A0HYM2,2023-06-28,4.27,High Yield Corporate Bond Spread (Daily)
BAMLH0A0HYM2,2023-06-29,4.14,High Yield Corporate Bond Spread (Daily)
BAMLH0A0HYM2,2023-06-30,4.05,High Yield Corporate Bond Spread (Daily)
BAMLH0A0HYM2,2023-07-03,3.99,High Yield Corporate Bond Spread (Daily)
BAMLH0A0HYM2,2023-07-04,3.99,High Yield Corporate Bond Spread (Daily)
BAMLH0A0HYM2,2023-07-05,4.01,High Yield Corporate Bond Spread (Daily)
BAMLH0A0HYM2,2023-07-06,4.1,High Yield Corporate Bond Spread (Daily)
BAMLH0A0HYM2,2023-07-07,4.08,High Yield Corporate Bond Spread (Daily)
BAMLH0A0HYM2,2023-07-10,4.13,High Yield Corporate Bond Spread (Daily)
BAMLH0A0HYM2,2023-07-11,4.05,High Yield Corporate Bond Spread (Daily)
BAMLH0A0HYM2,2023-07-12,3.95,High Yield Corporate Bond Spread (Daily)
BAMLH0A0HYM2,2023-07-13,3.97,High Yield Corporate Bond Spread (Daily)
BAMLH0A0HYM2,2023-07-14,3.9,High Yield Corporate Bond Spread (Daily)
BAMLH0A0HYM2,2023-07-17,3.97,High Yield Corporate Bond Spread (Daily)
BAMLH0A0HYM2,2023-07-18,3.9,High Yield Corporate Bond Spread (Daily)
BAMLH0A0HYM2,2023-07-19,3.89,High Yield Corporate Bond Spread (Daily)
BAMLH0A0HYM2,2023-07-20,3.9,High Yield Corporate Bond Spread (Daily)
BAMLH0A0HYM2,2023-07-21,3.89,High Yield Corporate Bond Spread (Daily)
BAMLH0A0HYM2,2023-07-24,3.82,High Yield Corporate Bond Spread (Daily)
BAMLH0A0HYM2,2023-07-25,3.84,High Yield Corporate Bond Spread (Daily)
BAMLH0A0HYM2,2023-07-26,3.91,High Yield Corporate Bond Spread (Daily)
BAMLH0A0HYM2,2023-07-27,3.78,High Yield Corporate Bond Spread (Daily)
BAMLH0A0HYM2,2023-07-28,3.82,High Yield Corporate Bond Spread (Daily)
BAMLH0A0HYM2,2023-07-31,3.79,High Yield Corporate Bond Spread (Daily)
BAMLH0A0HYM2,2023-08-01,3.82,High Yield Corporate Bond Spread (Daily)
BAMLH0A0HYM2,2023-08-02,3.96,High Yield Corporate Bond Spread (Daily)
BAMLH0A0HYM2,2023-08-03,3.98,High Yield Corporate Bond Spread (Daily)
BAMLH0A0HYM2,2023-08-04,4.01,High Yield Corporate Bond Spread (Daily)
BAMLH0A0HYM2,2023-08-07,3.97,High Yield Corporate Bond Spread (Daily)
BAMLH0A0HYM2,2023-08-08,4.0,High Yield Corporate Bond Spread (Daily)
BAMLH0A0HYM2,2023-08-09,3.94,High Yield Corporate Bond Spread (Daily)
BAMLH0A0HYM2,2023-08-10,3.83,High Yield Corporate Bond Spread (Daily)
BAMLH0A0HYM2,2023-08-11,3.83,High Yield Corporate Bond Spread (Daily)
BAMLH0A0HYM2,2023-08-14,3.79,High Yield Corporate Bond Spread (Daily)
BAMLH0A0HYM2,2023-08-15,3.85,High Yield Corporate Bond Spread (Daily)
BAMLH0A0HYM2,2023-08-16,3.81,High Yield Corporate Bond Spread (Daily)
BAMLH0A0HYM2,2023-08-17,3.95,High Yield Corporate Bond Spread (Daily)
BAMLH0A0HYM2,2023-08-18,4.02,High Yield Corporate Bond Spread (Daily)
BAMLH0A0HYM2,2023-08-21,3.97,High Yield Corporate Bond Spread (Daily)
BAMLH0A0HYM2,2023-08-22,3.93,High Yield Corporate Bond Spread (Daily)
BAMLH0A0HYM2,2023-08-23,3.92,High Yield Corporate Bond Spread (Daily)
BAMLH0A0HYM2,2023-08-24,3.91,High Yield Corporate Bond Spread (Daily)
BAMLH0A0HYM2,2023-08-25,3.9,High Yield Corporate Bond Spread (Daily)
BAMLH0A0HYM2,2023-08-28,3.86,High Yield Corporate Bond Spread (Daily)
BAMLH0A0HYM2,2023-08-29,3.87,High Yield Corporate Bond Spread (Daily)
BAMLH0A0HYM2,2023-08-30,3.8,High Yield Corporate Bond Spread (Daily)
BAMLH0A0HYM2,2023-08-31,3.85,High Yield Corporate Bond Spread (Daily)
BAMLH0A0HYM2,2023-09-01,3.81,High Yield Corporate Bond Spread (Daily)
BAMLH0A0HYM2,2023-09-04,3.81,High Yield Corporate Bond Spread (Daily)
BAMLH0A0HYM2,2023-09-05,3.83,High Yield Corporate Bond Spread (Daily)
BAMLH0A0HYM2,2023-09-06,3.86,High Yield Corporate Bond Spread (Daily)
BAMLH0A0HYM2,2023-09-07,3.9,High Yield Corporate Bond Spread (Daily)
BAMLH0A0HYM2,2023-09-08,3.85,High Yield Corporate Bond Spread (Daily)
BAMLH0A0HYM2,2023-09-11,3.82,High Yield Corporate Bond Spread (Daily)
BAMLH0A0HYM2,2023-09-12,3.84,High Yield Corporate Bond Spread (Daily)
BAMLH0A0HYM2,2023-09-13,3.85,High Yield Corporate Bond Spread (Daily)
BAMLH0A0HYM2,2023-09-14,3.78,High Yield Corporate Bond Spread (Daily)
BAMLH0A0HYM2,2023-09-15,3.79,High Yield Corporate Bond Spread (Daily)
BAMLH0A0HYM2,2023-09-18,3.82,High Yield Corporate Bond Spread (Daily)
BAMLH0A0HYM2,2023-09-19,3.82,High Yield Corporate Bond Spread (Daily)
BAMLH0A0HYM2,2023-09-20,3.77,High Yield Corporate Bond Spread (Daily)
BAMLH0A0HYM2,2023-09-21,3.89,High Yield Corporate Bond Spread (Daily)
BAMLH0A0HYM2,2023-09-22,3.93,High Yield Corporate Bond Spread (Daily)
BAMLH0A0HYM2,2023-09-25,3.97,High Yield Corporate Bond Spread (Daily)
BAMLH0A0HYM2,2023-09-26,4.04,High Yield Corporate Bond Spread (Daily)
BAMLH0A0HYM2,2023-09-27,4.03,High Yield Corporate Bond Spread (Daily)
BAMLH0A0HYM2,2023-09-28,4.09,High Yield Corporate Bond Spread (Daily)
BAMLH0A0HYM2,2023-09-29,4.03,High Yield Corporate Bond Spread (Daily)
BAMLH0A0HYM2,2023-09-30,4.03,High Yield Corporate Bond Spread (Daily)
BAMLH0A0HYM2,2023-10-02,4.11,High Yield Corporate Bond Spread (Daily)
BAMLH0A0HYM2,2023-10-03,4.26,High Yield Corporate Bond Spread (Daily)
BAMLH0A0HYM2,2023-10-04,4.37,High Yield Corporate Bond Spread (Daily)
BAMLH0A0HYM2,2023-10-05,4.38,High Yield Corporate Bond Spread (Daily)
BAMLH0A0HYM2,2023-10-06,4.33,High Yield Corporate Bond Spread (Daily)
BAMLH0A0HYM2,2023-10-09,4.34,High Yield Corporate Bond Spread (Daily)
BAMLH0A0HYM2,2023-10-10,4.26,High Yield Corporate Bond Spread (Daily)
BAMLH0A0HYM2,2023-10-11,4.25,High Yield Corporate Bond Spread (Daily)
BAMLH0A0HYM2,2023-10-12,4.25,High Yield Corporate Bond Spread (Daily)
BAMLH0A0HYM2,2023-10-13,4.3,High Yield Corporate Bond Spread (Daily)
BAMLH0A0HYM2,2023-10-16,4.27,High Yield Corporate Bond Spread (Daily)
BAMLH0A0HYM2,2023-10-17,4.25,High Yield Corporate Bond Spread (Daily)
BAMLH0A0HYM2,2023-10-18,4.32,High Yield Corporate Bond Spread (Daily)
BAMLH0A0HYM2,2023-10-19,4.37,High Yield Corporate Bond Spread (Daily)
BAMLH0A0HYM2,2023-10-20,4.52,High Yield Corporate Bond Spread (Daily)
BAMLH0A0HYM2,2023-10-23,4.51,High Yield Corporate Bond Spread (Daily)
BAMLH0A0HYM2,2023-10-24,4.41,High Yield Corporate Bond Spread (Daily)
BAMLH0A0HYM2,2023-10-25,4.37,High Yield Corporate Bond Spread (Daily)
BAMLH0A0HYM2,2023-10-26,4.5,High Yield Corporate Bond Spread (Daily)
BAMLH0A0HYM2,2023-10-27,4.53,High Yield Corporate Bond Spread (Daily)
BAMLH0A0HYM2,2023-10-30,4.5,High Yield Corporate Bond Spread (Daily)
BAMLH0A0HYM2,2023-10-31,4.42,High Yield Corporate Bond Spread (Daily)
BAMLH0A0HYM2,2023-11-01,4.47,High Yield Corporate Bond Spread (Daily)
BAMLH0A0HYM2,2023-11-02,4.15,High Yield Corporate Bond Spread (Daily)
BAMLH0A0HYM2,2023-11-03,4.04,High Yield Corporate Bond Spread (Daily)
BAMLH0A0HYM2,2023-11-06,4.0,High Yield Corporate Bond Spread (Daily)
BAMLH0A0HYM2,2023-11-07,4.08,High Yield Corporate Bond Spread (Daily)
BAMLH0A0HYM2,2023-11-08,4.08,High Yield Corporate Bond Spread (Daily)
BAMLH0A0HYM2,2023-11-09,4.04,High Yield Corporate Bond Spread (Daily)
BAMLH0A0HYM2,2023-11-10,4.03,High Yield Corporate Bond Spread (Daily)
BAMLH0A0HYM2,2023-11-13,4.03,High Yield Corporate Bond Spread (Daily)
BAMLH0A0HYM2,2023-11-14,3.92,High Yield Corporate Bond Spread (Daily)
BAMLH0A0HYM2,2023-11-15,3.89,High Yield Corporate Bond Spread (Daily)
BAMLH0A0HYM2,2023-11-16,4.02,High Yield Corporate Bond Spread (Daily)
BAMLH0A0HYM2,2023-11-17,3.99,High Yield Corporate Bond Spread (Daily)
BAMLH0A0HYM2,2023-11-20,3.92,High Yield Corporate Bond Spread (Daily)
BAMLH0A0HYM2,2023-11-21,3.95,High Yield Corporate Bond Spread (Daily)
BAMLH0A0HYM2,2023-11-22,3.9,High Yield Corporate Bond Spread (Daily)
BAMLH0A0HYM2,2023-11-23,3.9,High Yield Corporate Bond Spread (Daily)
BAMLH0A0HYM2,2023-11-24,3.85,High Yield Corporate Bond Spread (Daily)
BAMLH0A0HYM2,2023-11-27,3.89,High Yield Corporate Bond Spread (Daily)
BAMLH0A0HYM2,2023-11-28,3.9,High Yield Corporate Bond Spread (Daily)
BAMLH0A0HYM2,2023-11-29,3.8,High Yield Corporate Bond Spread (Daily)
BAMLH0A0HYM2,2023-11-30,3.84,High Yield Corporate Bond Spread (Daily)
BAMLH0A0HYM2,2023-12-01,3.87,High Yield Corporate Bond Spread (Daily)
BAMLH0A0HYM2,2023-12-04,3.8,High Yield Corporate Bond Spread (Daily)
BAMLH0A0HYM2,2023-12-05,3.8,High Yield Corporate Bond Spread (Daily)
BAMLH0A0HYM2,2023-12-06,3.79,High Yield Corporate Bond Spread (Daily)
BAMLH0A0HYM2,2023-12-07,3.77,High Yield Corporate Bond Spread (Daily)
BAMLH0A0HYM2,2023-12-08,3.75,High Yield Corporate Bond Spread (Daily)
BAMLH0A0HYM2,2023-12-11,3.79,High Yield Corporate Bond Spread (Daily)
BAMLH0A0HYM2,2023-12-12,3.76,High Yield Corporate Bond Spread (Daily)
BAMLH0A0HYM2,2023-12-13,3.79,High Yield Corporate Bond Spread (Daily)
BAMLH0A0HYM2,2023-12-14,3.47,High Yield Corporate Bond Spread (Daily)
BAMLH0A0HYM2,2023-12-15,3.51,High Yield Corporate Bond Spread (Daily)
BAMLH0A0HYM2,2023-12-18,3.51,High Yield Corporate Bond Spread (Daily)
BAMLH0A0HYM2,2023-12-19,3.46,High Yield Corporate Bond Spread (Daily)
BAMLH0A0HYM2,2023-12-20,3.43,High Yield Corporate Bond Spread (Daily)
BAMLH0A0HYM2,2023-12-21,3.41,High Yield Corporate Bond Spread (Daily)
BAMLH0A0HYM2,2023-12-22,3.39,High Yield Corporate Bond Spread (Daily)
BAMLH0A0HYM2,2023-12-26,3.37,High Yield Corporate Bond Spread (Daily)
BAMLH0A0HYM2,2023-12-27,3.34,High Yield Corporate Bond Spread (Daily)
BAMLH0A0HYM2,2023-12-28,3.32,High Yield Corporate Bond Spread (Daily)
BAMLH0A0HYM2,2023-12-29,3.34,High Yield Corporate Bond Spread (Daily)
BAMLH0A0HYM2,2023-12-31,3.39,High Yield Corporate Bond Spread (Daily)
BAMLH0A0HYM2,2024-01-02,3.54,High Yield Corporate Bond Spread (Daily)
BAMLH0A0HYM2,2024-01-03,3.71,High Yield Corporate Bond Spread (Daily)
BAMLH0A0HYM2,2024-01-04,3.69,High Yield Corporate Bond Spread (Daily)
BAMLH0A0HYM2,2024-01-05,3.68,High Yield Corporate Bond Spread (Daily)
BAMLH0A0HYM2,2024-01-08,3.63,High Yield Corporate Bond Spread (Daily)
BAMLH0A0HYM2,2024-01-09,3.59,High Yield Corporate Bond Spread (Daily)
BAMLH0A0HYM2,2024-01-10,3.5,High Yield Corporate Bond Spread (Daily)
BAMLH0A0HYM2,2024-01-11,3.55,High Yield Corporate Bond Spread (Daily)
BAMLH0A0HYM2,2024-01-12,3.56,High Yield Corporate Bond Spread (Daily)
BAMLH0A0HYM2,2024-01-15,3.54,High Yield Corporate Bond Spread (Daily)
BAMLH0A0HYM2,2024-01-16,3.58,High Yield Corporate Bond Spread (Daily)
BAMLH0A0HYM2,2024-01-17,3.62,High Yield Corporate Bond Spread (Daily)
BAMLH0A0HYM2,2024-01-18,3.58,High Yield Corporate Bond Spread (Daily)
BAMLH0A0HYM2,2024-01-19,3.54,High Yield Corporate Bond Spread (Daily)
BAMLH0A0HYM2,2024-01-22,3.49,High Yield Corporate Bond Spread (Daily)
BAMLH0A0HYM2,2024-01-23,3.51,High Yield Corporate Bond Spread (Daily)
BAMLH0A0HYM2,2024-01-24,3.44,High Yield Corporate Bond Spread (Daily)
BAMLH0A0HYM2,2024-01-25,3.45,High Yield Corporate Bond Spread (Daily)
BAMLH0A0HYM2,2024-01-26,3.39,High Yield Corporate Bond Spread (Daily)
BAMLH0A0HYM2,2024-01-29,3.41,High Yield Corporate Bond Spread (Daily)
BAMLH0A0HYM2,2024-01-30,3.42,High Yield Corporate Bond Spread (Daily)
BAMLH0A0HYM2,2024-01-31,3.59,High Yield Corporate Bond Spread (Daily)
BAMLH0A0HYM2,2024-02-01,3.56,High Yield Corporate Bond Spread (Daily)
BAMLH0A0HYM2,2024-02-02,3.47,High Yield Corporate Bond Spread (Daily)
BAMLH0A0HYM2,2024-02-05,3.5,High Yield Corporate Bond Spread (Daily)
BAMLH0A0HYM2,2024-02-06,3.52,High Yield Corporate Bond Spread (Daily)
BAMLH0A0HYM2,2024-02-07,3.43,High Yield Corporate Bond Spread (Daily)
BAMLH0A0HYM2,2024-02-08,3.38,High Yield Corporate Bond Spread (Daily)
BAMLH0A0HYM2,2024-02-09,3.33,High Yield Corporate Bond Spread (Daily)
BAMLH0A0HYM2,2024-02-12,3.35,High Yield Corporate Bond Spread (Daily)
BAMLH0A0HYM2,2024-02-13,3.36,High Yield Corporate Bond Spread (Daily)
BAMLH0A0HYM2,2024-02-14,3.38,High Yield Corporate Bond Spread (Daily)
BAMLH0A0HYM2,2024-02-15,3.35,High Yield Corporate Bond Spread (Daily)
BAMLH0A0HYM2,2024-02-16,3.34,High Yield Corporate Bond Spread (Daily)
BAMLH0A0HYM2,2024-02-19,3.34,High Yield Corporate Bond Spread (Daily)
BAMLH0A0HYM2,2024-02-20,3.37,High Yield Corporate Bond Spread (Daily)
BAMLH0A0HYM2,2024-02-21,3.34,High Yield Corporate Bond Spread (Daily)
BAMLH0A0HYM2,2024-02-22,3.22,High Yield Corporate Bond Spread (Daily)
BAMLH0A0HYM2,2024-02-23,3.23,High Yield Corporate Bond Spread (Daily)
BAMLH0A0HYM2,2024-02-26,3.23,High Yield Corporate Bond Spread (Daily)
BAMLH0A0HYM2,2024-02-27,3.26,High Yield Corporate Bond Spread (Daily)
BAMLH0A0HYM2,2024-02-28,3.31,High Yield Corporate Bond Spread (Daily)
BAMLH0A0HYM2,2024-02-29,3.29,High Yield Corporate Bond Spread (Daily)
BAMLH0A0HYM2,2024-03-01,3.32,High Yield Corporate Bond Spread (Daily)
BAMLH0A0HYM2,2024-03-04,3.26,High Yield Corporate Bond Spread (Daily)
BAMLH0A0HYM2,2024-03-05,3.31,High Yield Corporate Bond Spread (Daily)
BAMLH0A0HYM2,2024-03-06,3.27,High Yield Corporate Bond Spread (Daily)
BAMLH0A0HYM2,2024-03-07,3.27,High Yield Corporate Bond Spread (Daily)
BAMLH0A0HYM2,2024-03-08,3.26,High Yield Corporate Bond Spread (Daily)
BAMLH0A0HYM2,2024-03-11,3.26,High Yield Corporate Bond Spread (Daily)
BAMLH0A0HYM2,2024-03-12,3.2,High Yield Corporate Bond Spread (Daily)
BAMLH0A0HYM2,2024-03-13,3.15,High Yield Corporate Bond Spread (Daily)
BAMLH0A0HYM2,2024-03-14,3.15,High Yield Corporate Bond Spread (Daily)
BAMLH0A0HYM2,2024-03-15,3.16,High Yield Corporate Bond Spread (Daily)
BAMLH0A0HYM2,2024-03-18,3.13,High Yield Corporate Bond Spread (Daily)
BAMLH0A0HYM2,2024-03-19,3.1,High Yield Corporate Bond Spread (Daily)
BAMLH0A0HYM2,2024-03-20,3.14,High Yield Corporate Bond Spread (Daily)
BAMLH0A0HYM2,2024-03-21,3.05,High Yield Corporate Bond Spread (Daily)
BAMLH0A0HYM2,2024-03-22,3.08,High Yield Corporate Bond Spread (Daily)
BAMLH0A0HYM2,2024-03-25,3.11,High Yield Corporate Bond Spread (Daily)
BAMLH0A0HYM2,2024-03-26,3.15,High Yield Corporate Bond Spread (Daily)
BAMLH0A0HYM2,2024-03-27,3.15,High Yield Corporate Bond Spread (Daily)
BAMLH0A0HYM2,2024-03-28,3.12,High Yield Corporate Bond Spread (Daily)
BAMLH0A0HYM2,2024-03-31,3.15,High Yield Corporate Bond Spread (Daily)
BAMLH0A0HYM2,2024-04-01,3.12,High Yield Corporate Bond Spread (Daily)
BAMLH0A0HYM2,2024-04-02,3.23,High Yield Corporate Bond Spread (Daily)
BAMLH0A0HYM2,2024-04-03,3.23,High Yield Corporate Bond Spread (Daily)
BAMLH0A0HYM2,2024-04-04,3.24,High Yield Corporate Bond Spread (Daily)
BAMLH0A0HYM2,2024-04-05,3.18,High Yield Corporate Bond Spread (Daily)
BAMLH0A0HYM2,2024-04-08,3.15,High Yield Corporate Bond Spread (Daily)
BAMLH0A0HYM2,2024-04-09,3.14,High Yield Corporate Bond Spread (Daily)
BAMLH0A0HYM2,2024-04-10,3.1,High Yield Corporate Bond Spread (Daily)
BAMLH0A0HYM2,2024-04-11,3.16,High Yield Corporate Bond Spread (Daily)
BAMLH0A0HYM2,2024-04-12,3.25,High Yield Corporate Bond Spread (Daily)
BAMLH0A0HYM2,2024-04-15,3.28,High Yield Corporate Bond Spread (Daily)
BAMLH0A0HYM2,2024-04-16,3.36,High Yield Corporate Bond Spread (Daily)
BAMLH0A0HYM2,2024-04-17,3.42,High Yield Corporate Bond Spread (Daily)
BAMLH0A0HYM2,2024-04-18,3.39,High Yield Corporate Bond Spread (Daily)
BAMLH0A0HYM2,2024-04-19,3.37,High Yield Corporate Bond Spread (Daily)
BAMLH0A0HYM2,2024-04-22,3.29,High Yield Corporate Bond Spread (Daily)
BAMLH0A0HYM2,2024-04-23,3.2,High Yield Corporate Bond Spread (Daily)
BAMLH0A0HYM2,2024-04-24,3.19,High Yield Corporate Bond Spread (Daily)
BAMLH0A0HYM2,2024-04-25,3.24,High Yield Corporate Bond Spread (Daily)
BAMLH0A0HYM2,2024-04-26,3.16,High Yield Corporate Bond Spread (Daily)
BAMLH0A0HYM2,2024-04-29,3.12,High Yield Corporate Bond Spread (Daily)
BAMLH0A0HYM2,2024-04-30,3.18,High Yield Corporate Bond Spread (Daily)
BAMLH0A0HYM2,2024-05-01,3.21,High Yield Corporate Bond Spread (Daily)
BAMLH0A0HYM2,2024-05-02,3.16,High Yield Corporate Bond Spread (Daily)
BAMLH0A0HYM2,2024-05-03,3.08,High Yield Corporate Bond Spread (Daily)
BAMLH0A0HYM2,2024-05-06,3.03,High Yield Corporate Bond Spread (Daily)
BAMLH0A0HYM2,2024-05-07,3.06,High Yield Corporate Bond Spread (Daily)
BAMLH0A0HYM2,2024-05-08,3.1,High Yield Corporate Bond Spread (Daily)
BAMLH0A0HYM2,2024-05-09,3.14,High Yield Corporate Bond Spread (Daily)
BAMLH0A0HYM2,2024-05-10,3.12,High Yield Corporate Bond Spread (Daily)
BAMLH0A0HYM2,2024-05-13,3.14,High Yield Corporate Bond Spread (Daily)
BAMLH0A0HYM2,2024-05-14,3.14,High Yield Corporate Bond Spread (Daily)
BAMLH0A0HYM2,2024-05-15,3.13,High Yield Corporate Bond Spread (Daily)
BAMLH0A0HYM2,2024-05-16,3.08,High Yield Corporate Bond Spread (Daily)
BAMLH0A0HYM2,2024-05-17,3.09,High Yield Corporate Bond Spread (Daily)
BAMLH0A0HYM2,2024-05-20,3.07,High Yield Corporate Bond Spread (Daily)
BAMLH0A0HYM2,2024-05-21,3.07,High Yield Corporate Bond Spread (Daily)
BAMLH0A0HYM2,2024-05-22,3.11,High Yield Corporate Bond Spread (Daily)
BAMLH0A0HYM2,2024-05-23,3.1,High Yield Corporate Bond Spread (Daily)
BAMLH0A0HYM2,2024-05-24,3.11,High Yield Corporate Bond Spread (Daily)
BAMLH0A0HYM2,2024-05-27,3.12,High Yield Corporate Bond Spread (Daily)
BAMLH0A0HYM2,2024-05-28,3.09,High Yield Corporate Bond Spread (Daily)
BAMLH0A0HYM2,2024-05-29,3.15,High Yield Corporate Bond Spread (Daily)
BAMLH0A0HYM2,2024-05-30,3.19,High Yield Corporate Bond Spread (Daily)
BAMLH0A0HYM2,2024-05-31,3.2,High Yield Corporate Bond Spread (Daily)
BAMLH0A0HYM2,2024-06-03,3.17,High Yield Corporate Bond Spread (Daily)
BAMLH0A0HYM2,2024-06-04,3.22,High Yield Corporate Bond Spread (Daily)
BAMLH0A0HYM2,2024-06-05,3.2,High Yield Corporate Bond Spread (Daily)
BAMLH0A0HYM2,2024-06-06,3.2,High Yield Corporate Bond Spread (Daily)
BAMLH0A0HYM2,2024-06-07,3.15,High Yield Corporate Bond Spread (Daily)
BAMLH0A0HYM2,2024-06-10,3.15,High Yield Corporate Bond Spread (Daily)
BAMLH0A0HYM2,2024-06-11,3.19,High Yield Corporate Bond Spread (Daily)
BAMLH0A0HYM2,2024-06-12,3.09,High Yield Corporate Bond Spread (Daily)
BAMLH0A0HYM2,2024-06-13,3.2,High Yield Corporate Bond Spread (Daily)
BAMLH0A0HYM2,2024-06-14,3.29,High Yield Corporate Bond Spread (Daily)
BAMLH0A0HYM2,2024-06-17,3.26,High Yield Corporate Bond Spread (Daily)
BAMLH0A0HYM2,2024-06-18,3.24,High Yield Corporate Bond Spread (Daily)
BAMLH0A0HYM2,2024-06-19,3.24,High Yield Corporate Bond Spread (Daily)
BAMLH0A0HYM2,2024-06-20,3.23,High Yield Corporate Bond Spread (Daily)
BAMLH0A0HYM2,2024-06-21,3.21,High Yield Corporate Bond Spread (Daily)
BAMLH0A0HYM2,2024-06-24,3.19,High Yield Corporate Bond Spread (Daily)
BAMLH0A0HYM2,2024-06-25,3.19,High Yield Corporate Bond Spread (Daily)
BAMLH0A0HYM2,2024-06-26,3.18,High Yield Corporate Bond Spread (Daily)
BAMLH0A0HYM2,2024-06-27,3.21,High Yield Corporate Bond Spread (Daily)
BAMLH0A0HYM2,2024-06-28,3.18,High Yield Corporate Bond Spread (Daily)
BAMLH0A0HYM2,2024-06-30,3.21,High Yield Corporate Bond Spread (Daily)
BAMLH0A0HYM2,2024-07-01,3.21,High Yield Corporate Bond Spread (Daily)
BAMLH0A0HYM2,2024-07-02,3.23,High Yield Corporate Bond Spread (Daily)
BAMLH0A0HYM2,2024-07-03,3.25,High Yield Corporate Bond Spread (Daily)
BAMLH0A0HYM2,2024-07-04,3.25,High Yield Corporate Bond Spread (Daily)
BAMLH0A0HYM2,2024-07-05,3.27,High Yield Corporate Bond Spread (Daily)
BAMLH0A0HYM2,2024-07-08,3.2,High Yield Corporate Bond Spread (Daily)
BAMLH0A0HYM2,2024-07-09,3.21,High Yield Corporate Bond Spread (Daily)
BAMLH0A0HYM2,2024-07-10,3.17,High Yield Corporate Bond Spread (Daily)
BAMLH0A0HYM2,2024-07-11,3.18,High Yield Corporate Bond Spread (Daily)
BAMLH0A0HYM2,2024-07-12,3.19,High Yield Corporate Bond Spread (Daily)
BAMLH0A0HYM2,2024-07-15,3.13,High Yield Corporate Bond Spread (Daily)
BAMLH0A0HYM2,2024-07-16,3.08,High Yield Corporate Bond Spread (Daily)
BAMLH0A0HYM2,2024-07-17,3.09,High Yield Corporate Bond Spread (Daily)
BAMLH0A0HYM2,2024-07-18,3.09,High Yield Corporate Bond Spread (Daily)
BAMLH0A0HYM2,2024-07-19,3.09,High Yield Corporate Bond Spread (Daily)
BAMLH0A0HYM2,2024-07-22,3.05,High Yield Corporate Bond Spread (Daily)
BAMLH0A0HYM2,2024-07-23,3.02,High Yield Corporate Bond Spread (Daily)
BAMLH0A0HYM2,2024-07-24,3.1,High Yield Corporate Bond Spread (Daily)
BAMLH0A0HYM2,2024-07-25,3.08,High Yield Corporate Bond Spread (Daily)
BAMLH0A0HYM2,2024-07-26,3.1,High Yield Corporate Bond Spread (Daily)
BAMLH0A0HYM2,2024-07-29,3.13,High Yield Corporate Bond Spread (Daily)
BAMLH0A0HYM2,2024-07-30,3.2,High Yield Corporate Bond Spread (Daily)
BAMLH0A0HYM2,2024-07-31,3.25,High Yield Corporate Bond Spread (Daily)
BAMLH0A0HYM2,2024-08-01,3.35,High Yield Corporate Bond Spread (Daily)
BAMLH0A0HYM2,2024-08-02,3.72,High Yield Corporate Bond Spread (Daily)
BAMLH0A0HYM2,2024-08-05,3.93,High Yield Corporate Bond Spread (Daily)
BAMLH0A0HYM2,2024-08-06,3.67,High Yield Corporate Bond Spread (Daily)
BAMLH0A0HYM2,2024-08-07,3.57,High Yield Corporate Bond Spread (Daily)
BAMLH0A0HYM2,2024-08-08,3.48,High Yield Corporate Bond Spread (Daily)
BAMLH0A0HYM2,2024-08-09,3.49,High Yield Corporate Bond Spread (Daily)
BAMLH0A0HYM2,2024-08-12,3.52,High Yield Corporate Bond Spread (Daily)
BAMLH0A0HYM2,2024-08-13,3.54,High Yield Corporate Bond Spread (Daily)
BAMLH0A0HYM2,2024-08-14,3.46,High Yield Corporate Bond Spread (Daily)
BAMLH0A0HYM2,2024-08-15,3.31,High Yield Corporate Bond Spread (Daily)
BAMLH0A0HYM2,2024-08-16,3.29,High Yield Corporate Bond Spread (Daily)
BAMLH0A0HYM2,2024-08-19,3.21,High Yield Corporate Bond Spread (Daily)
BAMLH0A0HYM2,2024-08-20,3.25,High Yield Corporate Bond Spread (Daily)
BAMLH0A0HYM2,2024-08-21,3.27,High Yield Corporate Bond Spread (Daily)
BAMLH0A0HYM2,2024-08-22,3.21,High Yield Corporate Bond Spread (Daily)
BAMLH0A0HYM2,2024-08-23,3.19,High Yield Corporate Bond Spread (Daily)
BAMLH0A0HYM2,2024-08-26,3.15,High Yield Corporate Bond Spread (Daily)
BAMLH0A0HYM2,2024-08-27,3.17,High Yield Corporate Bond Spread (Daily)
BAMLH0A0HYM2,2024-08-28,3.19,High Yield Corporate Bond Spread (Daily)
BAMLH0A0HYM2,2024-08-29,3.15,High Yield Corporate Bond Spread (Daily)
BAMLH0A0HYM2,2024-08-30,3.13,High Yield Corporate Bond Spread (Daily)
BAMLH0A0HYM2,2024-08-31,3.17,High Yield Corporate Bond Spread (Daily)
BAMLH0A0HYM2,2024-09-02,3.17,High Yield Corporate Bond Spread (Daily)
BAMLH0A0HYM2,2024-09-03,3.31,High Yield Corporate Bond Spread (Daily)
BAMLH0A0HYM2,2024-09-04,3.35,High Yield Corporate Bond Spread (Daily)
BAMLH0A0HYM2,2024-09-05,3.29,High Yield Corporate Bond Spread (Daily)
BAMLH0A0HYM2,2024-09-06,3.39,High Yield Corporate Bond Spread (Daily)
BAMLH0A0HYM2,2024-09-09,3.36,High Yield Corporate Bond Spread (Daily)
BAMLH0A0HYM2,2024-09-10,3.46,High Yield Corporate Bond Spread (Daily)
BAMLH0A0HYM2,2024-09-11,3.44,High Yield Corporate Bond Spread (Daily)
BAMLH0A0HYM2,2024-09-12,3.39,High Yield Corporate Bond Spread (Daily)
BAMLH0A0HYM2,2024-09-13,3.37,High Yield Corporate Bond Spread (Daily)
BAMLH0A0HYM2,2024-09-16,3.32,High Yield Corporate Bond Spread (Daily)
BAMLH0A0HYM2,2024-09-17,3.25,High Yield Corporate Bond Spread (Daily)
BAMLH0A0HYM2,2024-09-18,3.21,High Yield Corporate Bond Spread (Daily)
BAMLH0A0HYM2,2024-09-19,3.1,High Yield Corporate Bond Spread (Daily)
BAMLH0A0HYM2,2024-09-20,3.15,High Yield Corporate Bond Spread (Daily)
BAMLH0A0HYM2,2024-09-23,3.15,High Yield Corporate Bond Spread (Daily)
BAMLH0A0HYM2,2024-09-24,3.21,High Yield Corporate Bond Spread (Daily)
BAMLH0A0HYM2,2024-09-25,3.19,High Yield Corporate Bond Spread (Daily)
BAMLH0A0HYM2,2024-09-26,3.14,High Yield Corporate Bond Spread (Daily)
BAMLH0A0HYM2,2024-09-27,3.14,High Yield Corporate Bond Spread (Daily)
BAMLH0A0HYM2,2024-09-30,3.03,High Yield Corporate Bond Spread (Daily)
BAMLH0A0HYM2,2024-10-01,3.07,High Yield Corporate Bond Spread (Daily)
BAMLH0A0HYM2,2024-10-02,3.06,High Yield Corporate Bond Spread (Daily)
BAMLH0A0HYM2,2024-10-03,3.04,High Yield Corporate Bond Spread (Daily)
BAMLH0A0HYM2,2024-10-04,2.89,High Yield Corporate Bond Spread (Daily)
BAMLH0A0HYM2,2024-10-07,2.95,High Yield Corporate Bond Spread (Daily)
BAMLH0A0HYM2,2024-10-08,2.99,High Yield Corporate Bond Spread (Daily)
BAMLH0A0HYM2,2024-10-09,2.94,High Yield Corporate Bond Spread (Daily)
BAMLH0A0HYM2,2024-10-10,2.99,High Yield Corporate Bond Spread (Daily)
BAMLH0A0HYM2,2024-10-11,2.98,High Yield Corporate Bond Spread (Daily)
BAMLH0A0HYM2,2024-10-14,2.97,High Yield Corporate Bond Spread (Daily)
BAMLH0A0HYM2,2024-10-15,2.93,High Yield Corporate Bond Spread (Daily)
BAMLH0A0HYM2,2024-10-16,2.9,High Yield Corporate Bond Spread (Daily)
BAMLH0A0HYM2,2024-10-17,2.89,High Yield Corporate Bond Spread (Daily)
BAMLH0A0HYM2,2024-10-18,2.88,High Yield Corporate Bond Spread (Daily)
BAMLH0A0HYM2,2024-10-21,2.88,High Yield Corporate Bond Spread (Daily)
BAMLH0A0HYM2,2024-10-22,2.92,High Yield Corporate Bond Spread (Daily)
BAMLH0A0HYM2,2024-10-23,2.95,High Yield Corporate Bond Spread (Daily)
BAMLH0A0HYM2,2024-10-24,2.93,High Yield Corporate Bond Spread (Daily)
BAMLH0A0HYM2,2024-10-25,2.89,High Yield Corporate Bond Spread (Daily)
BAMLH0A0HYM2,2024-10-28,2.82,High Yield Corporate Bond Spread (Daily)
BAMLH0A0HYM2,2024-10-29,2.85,High Yield Corporate Bond Spread (Daily)
BAMLH0A0HYM2,2024-10-30,2.8,High Yield Corporate Bond Spread (Daily)
BAMLH0A0HYM2,2024-10-31,2.88,High Yield Corporate Bond Spread (Daily)
BAMLH0A0HYM2,2024-11-01,2.83,High Yield Corporate Bond Spread (Daily)
BAMLH0A0HYM2,2024-11-04,2.87,High Yield Corporate Bond Spread (Daily)
BAMLH0A0HYM2,2024-11-05,2.86,High Yield Corporate Bond Spread (Daily)
BAMLH0A0HYM2,2024-11-06,2.74,High Yield Corporate Bond Spread (Daily)
BAMLH0A0HYM2,2024-11-07,2.73,High Yield Corporate Bond Spread (Daily)
BAMLH0A0HYM2,2024-11-08,2.63,High Yield Corporate Bond Spread (Daily)
BAMLH0A0HYM2,2024-11-11,2.63,High Yield Corporate Bond Spread (Daily)
BAMLH0A0HYM2,2024-11-12,2.61,High Yield Corporate Bond Spread (Daily)
BAMLH0A0HYM2,2024-11-13,2.64,High Yield Corporate Bond Spread (Daily)
BAMLH0A0HYM2,2024-11-14,2.6,High Yield Corporate Bond Spread (Daily)
BAMLH0A0HYM2,2024-11-15,2.72,High Yield Corporate Bond Spread (Daily)
BAMLH0A0HYM2,2024-11-18,2.72,High Yield Corporate Bond Spread (Daily)
BAMLH0A0HYM2,2024-11-19,2.69,High Yield Corporate Bond Spread (Daily)
BAMLH0A0HYM2,2024-11-20,2.67,High Yield Corporate Bond Spread (Daily)
BAMLH0A0HYM2,2024-11-21,2.61,High Yield Corporate Bond Spread (Daily)
BAMLH0A0HYM2,2024-11-22,2.61,High Yield Corporate Bond Spread (Daily)
BAMLH0A0HYM2,2024-11-25,2.64,High Yield Corporate Bond Spread (Daily)
BAMLH0A0HYM2,2024-11-26,2.68,High Yield Corporate Bond Spread (Daily)
BAMLH0A0HYM2,2024-11-27,2.69,High Yield Corporate Bond Spread (Daily)
BAMLH0A0HYM2,2024-11-28,2.69,High Yield Corporate Bond Spread (Daily)
BAMLH0A0HYM2,2024-11-29,2.72,High Yield Corporate Bond Spread (Daily)
BAMLH0A0HYM2,2024-11-30,2.74,High Yield Corporate Bond Spread (Daily)
BAMLH0A0HYM2,2024-12-02,2.68,High Yield Corporate Bond Spread (Daily)
BAMLH0A0HYM2,2024-12-03,2.66,High Yield Corporate Bond Spread (Daily)
BAMLH0A0HYM2,2024-12-04,2.66,High Yield Corporate Bond Spread (Daily)
BAMLH0A0HYM2,2024-12-05,2.66,High Yield Corporate Bond Spread (Daily)
BAMLH0A0HYM2,2024-12-06,2.67,High Yield Corporate Bond Spread (Daily)
BAMLH0A0HYM2,2024-12-09,2.67,High Yield Corporate Bond Spread (Daily)
BAMLH0A0HYM2,2024-12-10,2.67,High Yield Corporate Bond Spread (Daily)
BAMLH0A0HYM2,2024-12-11,2.64,High Yield Corporate Bond Spread (Daily)
BAMLH0A0HYM2,2024-12-12,2.66,High Yield Corporate Bond Spread (Daily)
BAMLH0A0HYM2,2024-12-13,2.68,High Yield Corporate Bond Spread (Daily)
BAMLH0A0HYM2,2024-12-16,2.69,High Yield Corporate Bond Spread (Daily)
BAMLH0A0HYM2,2024-12-17,2.75,High Yield Corporate Bond Spread (Daily)
BAMLH0A0HYM2,2024-12-18,2.73,High Yield Corporate Bond Spread (Daily)
BAMLH0A0HYM2,2024-12-19,2.91,High Yield Corporate Bond Spread (Daily)
BAMLH0A0HYM2,2024-12-20,2.86,High Yield Corporate Bond Spread (Daily)
BAMLH0A0HYM2,2024-12-23,2.85,High Yield Corporate Bond Spread (Daily)
BAMLH0A0HYM2,2024-12-24,2.86,High Yield Corporate Bond Spread (Daily)
BAMLH0A0HYM2,2024-12-26,2.86,High Yield Corporate Bond Spread (Daily)
BAMLH0A0HYM2,2024-12-27,2.84,High Yield Corporate Bond Spread (Daily)
BAMLH0A0HYM2,2024-12-30,2.94,High Yield Corporate Bond Spread (Daily)
BAMLH0A0HYM2,2024-12-31,2.92,High Yield Corporate Bond Spread (Daily)
BAMLH0A0HYM2,2025-01-02,2.88,High Yield Corporate Bond Spread (Daily)
BAMLH0A0HYM2,2025-01-03,2.81,High Yield Corporate Bond Spread (Daily)
BAMLH0A0HYM2,2025-01-06,2.76,High Yield Corporate Bond Spread (Daily)
BAMLH0A0HYM2,2025-01-07,2.79,High Yield Corporate Bond Spread (Daily)
BAMLH0A0HYM2,2025-01-08,2.84,High Yield Corporate Bond Spread (Daily)
BAMLH0A0HYM2,2025-01-09,2.82,High Yield Corporate Bond Spread (Daily)
BAMLH0A0HYM2,2025-01-10,2.81,High Yield Corporate Bond Spread (Daily)
BAMLH0A0HYM2,2025-01-13,2.85,High Yield Corporate Bond Spread (Daily)
BAMLH0A0HYM2,2025-01-14,2.8,High Yield Corporate Bond Spread (Daily)
BAMLH0A0HYM2,2025-01-15,2.72,High Yield Corporate Bond Spread (Daily)
BAMLH0A0HYM2,2025-01-16,2.73,High Yield Corporate Bond Spread (Daily)
BAMLH0A0HYM2,2025-01-17,2.64,High Yield Corporate Bond Spread (Daily)
BAMLH0A0HYM2,2025-01-20,2.64,High Yield Corporate Bond Spread (Daily)
BAMLH0A0HYM2,2025-01-21,2.61,High Yield Corporate Bond Spread (Daily)
BAMLH0A0HYM2,2025-01-22,2.59,High Yield Corporate Bond Spread (Daily)
BAMLH0A0HYM2,2025-01-23,2.61,High Yield Corporate Bond Spread (Daily)
BAMLH0A0HYM2,2025-01-24,2.6,High Yield Corporate Bond Spread (Daily)
BAMLH0A0HYM2,2025-01-27,2.66,High Yield Corporate Bond Spread (Daily)
BAMLH0A0HYM2,2025-01-28,2.66,High Yield Corporate Bond Spread (Daily)
BAMLH0A0HYM2,2025-01-29,2.68,High Yield Corporate Bond Spread (Daily)
BAMLH0A0HYM2,2025-01-30,2.67,High Yield Corporate Bond Spread (Daily)
BAMLH0A0HYM2,2025-01-31,2.68,High Yield Corporate Bond Spread (Daily)
BAMLH0A0HYM2,2025-02-03,2.73,High Yield Corporate Bond Spread (Daily)
BAMLH0A0HYM2,2025-02-04,2.71,High Yield Corporate Bond Spread (Daily)
BAMLH0A0HYM2,2025-02-05,2.69,High Yield Corporate Bond Spread (Daily)
BAMLH0A0HYM2,2025-02-06,2.66,High Yield Corporate Bond Spread (Daily)
BAMLH0A0HYM2,2025-02-07,2.67,High Yield Corporate Bond Spread (Daily)
BAMLH0A0HYM2,2025-02-10,2.66,High Yield Corporate Bond Spread (Daily)
BAMLH0A0HYM2,2025-02-11,2.66,High Yield Corporate Bond Spread (Daily)
BAMLH0A0HYM2,2025-02-12,2.65,High Yield Corporate Bond Spread (Daily)
BAMLH0A0HYM2,2025-02-13,2.65,High Yield Corporate Bond Spread (Daily)
BAMLH0A0HYM2,2025-02-14,2.62,High Yield Corporate Bond Spread (Daily)
BAMLH0A0HYM2,2025-02-17,2.62,High Yield Corporate Bond Spread (Daily)
BAMLH0A0HYM2,2025-02-18,2.62,High Yield Corporate Bond Spread (Daily)
BAMLH0A0HYM2,2025-02-19,2.68,High Yield Corporate Bond Spread (Daily)
BAMLH0A0HYM2,2025-02-20,2.66,High Yield Corporate Bond Spread (Daily)
BAMLH0A0HYM2,2025-02-21,2.78,High Yield Corporate Bond Spread (Daily)
BAMLH0A0HYM2,2025-02-24,2.78,High Yield Corporate Bond Spread (Daily)
BAMLH0A0HYM2,2025-02-25,2.84,High Yield Corporate Bond Spread (Daily)
BAMLH0A0HYM2,2025-02-26,2.81,High Yield Corporate Bond Spread (Daily)
BAMLH0A0HYM2,2025-02-27,2.81,High Yield Corporate Bond Spread (Daily)
BAMLH0A0HYM2,2025-02-28,2.87,High Yield Corporate Bond Spread (Daily)
BAMLH0A0HYM2,2025-03-03,2.94,High Yield Corporate Bond Spread (Daily)
BAMLH0A0HYM2,2025-03-04,2.99,High Yield Corporate Bond Spread (Daily)
BAMLH0A0HYM2,2025-03-05,2.88,High Yield Corporate Bond Spread (Daily)
BAMLH0A0HYM2,2025-03-06,2.99,High Yield Corporate Bond Spread (Daily)
BAMLH0A0HYM2,2025-03-07,2.97,High Yield Corporate Bond Spread (Daily)
BAMLH0A0HYM2,2025-03-10,3.16,High Yield Corporate Bond Spread (Daily)
BAMLH0A0HYM2,2025-03-11,3.22,High Yield Corporate Bond Spread (Daily)
BAMLH0A0HYM2,2025-03-12,3.2,High Yield Corporate Bond Spread (Daily)
BAMLH0A0HYM2,2025-03-13,3.4,High Yield Corporate Bond Spread (Daily)
BAMLH0A0HYM2,2025-03-14,3.25,High Yield Corporate Bond Spread (Daily)
BAMLH0A0HYM2,2025-03-17,3.18,High Yield Corporate Bond Spread (Daily)
BAMLH0A0HYM2,2025-03-18,3.23,High Yield Corporate Bond Spread (Daily)
BAMLH0A0HYM2,2025-03-19,3.19,High Yield Corporate Bond Spread (Daily)
BAMLH0A0HYM2,2025-03-20,3.17,High Yield Corporate Bond Spread (Daily)
BAMLH0A0HYM2,2025-03-21,3.21,High Yield Corporate Bond Spread (Daily)
BAMLH0A0HYM2,2025-03-24,3.05,High Yield Corporate Bond Spread (Daily)
BAMLH0A0HYM2,2025-03-25,3.09,High Yield Corporate Bond Spread (Daily)
BAMLH0A0HYM2,2025-03-26,3.19,High Yield Corporate Bond Spread (Daily)
BAMLH0A0HYM2,2025-03-27,3.27,High Yield Corporate Bond Spread (Daily)
BAMLH0A0HYM2,2025-03-28,3.47,High Yield Corporate Bond Spread (Daily)
BAMLH0A0HYM2,2025-03-31,3.55,High Yield Corporate Bond Spread (Daily)
BAMLH0A0HYM2,2025-04-01,3.5,High Yield Corporate Bond Spread (Daily)
BAMLH0A0HYM2,2025-04-02,3.42,High Yield Corporate Bond Spread (Daily)
BAMLH0A0HYM2,2025-04-03,4.01,High Yield Corporate Bond Spread (Daily)
BAMLH0A0HYM2,2025-04-04,4.45,High Yield Corporate Bond Spread (Daily)
BAMLH0A0HYM2,2025-04-07,4.61,High Yield Corporate Bond Spread (Daily)
BAMLH0A0HYM2,2025-04-08,4.57,High Yield Corporate Bond Spread (Daily)
BAMLH0A0HYM2,2025-04-09,4.37,High Yield Corporate Bond Spread (Daily)
BAMLH0A0HYM2,2025-04-10,4.42,High Yield Corporate Bond Spread (Daily)
BAMLH0A0HYM2,2025-04-11,4.26,High Yield Corporate Bond Spread (Daily)
BAMLH0A0HYM2,2025-04-14,4.14,High Yield Corporate Bond Spread (Daily)
BAMLH0A0HYM2,2025-04-15,4.09,High Yield Corporate Bond Spread (Daily)
BAMLH0A0HYM2,2025-04-16,4.16,High Yield Corporate Bond Spread (Daily)
BAMLH0A0HYM2,2025-04-17,4.02,High Yield Corporate Bond Spread (Daily)
BAMLH0A0HYM2,2025-04-21,4.16,High Yield Corporate Bond Spread (Daily)
BAMLH0A0HYM2,2025-04-22,3.99,High Yield Corporate Bond Spread (Daily)
BAMLH0A0HYM2,2025-04-23,3.75,High Yield Corporate Bond Spread (Daily)
BAMLH0A0HYM2,2025-04-24,3.73,High Yield Corporate Bond Spread (Daily)
BAMLH0A0HYM2,2025-04-25,3.67,High Yield Corporate Bond Spread (Daily)
BAMLH0A0HYM2,2025-04-28,3.73,High Yield Corporate Bond Spread (Daily)
BAMLH0A0HYM2,2025-04-29,3.74,High Yield Corporate Bond Spread (Daily)
BAMLH0A0HYM2,2025-04-30,3.94,High Yield Corporate Bond Spread (Daily)
BAMLH0A0HYM2,2025-05-01,3.78,High Yield Corporate Bond Spread (Daily)
BAMLH0A0HYM2,2025-05-02,3.6,High Yield Corporate Bond Spread (Daily)
BAMLH0A0HYM2,2025-05-05,3.6,High Yield Corporate Bond Spread (Daily)
BAMLH0A0HYM2,2025-05-06,3.66,High Yield Corporate Bond Spread (Daily)
BAMLH0A0HYM2,2025-05-07,3.67,High Yield Corporate Bond Spread (Daily)
BAMLH0A0HYM2,2025-05-08,3.51,High Yield Corporate Bond Spread (Daily)
BAMLH0A0HYM2,2025-05-09,3.53,High Yield Corporate Bond Spread (Daily)
BAMLH0A0HYM2,2025-05-12,3.15,High Yield Corporate Bond Spread (Daily)
BAMLH0A0HYM2,2025-05-13,3.09,High Yield Corporate Bond Spread (Daily)
BAMLH0A0HYM2,2025-05-14,3.1,High Yield Corporate Bond Spread (Daily)
BAMLH0A0HYM2,2025-05-15,3.2,High Yield Corporate Bond Spread (Daily)
BAMLH0A0HYM2,2025-05-16,3.16,High Yield Corporate Bond Spread (Daily)
BAMLH0A0HYM2,2025-05-19,3.21,High Yield Corporate Bond Spread (Daily)
BAMLH0A0HYM2,2025-05-20,3.2,High Yield Corporate Bond Spread (Daily)
BAMLH0A0HYM2,2025-05-21,3.25,High Yield Corporate Bond Spread (Daily)
BAMLH0A0HYM2,2025-05-22,3.32,High Yield Corporate Bond Spread (Daily)
BAMLH0A0HYM2,2025-05-23,3.4,High Yield Corporate Bond Spread (Daily)
BAMLH0A0HYM2,2025-05-26,3.4,High Yield Corporate Bond Spread (Daily)
BAMLH0A0HYM2,2025-05-27,3.24,High Yield Corporate Bond Spread (Daily)
BAMLH0A0HYM2,2025-05-28,3.23,High Yield Corporate Bond Spread (Daily)
BAMLH0A0HYM2,2025-05-29,3.22,High Yield Corporate Bond Spread (Daily)
BAMLH0A0HYM2,2025-05-30,3.31,High Yield Corporate Bond Spread (Daily)
BAMLH0A0HYM2,2025-05-31,3.32,High Yield Corporate Bond Spread (Daily)
BAMLH0A0HYM2,2025-06-02,3.27,High Yield Corporate Bond Spread (Daily)
BAMLH0A0HYM2,2025-06-03,3.19,High Yield Corporate Bond Spread (Daily)
BAMLH0A0HYM2,2025-06-04,3.23,High Yield Corporate Bond Spread (Daily)
BAMLH0A0HYM2,2025-06-05,3.18,High Yield Corporate Bond Spread (Daily)
BAMLH0A0HYM2,2025-06-06,3.09,High Yield Corporate Bond Spread (Daily)
BAMLH0A0HYM2,2025-06-09,3.12,High Yield Corporate Bond Spread (Daily)
BAMLH0A0HYM2,2025-06-10,3.12,High Yield Corporate Bond Spread (Daily)
BAMLH0A0HYM2,2025-06-11,3.12,High Yield Corporate Bond Spread (Daily)
BAMLH0A0HYM2,2025-06-12,3.17,High Yield Corporate Bond Spread (Daily)
BAMLH0A0HYM2,2025-06-13,3.18,High Yield Corporate Bond Spread (Daily)
BAMLH0A0HYM2,2025-06-16,3.1,High Yield Corporate Bond Spread (Daily)
BAMLH0A0HYM2,2025-06-17,3.17,High Yield Corporate Bond Spread (Daily)
BAMLH0A0HYM2,2025-06-18,3.16,High Yield Corporate Bond Spread (Daily)
BAMLH0A0HYM2,2025-06-19,3.16,High Yield Corporate Bond Spread (Daily)
BAMLH0A0HYM2,2025-06-20,3.13,High Yield Corporate Bond Spread (Daily)
BAMLH0A0HYM2,2025-06-23,3.12,High Yield Corporate Bond Spread (Daily)
BAMLH0A0HYM2,2025-06-24,3.06,High Yield Corporate Bond Spread (Daily)
BAMLH0A0HYM2,2025-06-25,3.04,High Yield Corporate Bond Spread (Daily)
BAMLH0A0HYM2,2025-06-26,3.04,High Yield Corporate Bond Spread (Daily)
BAMLH0A0HYM2,2025-06-27,3.02,High Yield Corporate Bond Spread (Daily)
BAMLH0A0HYM2,2025-06-30,2.96,High Yield Corporate Bond Spread (Daily)
MORTGAGE30US,2020-01-02,3.72,30-Year Fixed Mortgage Rate (Weekly)
MORTGAGE30US,2020-01-09,3.64,30-Year Fixed Mortgage Rate (Weekly)
MORTGAGE30US,2020-01-16,3.65,30-Year Fixed Mortgage Rate (Weekly)
MORTGAGE30US,2020-01-23,3.6,30-Year Fixed Mortgage Rate (Weekly)
MORTGAGE30US,2020-01-30,3.51,30-Year Fixed Mortgage Rate (Weekly)
MORTGAGE30US,2020-02-06,3.45,30-Year Fixed Mortgage Rate (Weekly)
MORTGAGE30US,2020-02-13,3.47,30-Year Fixed Mortgage Rate (Weekly)
MORTGAGE30US,2020-02-20,3.49,30-Year Fixed Mortgage Rate (Weekly)
MORTGAGE30US,2020-02-27,3.45,30-Year Fixed Mortgage Rate (Weekly)
MORTGAGE30US,2020-03-05,3.29,30-Year Fixed Mortgage Rate (Weekly)
MORTGAGE30US,2020-03-12,3.36,30-Year Fixed Mortgage Rate (Weekly)
MORTGAGE30US,2020-03-19,3.65,30-Year Fixed Mortgage Rate (Weekly)
MORTGAGE30US,2020-03-26,3.5,30-Year Fixed Mortgage Rate (Weekly)
MORTGAGE30US,2020-04-02,3.33,30-Year Fixed Mortgage Rate (Weekly)
MORTGAGE30US,2020-04-09,3.33,30-Year Fixed Mortgage Rate (Weekly)
MORTGAGE30US,2020-04-16,3.31,30-Year Fixed Mortgage Rate (Weekly)
MORTGAGE30US,2020-04-23,3.33,30-Year Fixed Mortgage Rate (Weekly)
MORTGAGE30US,2020-04-30,3.23,30-Year Fixed Mortgage Rate (Weekly)
MORTGAGE30US,2020-05-07,3.26,30-Year Fixed Mortgage Rate (Weekly)
MORTGAGE30US,2020-05-14,3.28,30-Year Fixed Mortgage Rate (Weekly)
MORTGAGE30US,2020-05-21,3.24,30-Year Fixed Mortgage Rate (Weekly)
MORTGAGE30US,2020-05-28,3.15,30-Year Fixed Mortgage Rate (Weekly)
MORTGAGE30US,2020-06-04,3.18,30-Year Fixed Mortgage Rate (Weekly)
MORTGAGE30US,2020-06-11,3.21,30-Year Fixed Mortgage Rate (Weekly)
MORTGAGE30US,2020-06-18,3.13,30-Year Fixed Mortgage Rate (Weekly)
MORTGAGE30US,2020-06-25,3.13,30-Year Fixed Mortgage Rate (Weekly)
MORTGAGE30US,2020-07-02,3.07,30-Year Fixed Mortgage Rate (Weekly)
MORTGAGE30US,2020-07-09,3.03,30-Year Fixed Mortgage Rate (Weekly)
MORTGAGE30US,2020-07-16,2.98,30-Year Fixed Mortgage Rate (Weekly)
MORTGAGE30US,2020-07-23,3.01,30-Year Fixed Mortgage Rate (Weekly)
MORTGAGE30US,2020-07-30,2.99,30-Year Fixed Mortgage Rate (Weekly)
MORTGAGE30US,2020-08-06,2.88,30-Year Fixed Mortgage Rate (Weekly)
MORTGAGE30US,2020-08-13,2.96,30-Year Fixed Mortgage Rate (Weekly)
MORTGAGE30US,2020-08-20,2.99,30-Year Fixed Mortgage Rate (Weekly)
MORTGAGE30US,2020-08-27,2.91,30-Year Fixed Mortgage Rate (Weekly)
MORTGAGE30US,2020-09-03,2.93,30-Year Fixed Mortgage Rate (Weekly)
MORTGAGE30US,2020-09-10,2.86,30-Year Fixed Mortgage Rate (Weekly)
MORTGAGE30US,2020-09-17,2.87,30-Year Fixed Mortgage Rate (Weekly)
MORTGAGE30US,2020-09-24,2.9,30-Year Fixed Mortgage Rate (Weekly)
MORTGAGE30US,2020-10-01,2.88,30-Year Fixed Mortgage Rate (Weekly)
MORTGAGE30US,2020-10-08,2.87,30-Year Fixed Mortgage Rate (Weekly)
MORTGAGE30US,2020-10-15,2.81,30-Year Fixed Mortgage Rate (Weekly)
MORTGAGE30US,2020-10-22,2.8,30-Year Fixed Mortgage Rate (Weekly)
MORTGAGE30US,2020-10-29,2.81,30-Year Fixed Mortgage Rate (Weekly)
MORTGAGE30US,2020-11-05,2.78,30-Year Fixed Mortgage Rate (Weekly)
MORTGAGE30US,2020-11-12,2.84,30-Year Fixed Mortgage Rate (Weekly)
MORTGAGE30US,2020-11-19,2.72,30-Year Fixed Mortgage Rate (Weekly)
MORTGAGE30US,2020-11-25,2.72,30-Year Fixed Mortgage Rate (Weekly)
MORTGAGE30US,2020-12-03,2.71,30-Year Fixed Mortgage Rate (Weekly)
MORTGAGE30US,2020-12-10,2.71,30-Year Fixed Mortgage Rate (Weekly)
MORTGAGE30US,2020-12-17,2.67,30-Year Fixed Mortgage Rate (Weekly)
MORTGAGE30US,2020-12-24,2.66,30-Year Fixed Mortgage Rate (Weekly)
MORTGAGE30US,2020-12-31,2.67,30-Year Fixed Mortgage Rate (Weekly)
MORTGAGE30US,2021-01-07,2.65,30-Year Fixed Mortgage Rate (Weekly)
MORTGAGE30US,2021-01-14,2.79,30-Year Fixed Mortgage Rate (Weekly)
MORTGAGE30US,2021-01-21,2.77,30-Year Fixed Mortgage Rate (Weekly)
MORTGAGE30US,2021-01-28,2.73,30-Year Fixed Mortgage Rate (Weekly)
MORTGAGE30US,2021-02-04,2.73,30-Year Fixed Mortgage Rate (Weekly)
MORTGAGE30US,2021-02-11,2.73,30-Year Fixed Mortgage Rate (Weekly)
MORTGAGE30US,2021-02-18,2.81,30-Year Fixed Mortgage Rate (Weekly)
MORTGAGE30US,2021-02-25,2.97,30-Year Fixed Mortgage Rate (Weekly)
MORTGAGE30US,2021-03-04,3.02,30-Year Fixed Mortgage Rate (Weekly)
MORTGAGE30US,2021-03-11,3.05,30-Year Fixed Mortgage Rate (Weekly)
MORTGAGE30US,2021-03-18,3.09,30-Year Fixed Mortgage Rate (Weekly)
MORTGAGE30US,2021-03-25,3.17,30-Year Fixed Mortgage Rate (Weekly)
MORTGAGE30US,2021-04-01,3.18,30-Year Fixed Mortgage Rate (Weekly)
MORTGAGE30US,2021-04-08,3.13,30-Year Fixed Mortgage Rate (Weekly)
MORTGAGE30US,2021-04-15,3.04,30-Year Fixed Mortgage Rate (Weekly)
MORTGAGE30US,2021-04-22,2.97,30-Year Fixed Mortgage Rate (Weekly)
MORTGAGE30US,2021-04-29,2.98,30-Year Fixed Mortgage Rate (Weekly)
MORTGAGE30US,2021-05-06,2.96,30-Year Fixed Mortgage Rate (Weekly)
MORTGAGE30US,2021-05-13,2.94,30-Year Fixed Mortgage Rate (Weekly)
MORTGAGE30US,2021-05-20,3.0,30-Year Fixed Mortgage Rate (Weekly)
MORTGAGE30US,2021-05-27,2.95,30-Year Fixed Mortgage Rate (Weekly)
MORTGAGE30US,2021-06-03,2.99,30-Year Fixed Mortgage Rate (Weekly)
MORTGAGE30US,2021-06-10,2.96,30-Year Fixed Mortgage Rate (Weekly)
MORTGAGE30US,2021-06-17,2.93,30-Year Fixed Mortgage Rate (Weekly)
MORTGAGE30US,2021-06-24,3.02,30-Year Fixed Mortgage Rate (Weekly)
MORTGAGE30US,2021-07-01,2.98,30-Year Fixed Mortgage Rate (Weekly)
MORTGAGE30US,2021-07-08,2.9,30-Year Fixed Mortgage Rate (Weekly)
MORTGAGE30US,2021-07-15,2.88,30-Year Fixed Mortgage Rate (Weekly)
MORTGAGE30US,2021-07-22,2.78,30-Year Fixed Mortgage Rate (Weekly)
MORTGAGE30US,2021-07-29,2.8,30-Year Fixed Mortgage Rate (Weekly)
MORTGAGE30US,2021-08-05,2.77,30-Year Fixed Mortgage Rate (Weekly)
MORTGAGE30US,2021-08-12,2.87,30-Year Fixed Mortgage Rate (Weekly)
MORTGAGE30US,2021-08-19,2.86,30-Year Fixed Mortgage Rate (Weekly)
MORTGAGE30US,2021-08-26,2.87,30-Year Fixed Mortgage Rate (Weekly)
MORTGAGE30US,2021-09-02,2.87,30-Year Fixed Mortgage Rate (Weekly)
MORTGAGE30US,2021-09-09,2.88,30-Year Fixed Mortgage Rate (Weekly)
MORTGAGE30US,2021-09-16,2.86,30-Year Fixed Mortgage Rate (Weekly)
MORTGAGE30US,2021-09-23,2.88,30-Year Fixed Mortgage Rate (Weekly)
MORTGAGE30US,2021-09-30,3.01,30-Year Fixed Mortgage Rate (Weekly)
MORTGAGE30US,2021-10-07,2.99,30-Year Fixed Mortgage Rate (Weekly)
MORTGAGE30US,2021-10-14,3.05,30-Year Fixed Mortgage Rate (Weekly)
MORTGAGE30US,2021-10-21,3.09,30-Year Fixed Mortgage Rate (Weekly)
MORTGAGE30US,2021-10-28,3.14,30-Year Fixed Mortgage Rate (Weekly)
MORTGAGE30US,2021-11-04,3.09,30-Year Fixed Mortgage Rate (Weekly)
MORTGAGE30US,2021-11-10,2.98,30-Year Fixed Mortgage Rate (Weekly)
MORTGAGE30US,2021-11-18,3.1,30-Year Fixed Mortgage Rate (Weekly)
MORTGAGE30US,2021-11-24,3.1,30-Year Fixed Mortgage Rate (Weekly)
MORTGAGE30US,2021-12-02,3.11,30-Year Fixed Mortgage Rate (Weekly)
MORTGAGE30US,2021-12-09,3.1,30-Year Fixed Mortgage Rate (Weekly)
MORTGAGE30US,2021-12-16,3.12,30-Year Fixed Mortgage Rate (Weekly)
MORTGAGE30US,2021-12-23,3.05,30-Year Fixed Mortgage Rate (Weekly)
MORTGAGE30US,2021-12-30,3.11,30-Year Fixed Mortgage Rate (Weekly)
MORTGAGE30US,2022-01-06,3.22,30-Year Fixed Mortgage Rate (Weekly)
MORTGAGE30US,2022-01-13,3.45,30-Year Fixed Mortgage Rate (Weekly)
MORTGAGE30US,2022-01-20,3.56,30-Year Fixed Mortgage Rate (Weekly)
MORTGAGE30US,2022-01-27,3.55,30-Year Fixed Mortgage Rate (Weekly)
MORTGAGE30US,2022-02-03,3.55,30-Year Fixed Mortgage Rate (Weekly)
MORTGAGE30US,2022-02-10,3.69,30-Year Fixed Mortgage Rate (Weekly)
MORTGAGE30US,2022-02-17,3.92,30-Year Fixed Mortgage Rate (Weekly)
MORTGAGE30US,2022-02-24,3.89,30-Year Fixed Mortgage Rate (Weekly)
MORTGAGE30US,2022-03-03,3.76,30-Year Fixed Mortgage Rate (Weekly)
MORTGAGE30US,2022-03-10,3.85,30-Year Fixed Mortgage Rate (Weekly)
MORTGAGE30US,2022-03-17,4.16,30-Year Fixed Mortgage Rate (Weekly)
MORTGAGE30US,2022-03-24,4.42,30-Year Fixed Mortgage Rate (Weekly)
MORTGAGE30US,2022-03-31,4.67,30-Year Fixed Mortgage Rate (Weekly)
MORTGAGE30US,2022-04-07,4.72,30-Year Fixed Mortgage Rate (Weekly)
MORTGAGE30US,2022-04-14,5.0,30-Year Fixed Mortgage Rate (Weekly)
MORTGAGE30US,2022-04-21,5.11,30-Year Fixed Mortgage Rate (Weekly)
MORTGAGE30US,2022-04-28,5.1,30-Year Fixed Mortgage Rate (Weekly)
MORTGAGE30US,2022-05-05,5.27,30-Year Fixed Mortgage Rate (Weekly)
MORTGAGE30US,2022-05-12,5.3,30-Year Fixed Mortgage Rate (Weekly)
MORTGAGE30US,2022-05-19,5.25,30-Year Fixed Mortgage Rate (Weekly)
MORTGAGE30US,2022-05-26,5.1,30-Year Fixed Mortgage Rate (Weekly)
MORTGAGE30US,2022-06-02,5.09,30-Year Fixed Mortgage Rate (Weekly)
MORTGAGE30US,2022-06-09,5.23,30-Year Fixed Mortgage Rate (Weekly)
MORTGAGE30US,2022-06-16,5.78,30-Year Fixed Mortgage Rate (Weekly)
MORTGAGE30US,2022-06-23,5.81,30-Year Fixed Mortgage Rate (Weekly)
MORTGAGE30US,2022-06-30,5.7,30-Year Fixed Mortgage Rate (Weekly)
MORTGAGE30US,2022-07-07,5.3,30-Year Fixed Mortgage Rate (Weekly)
MORTGAGE30US,2022-07-14,5.51,30-Year Fixed Mortgage Rate (Weekly)
MORTGAGE30US,2022-07-21,5.54,30-Year Fixed Mortgage Rate (Weekly)
MORTGAGE30US,2022-07-28,5.3,30-Year Fixed Mortgage Rate (Weekly)
MORTGAGE30US,2022-08-04,4.99,30-Year Fixed Mortgage Rate (Weekly)
MORTGAGE30US,2022-08-11,5.22,30-Year Fixed Mortgage Rate (Weekly)
MORTGAGE30US,2022-08-18,5.13,30-Year Fixed Mortgage Rate (Weekly)
MORTGAGE30US,2022-08-25,5.55,30-Year Fixed Mortgage Rate (Weekly)
MORTGAGE30US,2022-09-01,5.66,30-Year Fixed Mortgage Rate (Weekly)
MORTGAGE30US,2022-09-08,5.89,30-Year Fixed Mortgage Rate (Weekly)
MORTGAGE30US,2022-09-15,6.02,30-Year Fixed Mortgage Rate (Weekly)
MORTGAGE30US,2022-09-22,6.29,30-Year Fixed Mortgage Rate (Weekly)
MORTGAGE30US,2022-09-29,6.7,30-Year Fixed Mortgage Rate (Weekly)
MORTGAGE30US,2022-10-06,6.66,30-Year Fixed Mortgage Rate (Weekly)
MORTGAGE30US,2022-10-13,6.92,30-Year Fixed Mortgage Rate (Weekly)
MORTGAGE30US,2022-10-20,6.94,30-Year Fixed Mortgage Rate (Weekly)
MORTGAGE30US,2022-10-27,7.08,30-Year Fixed Mortgage Rate (Weekly)
MORTGAGE30US,2022-11-03,6.95,30-Year Fixed Mortgage Rate (Weekly)
MORTGAGE30US,2022-11-10,7.08,30-Year Fixed Mortgage Rate (Weekly)
MORTGAGE30US,2022-11-17,6.61,30-Year Fixed Mortgage Rate (Weekly)
MORTGAGE30US,2022-11-23,6.58,30-Year Fixed Mortgage Rate (Weekly)
MORTGAGE30US,2022-12-01,6.49,30-Year Fixed Mortgage Rate (Weekly)
MORTGAGE30US,2022-12-08,6.33,30-Year Fixed Mortgage Rate (Weekly)
MORTGAGE30US,2022-12-15,6.31,30-Year Fixed Mortgage Rate (Weekly)
MORTGAGE30US,2022-12-22,6.27,30-Year Fixed Mortgage Rate (Weekly)
MORTGAGE30US,2022-12-29,6.42,30-Year Fixed Mortgage Rate (Weekly)
MORTGAGE30US,2023-01-05,6.48,30-Year Fixed Mortgage Rate (Weekly)
MORTGAGE30US,2023-01-12,6.33,30-Year Fixed Mortgage Rate (Weekly)
MORTGAGE30US,2023-01-19,6.15,30-Year Fixed Mortgage Rate (Weekly)
MORTGAGE30US,2023-01-26,6.13,30-Year Fixed Mortgage Rate (Weekly)
MORTGAGE30US,2023-02-02,6.09,30-Year Fixed Mortgage Rate (Weekly)
MORTGAGE30US,2023-02-09,6.12,30-Year Fixed Mortgage Rate (Weekly)
MORTGAGE30US,2023-02-16,6.32,30-Year Fixed Mortgage Rate (Weekly)
MORTGAGE30US,2023-02-23,6.5,30-Year Fixed Mortgage Rate (Weekly)
MORTGAGE30US,2023-03-02,6.65,30-Year Fixed Mortgage Rate (Weekly)
MORTGAGE30US,2023-03-09,6.73,30-Year Fixed Mortgage Rate (Weekly)
MORTGAGE30US,2023-03-16,6.6,30-Year Fixed Mortgage Rate (Weekly)
MORTGAGE30US,2023-03-23,6.42,30-Year Fixed Mortgage Rate (Weekly)
MORTGAGE30US,2023-03-30,6.32,30-Year Fixed Mortgage Rate (Weekly)
MORTGAGE30US,2023-04-06,6.28,30-Year Fixed Mortgage Rate (Weekly)
MORTGAGE30US,2023-04-13,6.27,30-Year Fixed Mortgage Rate (Weekly)
MORTGAGE30US,2023-04-20,6.39,30-Year Fixed Mortgage Rate (Weekly)
MORTGAGE30US,2023-04-27,6.43,30-Year Fixed Mortgage Rate (Weekly)
MORTGAGE30US,2023-05-04,6.39,30-Year Fixed Mortgage Rate (Weekly)
MORTGAGE30US,2023-05-11,6.35,30-Year Fixed Mortgage Rate (Weekly)
MORTGAGE30US,2023-05-18,6.39,30-Year Fixed Mortgage Rate (Weekly)
MORTGAGE30US,2023-05-25,6.57,30-Year Fixed Mortgage Rate (Weekly)
MORTGAGE30US,2023-06-01,6.79,30-Year Fixed Mortgage Rate (Weekly)
MORTGAGE30US,2023-06-08,6.71,30-Year Fixed Mortgage Rate (Weekly)
MORTGAGE30US,2023-06-15,6.69,30-Year Fixed Mortgage Rate (Weekly)
MORTGAGE30US,2023-06-22,6.67,30-Year Fixed Mortgage Rate (Weekly)
MORTGAGE30US,2023-06-29,6.71,30-Year Fixed Mortgage Rate (Weekly)
MORTGAGE30US,2023-07-06,6.81,30-Year Fixed Mortgage Rate (Weekly)
MORTGAGE30US,2023-07-13,6.96,30-Year Fixed Mortgage Rate (Weekly)
MORTGAGE30US,2023-07-20,6.78,30-Year Fixed Mortgage Rate (Weekly)
MORTGAGE30US,2023-07-27,6.81,30-Year Fixed Mortgage Rate (Weekly)
MORTGAGE30US,2023-08-03,6.9,30-Year Fixed Mortgage Rate (Weekly)
MORTGAGE30US,2023-08-10,6.96,30-Year Fixed Mortgage Rate (Weekly)
MORTGAGE30US,2023-08-17,7.09,30-Year Fixed Mortgage Rate (Weekly)
MORTGAGE30US,2023-08-24,7.23,30-Year Fixed Mortgage Rate (Weekly)
MORTGAGE30US,2023-08-31,7.18,30-Year Fixed Mortgage Rate (Weekly)
MORTGAGE30US,2023-09-07,7.12,30-Year Fixed Mortgage Rate (Weekly)
MORTGAGE30US,2023-09-14,7.18,30-Year Fixed Mortgage Rate (Weekly)
MORTGAGE30US,2023-09-21,7.19,30-Year Fixed Mortgage Rate (Weekly)
MORTGAGE30US,2023-09-28,7.31,30-Year Fixed Mortgage Rate (Weekly)
MORTGAGE30US,2023-10-05,7.49,30-Year Fixed Mortgage Rate (Weekly)
MORTGAGE30US,2023-10-12,7.57,30-Year Fixed Mortgage Rate (Weekly)
MORTGAGE30US,2023-10-19,7.63,30-Year Fixed Mortgage Rate (Weekly)
MORTGAGE30US,2023-10-26,7.79,30-Year Fixed Mortgage Rate (Weekly)
MORTGAGE30US,2023-11-02,7.76,30-Year Fixed Mortgage Rate (Weekly)
MORTGAGE30US,2023-11-09,7.5,30-Year Fixed Mortgage Rate (Weekly)
MORTGAGE30US,2023-11-16,7.44,30-Year Fixed Mortgage Rate (Weekly)
MORTGAGE30US,2023-11-22,7.29,30-Year Fixed Mortgage Rate (Weekly)
MORTGAGE30US,2023-11-30,7.22,30-Year Fixed Mortgage Rate (Weekly)
MORTGAGE30US,2023-12-07,7.03,30-Year Fixed Mortgage Rate (Weekly)
MORTGAGE30US,2023-12-14,6.95,30-Year Fixed Mortgage Rate (Weekly)
MORTGAGE30US,2023-12-21,6.67,30-Year Fixed Mortgage Rate (Weekly)
MORTGAGE30US,2023-12-28,6.61,30-Year Fixed Mortgage Rate (Weekly)
MORTGAGE30US,2024-01-04,6.62,30-Year Fixed Mortgage Rate (Weekly)
MORTGAGE30US,2024-01-11,6.66,30-Year Fixed Mortgage Rate (Weekly)
MORTGAGE30US,2024-01-18,6.6,30-Year Fixed Mortgage Rate (Weekly)
MORTGAGE30US,2024-01-25,6.69,30-Year Fixed Mortgage Rate (Weekly)
MORTGAGE30US,2024-02-01,6.63,30-Year Fixed Mortgage Rate (Weekly)
MORTGAGE30US,2024-02-08,6.64,30-Year Fixed Mortgage Rate (Weekly)
MORTGAGE30US,2024-02-15,6.77,30-Year Fixed Mortgage Rate (Weekly)
MORTGAGE30US,2024-02-22,6.9,30-Year Fixed Mortgage Rate (Weekly)
MORTGAGE30US,2024-02-29,6.94,30-Year Fixed Mortgage Rate (Weekly)
MORTGAGE30US,2024-03-07,6.88,30-Year Fixed Mortgage Rate (Weekly)
MORTGAGE30US,2024-03-14,6.74,30-Year Fixed Mortgage Rate (Weekly)
MORTGAGE30US,2024-03-21,6.87,30-Year Fixed Mortgage Rate (Weekly)
MORTGAGE30US,2024-03-28,6.79,30-Year Fixed Mortgage Rate (Weekly)
MORTGAGE30US,2024-04-04,6.82,30-Year Fixed Mortgage Rate (Weekly)
MORTGAGE30US,2024-04-11,6.88,30-Year Fixed Mortgage Rate (Weekly)
MORTGAGE30US,2024-04-18,7.1,30-Year Fixed Mortgage Rate (Weekly)
MORTGAGE30US,2024-04-25,7.17,30-Year Fixed Mortgage Rate (Weekly)
MORTGAGE30US,2024-05-02,7.22,30-Year Fixed Mortgage Rate (Weekly)
MORTGAGE30US,2024-05-09,7.09,30-Year Fixed Mortgage Rate (Weekly)
MORTGAGE30US,2024-05-16,7.02,30-Year Fixed Mortgage Rate (Weekly)
MORTGAGE30US,2024-05-23,6.94,30-Year Fixed Mortgage Rate (Weekly)
MORTGAGE30US,2024-05-30,7.03,30-Year Fixed Mortgage Rate (Weekly)
MORTGAGE30US,2024-06-06,6.99,30-Year Fixed Mortgage Rate (Weekly)
MORTGAGE30US,2024-06-13,6.95,30-Year Fixed Mortgage Rate (Weekly)
MORTGAGE30US,2024-06-20,6.87,30-Year Fixed Mortgage Rate (Weekly)
MORTGAGE30US,2024-06-27,6.86,30-Year Fixed Mortgage Rate (Weekly)
MORTGAGE30US,2024-07-03,6.95,30-Year Fixed Mortgage Rate (Weekly)
MORTGAGE30US,2024-07-11,6.89,30-Year Fixed Mortgage Rate (Weekly)
MORTGAGE30US,2024-07-18,6.77,30-Year Fixed Mortgage Rate (Weekly)
MORTGAGE30US,2024-07-25,6.78,30-Year Fixed Mortgage Rate (Weekly)
MORTGAGE30US,2024-08-01,6.73,30-Year Fixed Mortgage Rate (Weekly)
MORTGAGE30US,2024-08-08,6.47,30-Year Fixed Mortgage Rate (Weekly)
MORTGAGE30US,2024-08-15,6.49,30-Year Fixed Mortgage Rate (Weekly)
MORTGAGE30US,2024-08-22,6.46,30-Year Fixed Mortgage Rate (Weekly)
MORTGAGE30US,2024-08-29,6.35,30-Year Fixed Mortgage Rate (Weekly)
MORTGAGE30US,2024-09-05,6.35,30-Year Fixed Mortgage Rate (Weekly)
MORTGAGE30US,2024-09-12,6.2,30-Year Fixed Mortgage Rate (Weekly)
MORTGAGE30US,2024-09-19,6.09,30-Year Fixed Mortgage Rate (Weekly)
MORTGAGE30US,2024-09-26,6.08,30-Year Fixed Mortgage Rate (Weekly)
MORTGAGE30US,2024-10-03,6.12,30-Year Fixed Mortgage Rate (Weekly)
MORTGAGE30US,2024-10-10,6.32,30-Year Fixed Mortgage Rate (Weekly)
MORTGAGE30US,2024-10-17,6.44,30-Year Fixed Mortgage Rate (Weekly)
MORTGAGE30US,2024-10-24,6.54,30-Year Fixed Mortgage Rate (Weekly)
MORTGAGE30US,2024-10-31,6.72,30-Year Fixed Mortgage Rate (Weekly)
MORTGAGE30US,2024-11-07,6.79,30-Year Fixed Mortgage Rate (Weekly)
MORTGAGE30US,2024-11-14,6.78,30-Year Fixed Mortgage Rate (Weekly)
MORTGAGE30US,2024-11-21,6.84,30-Year Fixed Mortgage Rate (Weekly)
MORTGAGE30US,2024-11-27,6.81,30-Year Fixed Mortgage Rate (Weekly)
MORTGAGE30US,2024-12-05,6.69,30-Year Fixed Mortgage Rate (Weekly)
MORTGAGE30US,2024-12-12,6.6,30-Year Fixed Mortgage Rate (Weekly)
MORTGAGE30US,2024-12-19,6.72,30-Year Fixed Mortgage Rate (Weekly)
MORTGAGE30US,2024-12-26,6.85,30-Year Fixed Mortgage Rate (Weekly)
MORTGAGE30US,2025-01-02,6.91,30-Year Fixed Mortgage Rate (Weekly)
MORTGAGE30US,2025-01-09,6.93,30-Year Fixed Mortgage Rate (Weekly)
MORTGAGE30US,2025-01-16,7.04,30-Year Fixed Mortgage Rate (Weekly)
MORTGAGE30US,2025-01-23,6.96,30-Year Fixed Mortgage Rate (Weekly)
MORTGAGE30US,2025-01-30,6.95,30-Year Fixed Mortgage Rate (Weekly)
MORTGAGE30US,2025-02-06,6.89,30-Year Fixed Mortgage Rate (Weekly)
MORTGAGE30US,2025-02-13,6.87,30-Year Fixed Mortgage Rate (Weekly)
MORTGAGE30US,2025-02-20,6.85,30-Year Fixed Mortgage Rate (Weekly)
MORTGAGE30US,2025-02-27,6.76,30-Year Fixed Mortgage Rate (Weekly)
MORTGAGE30US,2025-03-06,6.63,30-Year Fixed Mortgage Rate (Weekly)
MORTGAGE30US,2025-03-13,6.65,30-Year Fixed Mortgage Rate (Weekly)
MORTGAGE30US,2025-03-20,6.67,30-Year Fixed Mortgage Rate (Weekly)
MORTGAGE30US,2025-03-27,6.65,30-Year Fixed Mortgage Rate (Weekly)
MORTGAGE30US,2025-04-03,6.64,30-Year Fixed Mortgage Rate (Weekly)
MORTGAGE30US,2025-04-10,6.62,30-Year Fixed Mortgage Rate (Weekly)
MORTGAGE30US,2025-04-17,6.83,30-Year Fixed Mortgage Rate (Weekly)
MORTGAGE30US,2025-04-24,6.81,30-Year Fixed Mortgage Rate (Weekly)
MORTGAGE30US,2025-05-01,6.76,30-Year Fixed Mortgage Rate (Weekly)
MORTGAGE30US,2025-05-08,6.76,30-Year Fixed Mortgage Rate (Weekly)
MORTGAGE30US,2025-05-15,6.81,30-Year Fixed Mortgage Rate (Weekly)
MORTGAGE30US,2025-05-22,6.86,30-Year Fixed Mortgage Rate (Weekly)
MORTGAGE30US,2025-05-29,6.89,30-Year Fixed Mortgage Rate (Weekly)
MORTGAGE30US,2025-06-05,6.85,30-Year Fixed Mortgage Rate (Weekly)
MORTGAGE30US,2025-06-12,6.84,30-Year Fixed Mortgage Rate (Weekly)
MORTGAGE30US,2025-06-18,6.81,30-Year Fixed Mortgage Rate (Weekly)
MORTGAGE30US,2025-06-26,6.77,30-Year Fixed Mortgage Rate (Weekly)
UMCSENT,2020-01-01,99.8,U of Michigan Consumer Sentiment (Monthly)
UMCSENT,2020-02-01,101.0,U of Michigan Consumer Sentiment (Monthly)
UMCSENT,2020-03-01,89.1,U of Michigan Consumer Sentiment (Monthly)
UMCSENT,2020-04-01,71.8,U of Michigan Consumer Sentiment (Monthly)
UMCSENT,2020-05-01,72.3,U of Michigan Consumer Sentiment (Monthly)
UMCSENT,2020-06-01,78.1,U of Michigan Consumer Sentiment (Monthly)
UMCSENT,2020-07-01,72.5,U of Michigan Consumer Sentiment (Monthly)
UMCSENT,2020-08-01,74.1,U of Michigan Consumer Sentiment (Monthly)
UMCSENT,2020-09-01,80.4,U of Michigan Consumer Sentiment (Monthly)
UMCSENT,2020-10-01,81.8,U of Michigan Consumer Sentiment (Monthly)
UMCSENT,2020-11-01,76.9,U of Michigan Consumer Sentiment (Monthly)
UMCSENT,2020-12-01,80.7,U of Michigan Consumer Sentiment (Monthly)
UMCSENT,2021-01-01,79.0,U of Michigan Consumer Sentiment (Monthly)
UMCSENT,2021-02-01,76.8,U of Michigan Consumer Sentiment (Monthly)
UMCSENT,2021-03-01,84.9,U of Michigan Consumer Sentiment (Monthly)
UMCSENT,2021-04-01,88.3,U of Michigan Consumer Sentiment (Monthly)
UMCSENT,2021-05-01,82.9,U of Michigan Consumer Sentiment (Monthly)
UMCSENT,2021-06-01,85.5,U of Michigan Consumer Sentiment (Monthly)
UMCSENT,2021-07-01,81.2,U of Michigan Consumer Sentiment (Monthly)
UMCSENT,2021-08-01,70.3,U of Michigan Consumer Sentiment (Monthly)
UMCSENT,2021-09-01,72.8,U of Michigan Consumer Sentiment (Monthly)
UMCSENT,2021-10-01,71.7,U of Michigan Consumer Sentiment (Monthly)
UMCSENT,2021-11-01,67.4,U of Michigan Consumer Sentiment (Monthly)
UMCSENT,2021-12-01,70.6,U of Michigan Consumer Sentiment (Monthly)
UMCSENT,2022-01-01,67.2,U of Michigan Consumer Sentiment (Monthly)
UMCSENT,2022-02-01,62.8,U of Michigan Consumer Sentiment (Monthly)
UMCSENT,2022-03-01,59.4,U of Michigan Consumer Sentiment (Monthly)
UMCSENT,2022-04-01,65.2,U of Michigan Consumer Sentiment (Monthly)
UMCSENT,2022-05-01,58.4,U of Michigan Consumer Sentiment (Monthly)
UMCSENT,2022-06-01,50.0,U of Michigan Consumer Sentiment (Monthly)
UMCSENT,2022-07-01,51.5,U of Michigan Consumer Sentiment (Monthly)
UMCSENT,2022-08-01,58.2,U of Michigan Consumer Sentiment (Monthly)
UMCSENT,2022-09-01,58.6,U of Michigan Consumer Sentiment (Monthly)
UMCSENT,2022-10-01,59.9,U of Michigan Consumer Sentiment (Monthly)
UMCSENT,2022-11-01,56.7,U of Michigan Consumer Sentiment (Monthly)
UMCSENT,2022-12-01,59.8,U of Michigan Consumer Sentiment (Monthly)
UMCSENT,2023-01-01,64.9,U of Michigan Consumer Sentiment (Monthly)
UMCSENT,2023-02-01,66.9,U of Michigan Consumer Sentiment (Monthly)
UMCSENT,2023-03-01,62.0,U of Michigan Consumer Sentiment (Monthly)
UMCSENT,2023-04-01,63.7,U of Michigan Consumer Sentiment (Monthly)
UMCSENT,2023-05-01,59.0,U of Michigan Consumer Sentiment (Monthly)
UMCSENT,2023-06-01,64.2,U of Michigan Consumer Sentiment (Monthly)
UMCSENT,2023-07-01,71.5,U of Michigan Consumer Sentiment (Monthly)
UMCSENT,2023-08-01,69.4,U of Michigan Consumer Sentiment (Monthly)
UMCSENT,2023-09-01,67.8,U of Michigan Consumer Sentiment (Monthly)
UMCSENT,2023-10-01,63.8,U of Michigan Consumer Sentiment (Monthly)
UMCSENT,2023-11-01,61.3,U of Michigan Consumer Sentiment (Monthly)
UMCSENT,2023-12-01,69.7,U of Michigan Consumer Sentiment (Monthly)
UMCSENT,2024-01-01,79.0,U of Michigan Consumer Sentiment (Monthly)
UMCSENT,2024-02-01,76.9,U of Michigan Consumer Sentiment (Monthly)
UMCSENT,2024-03-01,79.4,U of Michigan Consumer Sentiment (Monthly)
UMCSENT,2024-04-01,77.2,U of Michigan Consumer Sentiment (Monthly)
UMCSENT,2024-05-01,69.1,U of Michigan Consumer Sentiment (Monthly)
UMCSENT,2024-06-01,68.2,U of Michigan Consumer Sentiment (Monthly)
UMCSENT,2024-07-01,66.4,U of Michigan Consumer Sentiment (Monthly)
UMCSENT,2024-08-01,67.9,U of Michigan Consumer Sentiment (Monthly)
UMCSENT,2024-09-01,70.1,U of Michigan Consumer Sentiment (Monthly)
UMCSENT,2024-10-01,70.5,U of Michigan Consumer Sentiment (Monthly)
UMCSENT,2024-11-01,71.8,U of Michigan Consumer Sentiment (Monthly)
UMCSENT,2024-12-01,74.0,U of Michigan Consumer Sentiment (Monthly)
UMCSENT,2025-01-01,71.7,U of Michigan Consumer Sentiment (Monthly)
UMCSENT,2025-02-01,64.7,U of Michigan Consumer Sentiment (Monthly)
UMCSENT,2025-03-01,57.0,U of Michigan Consumer Sentiment (Monthly)
UMCSENT,2025-04-01,52.2,U of Michigan Consumer Sentiment (Monthly)
UMCSENT,2025-05-01,52.2,U of Michigan Consumer Sentiment (Monthly)
UMCSENT,2025-06-01,60.7,U of Michigan Consumer Sentiment (Monthly)
